codigo_ibge,nome,uf,latitude,longitude,populacao,pib_per_capita
1200013,Acrelândia,AC,-9.82581,-66.8972,14021,28438
1200054,Assis Brasil,AC,-10.9298,-69.5738,8100,16533
1200104,Brasiléia,AC,-10.995,-68.7497,26000,26371
1200138,Bujari,AC,-9.81528,-67.955,12917,23289
1200179,Capixaba,AC,-10.566,-67.686,10392,49303
1200203,Cruzeiro do Sul,AC,-7.62762,-72.6756,91888,22404
1200252,Epitaciolândia,AC,-11.0188,-68.7341,18757,34363
1200302,Feijó,AC,-8.17054,-70.351,35426,16006
1200328,Jordão,AC,-9.1908,-71.9503,9222,12359
1200344,Manoel Urbano,AC,-8.83291,-69.2679,11996,15414
1200351,Marechal Thaumaturgo,AC,-8.93898,-72.7997,17093,15027
1200336,Mâncio Lima,AC,-7.61657,-72.8997,19294,13953
1200385,Plácido de Castro,AC,-10.2806,-67.1371,16560,36321
1200807,Porto Acre,AC,-9.58138,-67.5478,16693,28234
1200393,Porto Walter,AC,-8.26323,-72.7537,10735,14954
1200401,Rio Branco,AC,-9.97499,-67.8243,364756,30036
1200427,Rodrigues Alves,AC,-7.73864,-72.661,14938,17114
1200435,Santa Rosa do Purus,AC,-9.44652,-70.4902,6723,16145
1200500,Sena Madureira,AC,-9.06596,-68.6571,41343,18095
1200450,Senador Guiomard,AC,-10.1497,-67.7362,21454,36342
1200609,Tarauacá,AC,-8.15697,-70.7722,43467,16378
1200708,Xapuri,AC,-10.6516,-68.4969,18243,24940
2700201,Anadia,AL,-9.68489,-36.3078,13966,17936
2700300,Arapiraca,AL,-9.75487,-36.6615,234696,25208
2700409,Atalaia,AL,-9.5119,-36.0086,37512,39999
2700508,Barra de Santo Antônio,AL,-9.4023,-35.5101,16365,16013
2700607,Barra de São Miguel,AL,-9.83842,-35.9057,7944,30017
2700706,Batalha,AL,-9.6742,-37.133,16448,13982
2700904,Belo Monte,AL,-9.82272,-37.277,5936,25507
2700805,Belém,AL,-9.57047,-36.4904,4722,40520
2701001,Boca da Mata,AL,-9.64308,-36.2125,21187,23886
2701100,Branquinha,AL,-9.23342,-36.0162,9603,80749
2701209,Cacimbinhas,AL,-9.40121,-36.9911,10482,13403
2701308,Cajueiro,AL,-9.3994,-36.1559,16024,12975
2701357,Campestre,AL,-8.84723,-35.5685,6665,13170
2701407,Campo Alegre,AL,-9.78451,-36.3525,32106,22886
2701506,Campo Grande,AL,-9.95542,-36.7926,8143,13035
2701605,Canapi,AL,-9.11932,-37.5967,15559,10703
2701704,Capela,AL,-9.41504,-36.0826,15032,16500
2701803,Carneiros,AL,-9.48476,-37.3773,8999,10090
2701902,Chã Preta,AL,-9.2556,-36.2983,5910,29694
2702009,Coité do Nóia,AL,-9.63348,-36.5845,10810,19567
2702108,Colônia Leopoldina,AL,-8.91806,-35.7214,15816,25127
2702207,Coqueiro Seco,AL,-9.63715,-35.7994,5581,17211
2702306,Coruripe,AL,-10.1276,-36.1717,50414,35359
2702355,Craíbas,AL,-9.6178,-36.7697,25397,18930
2702405,Delmiro Gouveia,AL,-9.38534,-37.9987,51318,13132
2702504,Dois Riachos,AL,-9.38465,-37.0965,9805,10737
2702553,Estrela de Alagoas,AL,-9.39089,-36.7644,15429,10004
2702603,Feira Grande,AL,-9.89859,-36.6815,22712,18827
2702702,Feliz Deserto,AL,-10.2935,-36.3028,3963,41391
2702801,Flexeiras,AL,-9.27281,-35.7139,9618,30962
2702900,Girau do Ponciano,AL,-9.88404,-36.8316,36102,15224
2703007,Ibateguara,AL,-8.97823,-35.9373,13731,14310
2703106,Igaci,AL,-9.53768,-36.6372,23995,13001
2703205,Igreja Nova,AL,-10.1235,-36.6597,21372,26758
2703304,Inhapi,AL,-9.22594,-37.7509,15167,11523
2703403,Jacaré dos Homens,AL,-9.63545,-37.2076,5083,14747
2703502,Jacuípe,AL,-8.83951,-35.4591,5352,36347
2703601,Japaratinga,AL,-9.08746,-35.2634,9219,27335
2703700,Jaramataia,AL,-9.66224,-37.0046,4985,15626
2703759,Jequiá da Praia,AL,-10.0133,-36.0142,9470,40341
2703809,Joaquim Gomes,AL,-9.1328,-35.7474,17150,30379
2703908,Jundiá,AL,-8.93297,-35.5669,4092,13392
2704005,Junqueiro,AL,-9.90696,-36.4803,23907,23009
2704104,Lagoa da Canoa,AL,-9.83291,-36.7413,18457,14794
2704203,Limoeiro de Anadia,AL,-9.74098,-36.5121,24740,27696
2704302,Maceió,AL,-9.66599,-35.735,957916,28693
2704401,Major Isidoro,AL,-9.53009,-36.992,17700,16016
2704906,Mar Vermelho,AL,-9.44739,-36.3881,3155,16149
2704500,Maragogi,AL,-9.00744,-35.2267,32174,34777
2704609,Maravilha,AL,-9.23045,-37.3524,9534,9519
2704708,Marechal Deodoro,AL,-9.70971,-35.8967,60370,56479
2704807,Maribondo,AL,-9.58353,-36.3045,13679,13744
2705002,Mata Grande,AL,-9.11824,-37.7323,21844,16235
2705101,Matriz de Camaragibe,AL,-9.15437,-35.5243,23857,16176
2705200,Messias,AL,-9.39384,-35.8392,15405,14354
2705309,Minador do Negrão,AL,-9.31236,-36.8696,4845,15380
2705408,Monteirópolis,AL,-9.60357,-37.2505,7184,10906
2705507,Murici,AL,-9.30682,-35.9428,25187,23352
2705606,Novo Lino,AL,-8.94191,-35.664,10020,18688
2705903,Olho d'Água Grande,AL,-10.0572,-36.8101,4330,16208
2705705,Olho d'Água das Flores,AL,-9.53686,-37.2971,20695,13134
2705804,Olho d'Água do Casado,AL,-9.50357,-37.8301,8349,11134
2706000,Olivença,AL,-9.51954,-37.1954,10812,10070
2706109,Ouro Branco,AL,-9.15884,-37.3556,11446,9652
2706208,Palestina,AL,-9.67493,-37.339,4325,10619
2706307,Palmeira dos Índios,AL,-9.40568,-36.6328,71574,16509
2706422,Pariconha,AL,-9.25634,-37.9988,10573,13715
2706448,Paripueira,AL,-9.46313,-35.552,13835,17118
2706505,Passo de Camaragibe,AL,-9.24511,-35.4745,13804,24439
2706604,Paulo Jacinto,AL,-9.36792,-36.3672,6576,16055
2706703,Penedo,AL,-10.2874,-36.5819,58650,16777
2706802,Piaçabuçu,AL,-10.406,-36.434,15908,28817
2706901,Pilar,AL,-9.60135,-35.9543,35370,19119
2707008,Pindoba,AL,-9.47382,-36.2918,2731,21767
2707107,Piranhas,AL,-9.624,-37.757,22609,15218
2707305,Porto Calvo,AL,-9.05195,-35.3987,24071,17154
2707503,Porto Real do Colégio,AL,-10.1849,-36.8376,20082,13390
2707404,Porto de Pedras,AL,-9.16006,-35.3049,9295,35851
2707206,Poço das Trincheiras,AL,-9.30742,-37.2889,12518,10036
2706406,Pão de Açúcar,AL,-9.74032,-37.4403,23823,11193
2707602,Quebrangulo,AL,-9.32001,-36.4692,11080,17065
2707701,Rio Largo,AL,-9.47783,-35.8394,93927,15151
2707800,Roteiro,AL,-9.83503,-35.9782,6474,31534
2707909,Santa Luzia do Norte,AL,-9.6037,-35.8232,6919,40093
2708006,Santana do Ipanema,AL,-9.36999,-37.248,46220,13984
2708105,Santana do Mundaú,AL,-9.17141,-36.2176,11323,124401
2708907,Satuba,AL,-9.56911,-35.8227,24278,10751
2708956,Senador Rui Palmeira,AL,-9.46986,-37.4576,12303,9851
2708204,São Brás,AL,-10.1141,-36.8522,6555,19732
2708303,São José da Laje,AL,-9.01278,-36.0515,20813,28252
2708402,São José da Tapera,AL,-9.55768,-37.3831,30604,10876
2708501,São Luís do Quitunde,AL,-9.31816,-35.5606,30873,30568
2708600,São Miguel dos Campos,AL,-9.78301,-36.0971,51990,26410
2708709,São Miguel dos Milagres,AL,-9.26493,-35.3763,8482,28707
2708808,São Sebastião,AL,-9.93043,-36.559,31786,27021
2709004,Tanque d'Arca,AL,-9.53379,-36.4366,5796,15903
2709103,Taquarana,AL,-9.64529,-36.4928,19032,26841
2709152,Teotônio Vilela,AL,-9.91656,-36.3492,38053,35682
2709202,Traipu,AL,-9.96262,-37.0071,23565,12603
2709301,União dos Palmares,AL,-9.15921,-36.0223,59280,23890
2709400,Viçosa,AL,-9.36763,-36.2431,24092,24664
2700102,Água Branca,AL,-9.262,-37.938,19008,10664
1300029,Alvarães,AM,-3.22727,-64.8007,15866,13698
1300060,Amaturá,AM,-3.37455,-68.2005,10819,10987
1300086,Anamã,AM,-3.56697,-61.3963,9962,13913
1300102,Anori,AM,-3.74603,-61.6575,17194,14449
1300144,Apuí,AM,-7.19409,-59.896,20647,14424
1300201,Atalaia do Norte,AM,-4.37055,-70.1967,15314,12077
1300300,Autazes,AM,-3.58574,-59.1256,41564,12182
1300409,Barcelos,AM,-0.983373,-62.9311,18834,13041
1300508,Barreirinha,AM,-2.79886,-57.0679,31051,11107
1300607,Benjamin Constant,AM,-4.37768,-70.0342,37648,10327
1300631,Beruri,AM,-3.89874,-61.3616,20718,10226
1300680,Boa Vista do Ramos,AM,-2.97409,-57.5873,23785,7669
1300706,Boca do Acre,AM,-8.74232,-67.3919,35447,14467
1300805,Borba,AM,-4.39154,-59.5874,33080,12156
1300839,Caapiranga,AM,-3.31537,-61.2206,13469,13208
1300904,Canutama,AM,-6.52582,-64.3953,16869,9148
1301001,Carauari,AM,-4.88161,-66.9086,28742,12896
1301100,Careiro,AM,-3.76803,-60.369,30792,12834
1301159,Careiro da Várzea,AM,-3.314,-59.5557,19637,21051
1301209,Coari,AM,-4.09412,-63.1441,70616,47869
1301308,Codajás,AM,-3.83053,-62.0658,23549,22591
1301407,Eirunepé,AM,-6.65677,-69.8662,33170,17125
1301506,Envira,AM,-7.43789,-70.0281,17186,12541
1301605,Fonte Boa,AM,-2.52342,-66.0942,25871,8611
1301654,Guajará,AM,-7.53797,-72.5907,13815,12835
1301704,Humaitá,AM,-7.51171,-63.0327,57473,14966
1301803,Ipixuna,AM,-7.04791,-71.6934,24311,8906
1301852,Iranduba,AM,-3.27479,-60.19,61163,16380
1301902,Itacoatiara,AM,-3.13861,-58.4449,103598,22688
1301951,Itamarati,AM,-6.43852,-68.2437,10937,12400
1302009,Itapiranga,AM,-2.74081,-58.0293,10162,15008
1302108,Japurá,AM,-1.88237,-66.9291,8858,9687
1302207,Juruá,AM,-3.48438,-66.0718,10742,12854
1302306,Jutaí,AM,-2.75814,-66.7595,25172,10582
1302405,Lábrea,AM,-7.26413,-64.7948,45448,13756
1302504,Manacapuru,AM,-3.29066,-60.6216,101883,15161
1302553,Manaquiri,AM,-3.44078,-60.4612,17107,18199
1302603,Manaus,AM,-3.11866,-60.0212,2063689,50047
1302702,Manicoré,AM,-5.80462,-61.2895,53914,12729
1302801,Maraã,AM,-1.85313,-65.573,15529,11348
1302900,Maués,AM,-3.39289,-57.7067,61204,9735
1303007,Nhamundá,AM,-2.20793,-56.7112,20136,10280
1303106,Nova Olinda do Norte,AM,-3.90037,-59.094,27062,12625
1303205,Novo Airão,AM,-2.63637,-60.9434,15761,11835
1303304,Novo Aripuanã,AM,-5.12593,-60.3732,23818,10598
1303403,Parintins,AM,-2.63741,-56.729,96372,14807
1303502,Pauini,AM,-7.71311,-66.992,19373,10300
1303536,Presidente Figueiredo,AM,-2.02981,-60.0234,30668,33648
1303569,Rio Preto da Eva,AM,-2.7045,-59.6858,24936,16328
1303601,Santa Isabel do Rio Negro,AM,-0.410824,-65.0092,14164,13119
1303700,Santo Antônio do Içá,AM,-3.09544,-67.9463,28211,8412
1304005,Silves,AM,-2.81748,-58.248,11559,15143
1303809,São Gabriel da Cachoeira,AM,-0.11909,-67.084,51795,8168
1303908,São Paulo de Olivença,AM,-3.47292,-68.9646,32967,10135
1303957,São Sebastião do Uatumã,AM,-2.55915,-57.8731,11670,11706
1304062,Tabatinga,AM,-4.2416,-69.9383,66764,11354
1304104,Tapauá,AM,-5.62085,-63.1808,19599,12243
1304203,Tefé,AM,-3.36822,-64.7193,73669,14910
1304237,Tonantins,AM,-2.86582,-67.7919,19247,9633
1304260,Uarini,AM,-2.99609,-65.1133,14431,15883
1304302,Urucará,AM,-2.52936,-57.7538,18631,11038
1304401,Urucurituba,AM,-3.12841,-58.1496,23945,9716
1600105,Amapá,AP,2.05267,-50.7957,7943,20084
1600204,Calçoene,AP,2.50475,-50.9512,10612,17608
1600212,Cutias,AP,0.970761,-50.8005,4461,21294
1600238,Ferreira Gomes,AP,0.857256,-51.1795,6666,86819
1600253,Itaubal,AP,0.602185,-50.6996,5599,15695
1600279,Laranjal do Jari,AP,-0.804911,-52.453,35114,32310
1600303,Macapá,AP,0.034934,-51.0694,442933,29210
1600402,Mazagão,AP,-0.11336,-51.2891,21924,17104
1600501,Oiapoque,AP,3.84074,-51.8331,27482,19251
1600154,Pedra Branca do Amapari,AP,0.777424,-51.9503,12847,35287
1600535,Porto Grande,AP,0.71243,-51.4155,17848,20970
1600550,Pracuúba,AP,1.74543,-50.7892,3803,22240
1600600,Santana,AP,-0.045434,-51.1729,107618,23350
1600055,Serra do Navio,AP,0.901357,-52.0036,4673,19717
1600709,Tartarugalzinho,AP,1.50652,-50.9087,12945,20168
1600808,Vitória do Jari,AP,-0.938,-52.424,11291,20981
2900207,Abaré,BA,-8.72073,-39.1162,17639,11819
2900108,Abaíra,BA,-13.2488,-41.6619,7301,9593
2900306,Acajutiba,BA,-11.6575,-38.0197,13795,10463
2900355,Adustina,BA,-10.5437,-38.1113,14201,16936
2900603,Aiquara,BA,-14.1269,-39.8937,4447,12075
2900702,Alagoinhas,BA,-12.1335,-38.4208,151055,30012
2900801,Alcobaça,BA,-17.5195,-39.2036,24530,14167
2900900,Almadina,BA,-14.7089,-39.6415,5218,12043
2901007,Amargosa,BA,-13.0215,-39.602,36521,12684
2901106,Amélia Rodrigues,BA,-12.3914,-38.7563,24138,18138
2901155,América Dourada,BA,-11.4429,-41.439,15137,11090
2901205,Anagé,BA,-14.6151,-41.1356,25438,8837
2901304,Andaraí,BA,-12.8049,-41.3297,13080,10272
2901353,Andorinha,BA,-10.3482,-39.8391,15012,14872
2901403,Angical,BA,-12.0063,-44.7003,13732,13864
2901502,Anguera,BA,-12.1462,-39.2462,11031,7141
2901601,Antas,BA,-10.3856,-38.3401,14206,11306
2901700,Antônio Cardoso,BA,-12.4335,-39.1176,11146,11147
2901809,Antônio Gonçalves,BA,-10.5767,-40.2785,10862,7603
2901908,Aporá,BA,-11.6577,-38.0814,15922,9324
2901957,Apuarema,BA,-13.8542,-39.7501,6913,10736
2902005,Aracatu,BA,-14.428,-41.4648,13936,10449
2902104,Araci,BA,-11.3253,-38.9584,48294,10166
2902203,Aramari,BA,-12.0884,-38.4969,9833,10544
2902252,Arataca,BA,-15.2651,-39.419,10191,9944
2902302,Aratuípe,BA,-13.0716,-39.0038,8677,9219
2902054,Araças,BA,-12.22,-38.2027,11557,25863
2902401,Aurelino Leal,BA,-14.321,-39.329,11179,12245
2902500,Baianópolis,BA,-12.3016,-44.5388,13614,19368
2902609,Baixa Grande,BA,-11.9519,-40.169,18220,10674
2902658,Banzaê,BA,-10.5788,-38.6212,11958,9491
2902708,Barra,BA,-11.0859,-43.1459,51092,8422
2902807,Barra da Estiva,BA,-13.6237,-41.3347,26026,14483
2902906,Barra do Choça,BA,-14.8654,-40.5791,36539,15688
2903003,Barra do Mendes,BA,-11.81,-42.059,13836,8358
2903102,Barra do Rocha,BA,-14.2,-39.5991,5775,13479
2903201,Barreiras,BA,-12.1439,-44.9968,159734,43870
2903235,Barro Alto,BA,-11.7605,-41.9054,13453,8381
2903300,Barro Preto,BA,-14.7948,-39.476,5833,13693
2903276,Barrocas,BA,-11.5272,-39.0776,15203,22750
2903409,Belmonte,BA,-15.8608,-38.8758,20121,18568
2903508,Belo Campo,BA,-15.0334,-41.2652,18412,9197
2903607,Biritinga,BA,-11.6072,-38.8051,15146,9590
2903706,Boa Nova,BA,-14.3598,-40.2064,13690,8146
2903805,Boa Vista do Tupim,BA,-12.6498,-40.6064,16873,9197
2903904,Bom Jesus da Lapa,BA,-13.2506,-43.4108,65550,20703
2903953,Bom Jesus da Serra,BA,-14.3663,-40.5126,9730,7185
2904001,Boninal,BA,-12.7069,-41.8286,13622,8644
2904050,Bonito,BA,-11.9668,-41.2647,15844,17081
2904100,Boquira,BA,-12.8205,-42.7324,19322,9768
2904209,Botuporã,BA,-13.3772,-42.5163,11024,9968
2904407,Brejolândia,BA,-12.4815,-43.9679,9108,13852
2904308,Brejões,BA,-13.1039,-39.7988,12943,11141
2904506,Brotas de Macaúbas,BA,-11.9915,-42.6326,11765,8190
2904605,Brumado,BA,-14.2021,-41.6696,70510,25270
2904704,Buerarema,BA,-14.9595,-39.3028,14804,14126
2904753,Buritirama,BA,-10.7171,-43.6302,19589,7903
2904803,Caatiba,BA,-14.9699,-40.4092,6205,12463
2904852,Cabaceiras do Paraguaçu,BA,-12.5317,-39.1902,16559,8518
2904902,Cachoeira,BA,-12.5994,-38.9587,29250,16381
2905008,Caculé,BA,-14.5003,-42.2229,22462,16187
2905156,Caetanos,BA,-14.3347,-40.9175,11266,9095
2905206,Caetité,BA,-14.0684,-42.4861,52012,21117
2905305,Cafarnaum,BA,-11.6914,-41.4688,17466,12443
2905404,Cairu,BA,-13.4904,-39.0465,17761,84953
2905503,Caldeirão Grande,BA,-11.0208,-40.2956,13080,7789
2905602,Camacan,BA,-15.4142,-39.4919,22579,15683
2905800,Camamu,BA,-13.9398,-39.1071,30469,15364
2905701,Camaçari,BA,-12.6996,-38.3263,300372,113163
2905909,Campo Alegre de Lourdes,BA,-9.52221,-43.0126,30671,9622
2906006,Campo Formoso,BA,-10.5105,-40.32,71377,29031
2906204,Canarana,BA,-11.6858,-41.7677,24206,10679
2906303,Canavieiras,BA,-15.6722,-38.9536,32683,12083
2906402,Candeal,BA,-11.8049,-39.1203,7772,8716
2906501,Candeias,BA,-12.6716,-38.5472,72382,94291
2906600,Candiba,BA,-14.4097,-42.8667,13016,10795
2906808,Cansanção,BA,-10.6647,-39.4944,37439,9409
2906824,Canudos,BA,-9.90014,-39.1471,16105,9496
2906105,Canápolis,BA,-13.0725,-44.201,10225,8296
2906857,Capela do Alto Alegre,BA,-11.6658,-39.8349,10744,12039
2906873,Capim Grosso,BA,-11.3797,-40.0089,33235,17433
2906907,Caravelas,BA,-17.7268,-39.2597,20580,17388
2906899,Caraíbas,BA,-14.7177,-41.2603,9940,8664
2907004,Cardeal da Silva,BA,-11.9472,-37.9469,8365,14088
2907103,Carinhanha,BA,-14.2985,-43.7724,28869,9990
2907202,Casa Nova,BA,-9.16408,-40.974,72086,12137
2907301,Castro Alves,BA,-12.7579,-39.4248,24712,12821
2907400,Catolândia,BA,-12.31,-44.8648,3434,23560
2907509,Catu,BA,-12.3513,-38.3791,48148,14435
2907558,Caturama,BA,-13.3239,-42.2904,8841,8843
2905107,Caém,BA,-11.0677,-40.432,10384,8881
2907608,Central,BA,-11.1376,-42.1116,16348,9448
2907707,Chorrochó,BA,-8.9695,-39.0979,10579,9961
2907905,Cipó,BA,-11.1032,-38.5179,17230,9002
2908002,Coaraci,BA,-14.637,-39.5556,17333,11011
2908101,Cocos,BA,-14.1814,-44.5352,19151,29202
2908200,Conceição da Feira,BA,-12.5078,-38.9978,20800,18069
2908309,Conceição do Almeida,BA,-12.7836,-39.1715,15794,12670
2908408,Conceição do Coité,BA,-11.56,-39.2808,67825,13027
2908507,Conceição do Jacuípe,BA,-12.3268,-38.7684,35308,78212
2908606,Conde,BA,-11.8179,-37.6131,23654,12194
2908705,Condeúba,BA,-14.9022,-41.9718,17053,10013
2908804,Contendas do Sincorá,BA,-13.7537,-41.048,4333,11702
2908903,Coração de Maria,BA,-12.2333,-38.7487,26692,8464
2909000,Cordeiros,BA,-15.0356,-41.9308,7546,9358
2909109,Coribe,BA,-13.8232,-44.4586,13990,12080
2909208,Coronel João Sá,BA,-10.2847,-37.9198,17056,10264
2909307,Correntina,BA,-13.3477,-44.6333,32457,101076
2909406,Cotegipe,BA,-12.0228,-44.2566,13063,13110
2909505,Cravolândia,BA,-13.3531,-39.8031,4415,10386
2909703,Cristópolis,BA,-12.2249,-44.4214,13993,11279
2909604,Crisópolis,BA,-11.5059,-38.1515,19729,10432
2909802,Cruz das Almas,BA,-12.6675,-39.1008,60348,17266
2909901,Curaçá,BA,-8.98458,-39.8997,34180,10383
2906709,Cândido Sales,BA,-15.4993,-41.2414,25247,9682
2907806,Cícero Dantas,BA,-10.5897,-38.3794,30907,12925
2910057,Dias d'Ávila,BA,-12.6187,-38.2926,71485,42697
2910107,Dom Basílio,BA,-13.7565,-41.7677,11884,11958
2910206,Dom Macedo Costa,BA,-12.9016,-39.1923,4407,9818
2910008,Dário Meira,BA,-14.4229,-39.9031,10820,11648
2910305,Elísio Medrado,BA,-12.9417,-39.5191,7808,9808
2910404,Encruzilhada,BA,-15.5302,-40.9124,19107,13397
2910503,Entre Rios,BA,-11.9392,-38.0871,38098,17872
2910602,Esplanada,BA,-11.7942,-37.9432,32554,22469
2910701,Euclides da Cunha,BA,-10.5078,-39.0153,61456,12929
2910727,Eunápolis,BA,-16.3715,-39.5821,113710,28184
2910776,Feira da Mata,BA,-14.2044,-44.2744,5631,11189
2910800,Feira de Santana,BA,-12.2664,-38.9663,616272,28052
2910859,Filadélfia,BA,-10.7405,-40.1437,17897,7768
2910909,Firmino Alves,BA,-14.9823,-39.9269,4873,14562
2911006,Floresta Azul,BA,-14.8629,-39.6579,11059,9175
2911105,Formosa do Rio Preto,BA,-11.0328,-45.193,25899,177965
2910750,Fátima,BA,-10.616,-38.2239,17895,15635
2911204,Gandu,BA,-13.7441,-39.4747,32178,14318
2911253,Gavião,BA,-11.4688,-39.7757,4360,11443
2911303,Gentio do Ouro,BA,-11.4342,-42.5077,10884,12258
2911402,Glória,BA,-9.34382,-38.2544,15524,16369
2911501,Gongogi,BA,-14.3195,-39.469,5555,13750
2911600,Governador Mangabeira,BA,-12.5994,-39.0412,20605,10766
2911659,Guajeru,BA,-14.5467,-41.9381,8050,8516
2911709,Guanambi,BA,-14.2231,-42.7799,87817,18814
2911808,Guaratinga,BA,-16.5833,-39.7847,19049,14662
2911857,Heliópolis,BA,-10.6825,-38.2907,12309,11414
2911907,Iaçu,BA,-12.7666,-40.2056,24607,9621
2912004,Ibiassucê,BA,-14.2711,-42.257,10429,9464
2912103,Ibicaraí,BA,-14.8579,-39.5914,21665,9531
2912202,Ibicoara,BA,-13.4059,-41.284,20785,21313
2912301,Ibicuí,BA,-14.845,-39.9879,13934,14069
2912400,Ibipeba,BA,-11.6438,-42.0195,16603,10699
2912509,Ibipitanga,BA,-12.8804,-42.4856,13863,8450
2912608,Ibiquera,BA,-12.6444,-40.9338,3725,10014
2912707,Ibirapitanga,BA,-14.1649,-39.3787,25344,11274
2912806,Ibirapuã,BA,-17.6832,-40.1129,8896,50669
2912905,Ibirataia,BA,-14.0643,-39.6459,18792,11015
2913002,Ibitiara,BA,-12.6502,-42.2179,14637,7757
2913101,Ibititá,BA,-11.5414,-41.9748,16969,9155
2913200,Ibotirama,BA,-12.1779,-43.2167,26309,15781
2913309,Ichu,BA,-11.7431,-39.1905,6190,9100
2913408,Igaporã,BA,-13.774,-42.7155,15527,12764
2913457,Igrapiúna,BA,-13.8295,-39.1361,13151,16053
2913507,Iguaí,BA,-14.7528,-40.0894,21491,11452
2913606,Ilhéus,BA,-14.793,-39.046,178649,28914
2913705,Inhambupe,BA,-11.781,-38.355,33790,18512
2913804,Ipecaetá,BA,-12.3028,-39.3069,13709,7662
2913903,Ipiaú,BA,-14.1226,-39.7353,40706,13945
2914000,Ipirá,BA,-12.1561,-39.7359,56876,11676
2914109,Ipupiara,BA,-11.8219,-42.6179,9935,10095
2914208,Irajuba,BA,-13.2563,-40.0848,6101,12780
2914307,Iramaia,BA,-13.2902,-40.9595,10752,9540
2914406,Iraquara,BA,-12.2429,-41.6155,23879,37595
2914505,Irará,BA,-12.0504,-38.7631,28043,10191
2914604,Irecê,BA,-11.3033,-41.8535,74507,20556
2914653,Itabela,BA,-16.5732,-39.5593,28165,18249
2914703,Itaberaba,BA,-12.5242,-40.3059,65073,15302
2914802,Itabuna,BA,-14.7876,-39.2781,186708,22500
2914901,Itacaré,BA,-14.2784,-38.9959,27704,15416
2915007,Itaeté,BA,-12.9831,-40.9677,13472,9398
2915106,Itagi,BA,-14.1615,-40.0131,13803,9304
2915205,Itagibá,BA,-14.2782,-39.8449,15310,72019
2915304,Itagimirim,BA,-16.0819,-39.6133,6347,20085
2915353,Itaguaçu da Bahia,BA,-11.0147,-42.3997,12311,12399
2915403,Itaju do Colônia,BA,-15.1366,-39.7283,6037,14820
2915502,Itajuípe,BA,-14.6788,-39.3698,18781,13597
2915601,Itamaraju,BA,-17.0378,-39.5386,59605,18619
2915700,Itamari,BA,-13.7782,-39.683,7051,14657
2915809,Itambé,BA,-15.2429,-40.63,24394,12074
2915908,Itanagra,BA,-12.2614,-38.0436,5914,13836
2916005,Itanhém,BA,-17.1642,-40.3321,17813,16473
2916104,Itaparica,BA,-12.8932,-38.68,19789,12470
2916302,Itapebi,BA,-15.9551,-39.5329,9174,36582
2916401,Itapetinga,BA,-15.2475,-40.2482,65897,22249
2916500,Itapicuru,BA,-11.3088,-38.2262,31679,13847
2916609,Itapitanga,BA,-14.4139,-39.5657,10279,9204
2916203,Itapé,BA,-14.8876,-39.4239,10341,10283
2916708,Itaquara,BA,-13.4459,-39.9378,8153,12349
2916807,Itarantim,BA,-15.6528,-40.065,17052,19398
2916856,Itatim,BA,-12.7099,-39.6952,15737,27348
2916906,Itiruçu,BA,-13.529,-40.1472,10999,10961
2917003,Itiúba,BA,-10.6948,-39.8446,33872,10377
2917102,Itororó,BA,-15.11,-40.0684,16617,15088
2917201,Ituaçu,BA,-13.8107,-41.3003,17914,14321
2917300,Ituberá,BA,-13.7249,-39.1481,21902,16773
2917334,Iuiú,BA,-14.4054,-43.5595,11118,11989
2917359,Jaborandi,BA,-13.6071,-44.4255,9275,144925
2917409,Jacaraci,BA,-14.8541,-42.4329,14436,8502
2917508,Jacobina,BA,-11.1812,-40.5117,82590,22598
2917607,Jaguaquara,BA,-13.5248,-39.964,45964,14745
2917706,Jaguarari,BA,-10.2569,-40.1999,32703,36612
2917805,Jaguaripe,BA,-13.1109,-38.8939,17659,11711
2917904,Jandaíra,BA,-11.5616,-37.7853,9285,18105
2918001,Jequié,BA,-13.8509,-40.0877,158813,19996
2918100,Jeremoabo,BA,-10.0685,-38.3471,37626,13320
2918209,Jiquiriçá,BA,-13.2621,-39.5737,13629,11022
2918308,Jitaúna,BA,-14.0131,-39.8969,14355,12226
2918357,João Dourado,BA,-11.3486,-41.6548,24854,11941
2918407,Juazeiro,BA,-9.41622,-40.5033,237821,21792
2918456,Jucuruçu,BA,-16.8488,-40.1641,9655,13216
2918506,Jussara,BA,-11.0431,-41.9702,16354,6943
2918555,Jussari,BA,-15.192,-39.491,5888,12131
2918605,Jussiape,BA,-13.5155,-41.5882,7379,9302
2918704,Lafaiete Coutinho,BA,-13.6541,-40.2119,4075,13553
2918753,Lagoa Real,BA,-14.0334,-42.1328,14105,8471
2918803,Laje,BA,-13.1673,-39.4213,21052,13883
2919009,Lajedinho,BA,-12.3529,-40.9048,3527,17275
2919058,Lajedo do Tabocal,BA,-13.4663,-40.2204,7494,10444
2918902,Lajedão,BA,-17.6056,-40.3383,3845,29369
2919108,Lamarão,BA,-11.773,-38.887,9015,7209
2919157,Lapão,BA,-11.3851,-41.8286,25736,11742
2919207,Lauro de Freitas,BA,-12.8978,-38.321,203331,36014
2919306,Lençóis,BA,-12.5616,-41.3928,10774,15802
2919405,Licínio de Almeida,BA,-14.6842,-42.5095,11834,13279
2919504,Livramento de Nossa Senhora,BA,-13.6369,-41.8432,43903,13090
2919553,Luís Eduardo Magalhães,BA,-12.0956,-45.7866,107909,81858
2919603,Macajuba,BA,-12.1326,-40.3571,10454,8673
2919702,Macarani,BA,-15.5646,-40.4209,21599,10504
2919801,Macaúbas,BA,-13.0186,-42.6945,41859,10286
2919900,Macururé,BA,-9.16226,-39.0518,7256,9296
2919926,Madre de Deus,BA,-12.7446,-38.6153,18504,27873
2919959,Maetinga,BA,-14.6623,-41.4915,6973,7175
2920007,Maiquinique,BA,-15.624,-40.2587,8731,23475
2920106,Mairi,BA,-11.7107,-40.1437,17674,8976
2920205,Malhada,BA,-14.3371,-43.7686,15398,12206
2920304,Malhada de Pedras,BA,-14.3847,-41.8842,8670,9285
2920403,Manoel Vitorino,BA,-14.1476,-40.2399,13860,10082
2920452,Mansidão,BA,-10.7227,-44.0428,13919,6727
2920502,Maracás,BA,-13.4355,-40.4323,27620,23746
2920601,Maragogipe,BA,-12.776,-38.9175,35859,11217
2920700,Maraú,BA,-14.1035,-39.0137,24527,14002
2920809,Marcionílio Souza,BA,-13.0064,-40.5295,9267,10173
2920908,Mascote,BA,-15.5542,-39.3016,13544,11911
2921005,Mata de São João,BA,-12.5307,-38.3009,42566,30719
2921054,Matina,BA,-13.9109,-42.8439,10330,8872
2921104,Medeiros Neto,BA,-17.3707,-40.2238,22194,23171
2921203,Miguel Calmon,BA,-11.4299,-40.6031,24661,11060
2921302,Milagres,BA,-12.8646,-39.8611,11071,13009
2921401,Mirangaba,BA,-10.961,-40.574,15734,8981
2921450,Mirante,BA,-14.2385,-40.7718,10187,7709
2921500,Monte Santo,BA,-10.4374,-39.3321,47780,9619
2921609,Morpará,BA,-11.5569,-43.2766,7996,9827
2921708,Morro do Chapéu,BA,-11.5488,-41.1565,33594,18647
2921807,Mortugaba,BA,-15.0225,-42.3727,11143,9565
2921906,Mucugê,BA,-13.0053,-41.3703,12137,63853
2922003,Mucuri,BA,-18.0754,-39.5565,37977,58297
2922052,Mulungu do Morro,BA,-11.9648,-41.6374,13152,16177
2922102,Mundo Novo,BA,-11.8541,-40.4714,17305,11499
2922201,Muniz Ferreira,BA,-13.0092,-39.1092,7190,9285
2922250,Muquém de São Francisco,BA,-12.065,-43.5497,10443,20135
2922300,Muritiba,BA,-12.6329,-38.9921,28707,9633
2922409,Mutuípe,BA,-13.2284,-39.5044,20037,23494
2922508,Nazaré,BA,-13.0235,-39.0108,27060,12210
2922607,Nilo Peçanha,BA,-13.604,-39.1091,12063,15406
2922656,Nordestina,BA,-10.8192,-39.4297,18523,8676
2922706,Nova Canaã,BA,-14.7912,-40.1458,13715,12688
2922730,Nova Fátima,BA,-11.6031,-39.6302,7967,11939
2922755,Nova Ibiá,BA,-13.812,-39.6182,6501,15665
2922805,Nova Itarana,BA,-13.0241,-40.0653,7780,9413
2922854,Nova Redenção,BA,-12.815,-41.0748,7538,10014
2922904,Nova Soure,BA,-11.2329,-38.4871,24236,11198
2923001,Nova Viçosa,BA,-17.8926,-39.3743,39509,14576
2923035,Novo Horizonte,BA,-12.8083,-42.1682,11162,9417
2923050,Novo Triunfo,BA,-10.3182,-38.4014,10660,9741
2923100,Olindina,BA,-11.3497,-38.3379,22633,10688
2923209,Oliveira dos Brejinhos,BA,-12.3132,-42.8969,20715,14085
2923308,Ouriçangas,BA,-12.0175,-38.6166,7716,10442
2923357,Ourolândia,BA,-10.9578,-41.0756,19243,14540
2923407,Palmas de Monte Alto,BA,-14.2676,-43.1609,20078,11852
2923506,Palmeiras,BA,-12.5059,-41.5809,10339,10424
2923605,Paramirim,BA,-13.4388,-42.2395,20351,13293
2923704,Paratinga,BA,-12.687,-43.1798,29252,8899
2923803,Paripiranga,BA,-10.6859,-37.8626,26604,17074
2923902,Pau Brasil,BA,-15.4572,-39.6458,9370,11280
2924009,Paulo Afonso,BA,-9.3983,-38.2216,112870,35127
2924207,Pedro Alexandre,BA,-10.012,-37.8932,13954,8545
2924108,Pedrão,BA,-12.1491,-38.6487,6235,8377
2924306,Piatã,BA,-13.1465,-41.7702,20086,12078
2924405,Pilão Arcado,BA,-10.0051,-42.4936,35357,8234
2924504,Pindaí,BA,-14.4921,-42.686,14731,20124
2924603,Pindobaçu,BA,-10.7433,-40.3675,19083,8219
2924652,Pintadas,BA,-11.8117,-39.9009,10325,10578
2924678,Piraí do Norte,BA,-13.759,-39.3836,10974,10652
2924702,Piripá,BA,-14.9444,-41.7168,9152,8663
2924801,Piritiba,BA,-11.73,-40.5587,17566,10686
2924900,Planaltino,BA,-13.2618,-40.3695,8022,9865
2925006,Planalto,BA,-14.6654,-40.4718,23334,13272
2925204,Pojuca,BA,-12.4303,-38.3374,32136,57358
2925253,Ponto Novo,BA,-10.8653,-40.1311,17938,7941
2925303,Porto Seguro,BA,-16.4435,-39.0643,168326,22427
2925402,Potiraguá,BA,-15.5943,-39.8638,10274,11183
2925105,Poções,BA,-14.5234,-40.3634,48293,11864
2925501,Prado,BA,-17.3364,-39.2227,35003,17867
2925600,Presidente Dutra,BA,-11.2923,-41.9843,15130,8728
2925709,Presidente Jânio Quadros,BA,-14.6885,-41.6798,12621,7942
2925758,Presidente Tancredo Neves,BA,-13.4471,-39.4203,27734,12187
2924058,Pé de Serra,BA,-11.8313,-39.611,13243,9912
2925808,Queimadas,BA,-10.9736,-39.6293,25988,9912
2925907,Quijingue,BA,-10.7505,-39.2137,25272,9010
2925931,Quixabeira,BA,-11.4031,-40.12,9461,8137
2925956,Rafael Jambeiro,BA,-12.4053,-39.5007,19662,20171
2926004,Remanso,BA,-9.61944,-42.0848,40586,11977
2926103,Retirolândia,BA,-11.4832,-39.4234,13651,10967
2926400,Riacho de Santana,BA,-13.6059,-42.9397,30711,10343
2926202,Riachão das Neves,BA,-11.7508,-44.9143,21642,71151
2926301,Riachão do Jacuípe,BA,-11.8067,-39.3818,33386,12266
2926509,Ribeira do Amparo,BA,-11.0421,-38.4242,13841,13894
2926608,Ribeira do Pombal,BA,-10.8373,-38.5382,54010,13248
2926657,Ribeirão do Largo,BA,-15.4508,-40.7441,9740,11392
2927002,Rio Real,BA,-11.4814,-37.9332,35362,29153
2926707,Rio de Contas,BA,-13.5852,-41.8048,13184,11820
2926806,Rio do Antônio,BA,-14.4071,-42.0721,13146,8787
2926905,Rio do Pires,BA,-13.1185,-42.2902,10497,9558
2927101,Rodelas,BA,-8.85021,-38.78,10308,13910
2927200,Ruy Barbosa,BA,-12.2816,-40.4931,28282,13869
2927309,Salinas da Margarida,BA,-12.873,-38.7562,14987,13435
2927408,Salvador,BA,-12.9718,-38.5011,2417678,26050
2927606,Santa Brígida,BA,-9.73227,-38.1209,14965,7968
2927507,Santa Bárbara,BA,-11.9515,-38.9681,20952,8612
2927705,Santa Cruz Cabrália,BA,-16.2825,-39.0295,29185,18835
2927804,Santa Cruz da Vitória,BA,-14.964,-39.8115,4681,15204
2927903,Santa Inês,BA,-13.2793,-39.814,10300,7387
2928059,Santa Luzia,BA,-15.4342,-39.3287,13896,8937
2928109,Santa Maria da Vitória,BA,-13.3859,-44.2011,38604,15545
2928406,Santa Rita de Cássia,BA,-11.0063,-44.5255,27390,10432
2928505,Santa Teresinha,BA,-12.7697,-39.5215,10441,9703
2928000,Santaluz,BA,-11.2508,-39.375,37834,13793
2928208,Santana,BA,-12.9792,-44.0506,24755,13875
2928307,Santanópolis,BA,-12.0311,-38.8694,8716,7894
2928604,Santo Amaro,BA,-12.5472,-38.7137,56012,20308
2928703,Santo Antônio de Jesus,BA,-12.9614,-39.2584,103055,23769
2928802,Santo Estêvão,BA,-12.428,-39.2505,52276,17474
2929602,Sapeaçu,BA,-12.7208,-39.1824,17963,11861
2929750,Saubara,BA,-12.7387,-38.7625,11438,12784
2929800,Saúde,BA,-10.9428,-40.4155,10478,9830
2929909,Seabra,BA,-12.4169,-41.7722,46160,13542
2930006,Sebastião Laranjeiras,BA,-14.571,-42.9434,9360,11450
2930105,Senhor do Bonfim,BA,-10.4594,-40.1865,74523,13389
2930204,Sento Sé,BA,-9.74138,-41.8786,38154,44942
2930303,Serra Dourada,BA,-12.759,-43.9504,17066,11708
2930402,Serra Preta,BA,-12.156,-39.3305,17996,7678
2930154,Serra do Ramalho,BA,-13.5659,-43.5929,34222,12018
2930501,Serrinha,BA,-11.6584,-39.01,80435,13495
2930600,Serrolândia,BA,-11.4085,-40.2983,13335,8858
2930709,Simões Filho,BA,-12.7866,-38.4029,114559,55345
2930774,Sobradinho,BA,-9.45024,-40.8145,25475,33091
2930808,Souto Soares,BA,-12.088,-41.6427,17054,7966
2929701,Sátiro Dias,BA,-11.5929,-38.5938,16008,16099
2928901,São Desidério,BA,-12.3572,-44.9769,32828,178087
2928950,São Domingos,BA,-11.4649,-39.5268,8426,10483
2929107,São Felipe,BA,-12.8394,-39.0893,20283,10452
2929206,São Francisco do Conde,BA,-12.6183,-38.6786,38733,338086
2929008,São Félix,BA,-12.6104,-38.9727,11026,15660
2929057,São Félix do Coribe,BA,-13.4019,-44.1837,15194,15665
2929255,São Gabriel,BA,-11.2175,-41.8843,18600,8210
2929305,São Gonçalo dos Campos,BA,-12.4331,-38.9663,39513,29268
2929354,São José da Vitória,BA,-15.0787,-39.3437,5315,12626
2929370,São José do Jacuípe,BA,-11.4137,-39.8669,10187,12425
2929404,São Miguel das Matas,BA,-13.0434,-39.4578,10334,17087
2929503,São Sebastião do Passé,BA,-12.5123,-38.4905,40958,20747
2930758,Sítio do Mato,BA,-13.0801,-43.4689,13408,8944
2930766,Sítio do Quinto,BA,-10.3545,-38.2213,14773,6988
2930907,Tabocas do Brejo Velho,BA,-12.7026,-44.0075,11979,22378
2931004,Tanhaçu,BA,-14.0197,-41.2473,21006,12044
2931053,Tanque Novo,BA,-13.5485,-42.4934,17158,10641
2931103,Tanquinho,BA,-11.968,-39.1033,7717,8650
2931202,Taperoá,BA,-13.5321,-39.1009,18044,12277
2931301,Tapiramutá,BA,-11.8475,-40.7927,15818,9401
2931350,Teixeira de Freitas,BA,-17.5399,-39.74,145216,19802
2931400,Teodoro Sampaio,BA,-12.295,-38.6347,7110,24943
2931509,Teofilândia,BA,-11.4827,-38.9913,21176,9031
2931608,Teolândia,BA,-13.5896,-39.484,15332,14127
2931707,Terra Nova,BA,-12.3888,-38.6238,10798,15778
2931806,Tremedal,BA,-14.9736,-41.4142,16296,8197
2931905,Tucano,BA,-10.9584,-38.7894,48736,11174
2932002,Uauá,BA,-9.83325,-39.4794,24665,9518
2932200,Ubaitaba,BA,-14.303,-39.3222,17596,13894
2932309,Ubatã,BA,-14.2063,-39.5207,16094,13898
2932101,Ubaíra,BA,-13.2714,-39.666,18626,12293
2932408,Uibaí,BA,-11.3394,-42.1354,13432,13097
2932457,Umburanas,BA,-10.7339,-41.3234,13642,19295
2932507,Una,BA,-15.2791,-39.0765,18131,18414
2932606,Urandi,BA,-14.7678,-42.6498,15355,13003
2932705,Uruçuca,BA,-14.5963,-39.2851,21420,13819
2932804,Utinga,BA,-12.0783,-41.0954,16277,11407
2933000,Valente,BA,-11.4062,-39.457,24362,11018
2932903,Valença,BA,-13.3669,-39.073,85655,20321
2933174,Varzedo,BA,-12.9672,-39.3919,9913,13624
2933208,Vera Cruz,BA,-12.9568,-38.6153,42529,14151
2933257,Vereda,BA,-17.2183,-40.0974,6003,15441
2933307,Vitória da Conquista,BA,-14.8615,-40.8442,370879,22158
2933158,Várzea Nova,BA,-11.2557,-40.9432,13377,17322
2933059,Várzea da Roça,BA,-11.6005,-40.1328,13800,8113
2933109,Várzea do Poço,BA,-11.5273,-40.3149,8101,14342
2933406,Wagner,BA,-12.2819,-41.1715,9503,9414
2933455,Wanderley,BA,-12.1144,-43.8958,12968,12919
2933505,Wenceslau Guimarães,BA,-13.6908,-39.4762,24474,13543
2933604,Xique-Xique,BA,-10.823,-42.7245,44757,10296
2900405,Água Fria,BA,-11.8618,-38.7639,14497,10923
2900504,Érico Cardoso,BA,-13.4215,-42.1352,10604,7351
2300101,Abaiara,CE,-7.34588,-39.0416,10038,11752
2300150,Acarape,CE,-4.22083,-38.7055,14027,12832
2300200,Acaraú,CE,-2.88769,-40.1183,65264,15632
2300309,Acopiara,CE,-6.08911,-39.448,44962,12555
2300408,Aiuaba,CE,-6.57122,-40.1178,14076,10770
2300507,Alcântaras,CE,-3.58537,-40.5479,11369,8638
2300606,Altaneira,CE,-6.99837,-39.7356,6782,11008
2300705,Alto Santo,CE,-5.50894,-38.2743,14155,16409
2300754,Amontada,CE,-3.36017,-39.8288,42156,15786
2300804,Antonina do Norte,CE,-6.76919,-39.987,7245,10898
2300903,Apuiarés,CE,-3.94506,-39.4359,12928,9358
2301000,Aquiraz,CE,-3.89929,-38.3896,80645,47795
2301109,Aracati,CE,-4.55826,-37.7679,75113,22715
2301208,Aracoiaba,CE,-4.36872,-38.8125,25553,10426
2301257,Ararendá,CE,-4.74567,-40.831,11096,9624
2301307,Araripe,CE,-7.21319,-40.1359,19783,10513
2301406,Aratuba,CE,-4.41229,-39.0471,11224,13511
2301505,Arneiroz,CE,-6.3165,-40.1653,7429,9453
2301604,Assaré,CE,-6.8669,-39.8689,21697,10935
2301703,Aurora,CE,-6.93349,-38.9742,23714,9142
2301802,Baixio,CE,-6.71945,-38.7134,5704,11841
2301851,Banabuiú,CE,-5.30454,-38.9132,17195,15122
2301901,Barbalha,CE,-7.2982,-39.3021,75033,17928
2301950,Barreira,CE,-4.28921,-38.6429,22392,10719
2302008,Barro,CE,-7.17188,-38.7741,19381,12488
2302057,Barroquinha,CE,-3.02051,-41.1358,14567,9153
2302107,Baturité,CE,-4.32598,-38.8812,35218,12728
2302206,Beberibe,CE,-4.17741,-38.1271,53114,19938
2302305,Bela Cruz,CE,-3.04996,-40.1671,32775,9832
2302404,Boa Viagem,CE,-5.11258,-39.7337,50411,10696
2302503,Brejo Santo,CE,-7.48469,-38.9799,51090,15992
2302602,Camocim,CE,-2.9005,-40.8544,62326,13469
2302701,Campos Sales,CE,-7.06761,-40.3687,25135,11631
2302800,Canindé,CE,-4.35162,-39.3155,74174,12287
2302909,Capistrano,CE,-4.45569,-38.9048,17254,10247
2303006,Caridade,CE,-4.22514,-39.1912,16377,11368
2303204,Caririaçu,CE,-7.02808,-39.2828,26320,9617
2303105,Cariré,CE,-3.94858,-40.476,17632,10952
2303303,Cariús,CE,-6.52428,-39.4916,17015,10637
2303402,Carnaubal,CE,-4.15985,-40.9413,17210,9690
2303501,Cascavel,CE,-4.12967,-38.2412,72720,14774
2303600,Catarina,CE,-6.12291,-39.8736,10243,15045
2303659,Catunda,CE,-4.64336,-40.2,10444,10732
2303709,Caucaia,CE,-3.72797,-38.6619,355679,29304
2303808,Cedro,CE,-6.60034,-39.0609,22344,11069
2303907,Chaval,CE,-3.03571,-41.2435,12462,8852
2303956,Chorozinho,CE,-4.28873,-38.4986,20163,12908
2303931,Choró,CE,-4.83906,-39.1344,12113,14777
2304004,Coreaú,CE,-3.5415,-40.6587,20953,10743
2304103,Crateús,CE,-5.16768,-40.6536,76390,12471
2304202,Crato,CE,-7.2153,-39.4103,131050,14281
2304236,Croatá,CE,-4.40481,-40.9022,17481,12839
2304251,Cruz,CE,-2.91813,-40.176,29761,12522
2304269,Deputado Irapuan Pinheiro,CE,-5.91485,-39.257,8932,11295
2304277,Ererê,CE,-6.02751,-38.3461,6474,12464
2304285,Eusébio,CE,-3.8925,-38.4559,74170,48234
2304301,Farias Brito,CE,-6.92146,-39.5651,18217,11102
2304350,Forquilha,CE,-3.79945,-40.2634,24173,12616
2304400,Fortaleza,CE,-3.71664,-38.5423,2428708,30237
2304459,Fortim,CE,-4.45126,-37.7981,17294,18068
2304509,Frecheirinha,CE,-3.75557,-40.818,15657,17623
2304608,General Sampaio,CE,-4.04351,-39.454,6734,12914
2304707,Granja,CE,-3.12788,-40.8372,53344,8800
2304806,Granjeiro,CE,-6.88134,-39.2144,4841,10605
2304657,Graça,CE,-4.04422,-40.749,13801,9399
2304905,Groaíras,CE,-3.91787,-40.3852,10910,10152
2304954,Guaiúba,CE,-4.04057,-38.6404,24325,9537
2305001,Guaraciaba do Norte,CE,-4.15814,-40.7476,42053,15913
2305100,Guaramiranga,CE,-4.26248,-38.932,5654,14219
2305209,Hidrolândia,CE,-4.40958,-40.4056,17855,10363
2305233,Horizonte,CE,-4.1209,-38.4707,74755,28316
2305266,Ibaretama,CE,-4.80376,-38.7501,11956,11063
2305308,Ibiapina,CE,-3.92403,-40.8911,23965,14544
2305332,Ibicuitinga,CE,-4.96999,-38.6362,11611,10761
2305357,Icapuí,CE,-4.71206,-37.3531,21433,19177
2305407,Icó,CE,-6.39627,-38.8554,62642,11773
2305506,Iguatu,CE,-6.36281,-39.2892,98064,19424
2305605,Independência,CE,-5.38789,-40.3085,24024,12771
2305654,Ipaporanga,CE,-4.89764,-40.7537,11575,9860
2305704,Ipaumirim,CE,-6.78265,-38.7179,12083,11872
2305803,Ipu,CE,-4.31748,-40.7059,41081,12654
2305902,Ipueiras,CE,-4.53802,-40.7118,36798,8917
2306009,Iracema,CE,-5.8124,-38.2919,14001,13948
2306108,Irauçuba,CE,-3.74737,-39.7843,23915,9212
2306256,Itaitinga,CE,-3.96577,-38.5298,64650,19471
2306207,Itaiçaba,CE,-4.67146,-37.833,7536,10995
2306306,Itapajé,CE,-3.68314,-39.5855,46426,12807
2306405,Itapipoca,CE,-3.49933,-39.5836,131123,13606
2306504,Itapiúna,CE,-4.55516,-38.9281,17841,9546
2306553,Itarema,CE,-2.9248,-39.9167,42957,17850
2306603,Itatira,CE,-4.52608,-39.6202,20424,8521
2306702,Jaguaretama,CE,-5.6051,-38.7639,17232,13153
2306801,Jaguaribara,CE,-5.67765,-38.5359,10356,14871
2306900,Jaguaribe,CE,-5.90213,-38.6227,33726,16639
2307007,Jaguaruana,CE,-4.83151,-37.781,31701,17885
2307106,Jardim,CE,-7.57599,-39.2826,27411,10731
2307205,Jati,CE,-7.6797,-39.0029,7861,16503
2307254,Jijoca de Jericoacoara,CE,-2.79331,-40.5127,25555,21586
2307304,Juazeiro do Norte,CE,-7.19621,-39.3076,286120,17876
2307403,Jucás,CE,-6.51523,-39.5187,23922,13351
2307502,Lavras da Mangabeira,CE,-6.7448,-38.9706,30802,11146
2307601,Limoeiro do Norte,CE,-5.14392,-38.0847,59560,23898
2307635,Madalena,CE,-4.84601,-39.5725,16896,10347
2307650,Maracanaú,CE,-3.86699,-38.6259,234509,52607
2307700,Maranguape,CE,-3.89143,-38.6829,105093,15696
2307809,Marco,CE,-3.1285,-40.1582,25799,15154
2307908,Martinópole,CE,-3.2252,-40.6896,10846,8881
2308005,Massapê,CE,-3.52364,-40.3423,37697,10046
2308104,Mauriti,CE,-7.38597,-38.7708,45561,11358
2308203,Meruoca,CE,-3.53974,-40.4531,15157,8530
2308302,Milagres,CE,-7.29749,-38.9378,25900,11090
2308351,Milhã,CE,-5.67252,-39.1875,14123,13828
2308377,Miraíma,CE,-3.56867,-39.9663,14196,7932
2308401,Missão Velha,CE,-7.23522,-39.143,36822,14012
2308500,Mombaça,CE,-5.73844,-39.63,37735,11842
2308609,Monsenhor Tabosa,CE,-4.79102,-40.0646,17149,9371
2308708,Morada Nova,CE,-5.09736,-38.3702,61443,20781
2308807,Moraújo,CE,-3.46311,-40.6776,8254,9156
2308906,Morrinhos,CE,-3.23426,-40.1233,22753,8491
2309003,Mucambo,CE,-3.90271,-40.7452,13666,9607
2309102,Mulungu,CE,-4.30294,-38.9951,10569,11714
2309201,Nova Olinda,CE,-7.08415,-39.6713,15399,10610
2309300,Nova Russas,CE,-4.70581,-40.5621,30699,10975
2309409,Novo Oriente,CE,-5.52552,-40.7713,27545,10281
2309458,Ocara,CE,-4.48523,-38.5933,24493,11629
2309508,Orós,CE,-6.25182,-38.9053,19675,11126
2309607,Pacajus,CE,-4.17107,-38.465,70983,19167
2309706,Pacatuba,CE,-3.9784,-38.6183,81524,15151
2309805,Pacoti,CE,-4.22492,-38.922,11186,13264
2309904,Pacujá,CE,-3.98327,-40.6989,6175,9707
2310001,Palhano,CE,-4.73672,-37.9655,9346,10568
2310100,Palmácia,CE,-4.13831,-38.8446,10242,11240
2310209,Paracuru,CE,-3.41436,-39.03,38980,14262
2310258,Paraipaba,CE,-3.43799,-39.1479,32216,16611
2310308,Parambu,CE,-6.20768,-40.6905,31445,9181
2310407,Paramoti,CE,-4.08815,-39.2417,10384,10681
2310506,Pedra Branca,CE,-5.45341,-39.7078,40187,9702
2310605,Penaforte,CE,-7.82163,-39.0707,8972,13616
2310704,Pentecoste,CE,-3.79274,-39.2692,37813,12820
2310803,Pereiro,CE,-6.03576,-38.4624,15274,36701
2310852,Pindoretama,CE,-4.01584,-38.3061,23391,11750
2310902,Piquet Carneiro,CE,-5.80025,-39.417,16616,9755
2310951,Pires Ferreira,CE,-4.23922,-40.6442,10606,7942
2311009,Poranga,CE,-4.74672,-40.9205,12065,9068
2311108,Porteiras,CE,-7.52265,-39.114,17050,10931
2311207,Potengi,CE,-7.09154,-40.0233,8833,12518
2311231,Potiretama,CE,-5.71287,-38.1578,5974,16206
2311264,Quiterianópolis,CE,-5.8425,-40.7002,20213,9139
2311306,Quixadá,CE,-4.9663,-39.0155,84168,13186
2311355,Quixelô,CE,-6.24637,-39.2011,15910,12497
2311405,Quixeramobim,CE,-5.19067,-39.2889,82177,17066
2311504,Quixeré,CE,-5.07148,-37.9802,20874,30517
2311603,Redenção,CE,-4.21587,-38.7277,27214,15061
2311702,Reriutaba,CE,-4.14191,-40.5759,18606,10250
2311801,Russas,CE,-4.92673,-37.9721,72928,15886
2311900,Saboeiro,CE,-6.5346,-39.9017,13854,12260
2311959,Salitre,CE,-7.28398,-40.45,16633,9576
2312205,Santa Quitéria,CE,-4.32608,-40.1523,40183,15771
2312007,Santana do Acaraú,CE,-3.46144,-40.2118,30628,9144
2312106,Santana do Cariri,CE,-7.17613,-39.7302,16954,9395
2312700,Senador Pompeu,CE,-5.58244,-39.3704,24266,14517
2312809,Senador Sá,CE,-3.35305,-40.4662,7262,8643
2312908,Sobral,CE,-3.68913,-40.3482,203023,26574
2313005,Solonópole,CE,-5.71894,-39.0107,18179,16683
2312304,São Benedito,CE,-4.04713,-40.8596,47640,13165
2312403,São Gonçalo do Amarante,CE,-3.60515,-38.9726,54143,159300
2312502,São João do Jaguaribe,CE,-5.27516,-38.2694,5855,18428
2312601,São Luís do Curu,CE,-3.66976,-39.2391,10822,12300
2313104,Tabuleiro do Norte,CE,-5.24353,-38.1282,30652,14700
2313203,Tamboril,CE,-4.83136,-40.3196,24815,11374
2313252,Tarrafas,CE,-6.67838,-39.753,7529,11380
2313302,Tauá,CE,-5.98585,-40.2968,61227,11626
2313351,Tejuçuoca,CE,-3.98831,-39.5799,17154,7986
2313401,Tianguá,CE,-3.72965,-40.9923,81506,21258
2313500,Trairi,CE,-3.26932,-39.2681,58415,19090
2313559,Tururu,CE,-3.58413,-39.4297,15412,8959
2313609,Ubajara,CE,-3.85448,-40.9204,32767,19594
2313708,Umari,CE,-6.63893,-38.7008,6871,10106
2313757,Umirim,CE,-3.67654,-39.3465,17470,9891
2313807,Uruburetama,CE,-3.62316,-39.5107,20189,14834
2313906,Uruoca,CE,-3.30819,-40.5628,13746,21694
2313955,Varjota,CE,-4.19387,-40.4741,18105,20758
2314102,Viçosa do Ceará,CE,-3.5667,-41.0916,59712,10104
2314003,Várzea Alegre,CE,-6.78264,-39.2942,38984,12008
5300108,Brasília,DF,-15.7795,-47.9297,2817381,101848
3200102,Afonso Cláudio,ES,-20.0778,-41.1261,30684,18569
3200201,Alegre,ES,-20.758,-41.5382,29177,19712
3200300,Alfredo Chaves,ES,-20.6396,-40.7543,13836,33082
3200359,Alto Rio Novo,ES,-19.0618,-41.0209,7434,15205
3200409,Anchieta,ES,-20.7955,-40.6425,29984,192242
3200508,Apiacá,ES,-21.1523,-41.5693,7223,16363
3200607,Aracruz,ES,-19.82,-40.2764,94765,56066
3200706,Atilio Vivacqua,ES,-20.913,-41.1986,10540,34238
3200805,Baixo Guandu,ES,-19.5213,-41.0109,30674,30262
3200904,Barra de São Francisco,ES,-18.7548,-40.8965,42498,27413
3201001,Boa Esperança,ES,-18.5395,-40.3025,13608,19918
3201100,Bom Jesus do Norte,ES,-21.1173,-41.6731,10254,18220
3201159,Brejetuba,ES,-20.1395,-41.2954,12985,22699
3201209,Cachoeiro de Itapemirim,ES,-20.8462,-41.1198,185786,33086
3201308,Cariacica,ES,-20.2632,-40.4165,353491,38753
3201407,Castelo,ES,-20.6033,-41.2031,36930,31697
3201506,Colatina,ES,-19.5493,-40.6269,120033,36476
3201605,Conceição da Barra,ES,-18.5883,-39.7362,27458,22109
3201704,Conceição do Castelo,ES,-20.3639,-41.2417,11937,23379
3201803,Divino de São Lourenço,ES,-20.6229,-41.6937,5083,16246
3201902,Domingos Martins,ES,-20.3603,-40.6594,35416,27042
3202009,Dores do Rio Preto,ES,-20.6931,-41.8405,6596,24224
3202108,Ecoporanga,ES,-18.3702,-40.836,21992,18693
3202207,Fundão,ES,-19.937,-40.4078,18014,26007
3202256,Governador Lindenberg,ES,-19.1864,-40.4473,11009,30368
3202405,Guarapari,ES,-20.6772,-40.5093,124656,20356
3202306,Guaçuí,ES,-20.7668,-41.6734,29358,20863
3202454,Ibatiba,ES,-20.2347,-41.5087,25380,17734
3202504,Ibiraçu,ES,-19.8366,-40.3732,11723,24696
3202553,Ibitirama,ES,-20.5466,-41.6667,9520,18065
3202603,Iconha,ES,-20.7913,-40.8132,12326,25543
3202652,Irupi,ES,-20.3501,-41.6444,13710,17230
3202702,Itaguaçu,ES,-19.8018,-40.8601,13589,23980
3202801,Itapemirim,ES,-21.0095,-40.8307,39832,144210
3202900,Itarana,ES,-19.875,-40.8753,10597,25104
3203007,Iúna,ES,-20.3531,-41.5334,28590,18833
3203056,Jaguaré,ES,-18.907,-40.0759,28931,33308
3203106,Jerônimo Monteiro,ES,-20.7994,-41.3948,11575,14870
3203130,João Neiva,ES,-19.7577,-40.386,14079,45902
3203163,Laranja da Terra,ES,-19.8994,-41.0621,11094,16918
3203205,Linhares,ES,-19.3946,-40.0643,166786,48182
3203304,Mantenópolis,ES,-18.8594,-41.124,12770,15902
3203320,Marataízes,ES,-21.0398,-40.8384,41929,158833
3203346,Marechal Floriano,ES,-20.4159,-40.67,17641,29301
3203353,Marilândia,ES,-19.4114,-40.5456,12387,25260
3203403,Mimoso do Sul,ES,-21.0628,-41.3615,24475,24817
3203502,Montanha,ES,-18.1303,-40.3668,18900,21720
3203601,Mucurici,ES,-18.0965,-40.52,5466,17700
3203700,Muniz Freire,ES,-20.4652,-41.4156,18153,21117
3203809,Muqui,ES,-20.9509,-41.346,13745,17048
3203908,Nova Venécia,ES,-18.715,-40.4053,49065,27303
3204005,Pancas,ES,-19.2229,-40.8534,18893,18975
3204054,Pedro Canário,ES,-18.3004,-39.9574,21522,18652
3204104,Pinheiros,ES,-18.4141,-40.2171,23915,36031
3204203,Piúma,ES,-20.8334,-40.7268,22300,39285
3204252,Ponto Belo,ES,-18.1253,-40.5458,6497,16553
3204302,Presidente Kennedy,ES,-21.0964,-41.0468,13696,497359
3204351,Rio Bananal,ES,-19.2719,-40.3366,19274,27274
3204401,Rio Novo do Sul,ES,-20.8556,-40.9388,11069,20768
3204500,Santa Leopoldina,ES,-20.0999,-40.527,13106,25191
3204559,Santa Maria de Jetibá,ES,-20.0253,-40.7439,41636,39183
3204609,Santa Teresa,ES,-19.9363,-40.5979,22808,25307
3205002,Serra,ES,-20.121,-40.3074,520653,71601
3205010,Sooretama,ES,-19.1897,-40.0974,26502,25189
3204658,São Domingos do Norte,ES,-19.1452,-40.6281,8589,38577
3204708,São Gabriel da Palha,ES,-19.0182,-40.5365,32252,23629
3204807,São José do Calçado,ES,-21.0274,-41.6636,10878,18716
3204906,São Mateus,ES,-18.7214,-39.8579,123752,23819
3204955,São Roque do Canaã,ES,-19.7411,-40.6526,10886,21035
3205036,Vargem Alta,ES,-20.669,-41.0179,19563,21986
3205069,Venda Nova do Imigrante,ES,-20.327,-41.1355,23831,29464
3205101,Viana,ES,-20.3825,-40.4933,73423,57576
3205150,Vila Pavão,ES,-18.6091,-40.609,8911,20272
3205176,Vila Valério,ES,-18.9958,-40.3849,13728,31619
3205200,Vila Velha,ES,-20.3417,-40.2875,467722,34862
3205309,Vitória,ES,-20.3155,-40.3128,322869,97327
3200169,Água Doce do Norte,ES,-18.5482,-40.9854,12042,15313
3200136,Águia Branca,ES,-18.9846,-40.7437,9711,25332
5200050,Abadia de Goiás,GO,-16.7573,-49.4412,19128,18494
5200100,Abadiânia,GO,-16.197,-48.7057,17232,25845
5200134,Acreúna,GO,-17.396,-50.3749,21568,48771
5200159,Adelândia,GO,-16.4127,-50.1657,2297,21249
5200308,Alexânia,GO,-16.0834,-48.5076,27008,41771
5200506,Aloândia,GO,-17.7292,-49.4769,1973,32308
5200555,Alto Horizonte,GO,-14.1978,-49.3378,6072,210854
5200605,Alto Paraíso de Goiás,GO,-14.1305,-47.51,10306,28822
5200803,Alvorada do Norte,GO,-14.4797,-46.491,8446,20501
5200829,Amaralina,GO,-13.9236,-49.2962,3268,33382
5200852,Americano do Brasil,GO,-16.2514,-49.9831,5259,17383
5200902,Amorinópolis,GO,-16.6151,-51.0919,3007,39548
5201207,Anhanguera,GO,-18.3339,-48.2204,924,23487
5201306,Anicuns,GO,-16.4642,-49.9617,18503,27704
5201108,Anápolis,GO,-16.3281,-48.953,398869,44600
5201405,Aparecida de Goiânia,GO,-16.8198,-49.2469,527796,32174
5201454,Aparecida do Rio Doce,GO,-18.2941,-51.1516,2907,37872
5201504,Aporé,GO,-18.9607,-51.9232,4325,91504
5201702,Aragarças,GO,-15.8955,-52.2372,18390,15104
5201801,Aragoiânia,GO,-16.9087,-49.4476,11890,14663
5202155,Araguapaz,GO,-15.0909,-50.6315,7153,25185
5201603,Araçu,GO,-16.3563,-49.6804,3799,19350
5202353,Arenópolis,GO,-16.3837,-51.5563,2946,75560
5202502,Aruanã,GO,-14.9166,-51.075,8300,35179
5202601,Aurilândia,GO,-16.6773,-50.4641,3284,24843
5202809,Avelinópolis,GO,-16.4672,-49.7579,2868,23733
5203104,Baliza,GO,-16.1966,-52.5393,3351,36782
5203203,Barro Alto,GO,-14.9658,-48.9086,10371,151735
5203302,Bela Vista de Goiás,GO,-16.9693,-48.9513,34445,42998
5203401,Bom Jardim de Goiás,GO,-16.2063,-52.1728,7826,32926
5203500,Bom Jesus de Goiás,GO,-18.2173,-49.74,23958,51327
5203559,Bonfinópolis,GO,-16.6173,-48.9616,10296,11768
5203575,Bonópolis,GO,-13.6329,-49.8106,3299,47483
5203609,Brazabrantes,GO,-16.4281,-49.3863,3992,23509
5203807,Britânia,GO,-15.2428,-51.1602,5695,34789
5203906,Buriti Alegre,GO,-18.1378,-49.0404,10495,44569
5203939,Buriti de Goiás,GO,-16.1792,-50.4302,2732,20838
5203962,Buritinópolis,GO,-14.4772,-46.4076,3145,28272
5204003,Cabeceiras,GO,-15.7995,-46.9265,7560,62959
5204102,Cachoeira Alta,GO,-18.7618,-50.9432,11513,24470
5204250,Cachoeira Dourada,GO,-18.4859,-49.4766,7782,8932
5204201,Cachoeira de Goiás,GO,-16.6635,-50.646,1405,27673
5204409,Caiapônia,GO,-16.9539,-51.8091,16513,49762
5204508,Caldas Novas,GO,-17.7441,-48.6246,98622,30432
5204557,Caldazinha,GO,-16.7117,-49.0013,4507,18783
5204607,Campestre de Goiás,GO,-16.7624,-49.695,3755,19375
5204656,Campinaçu,GO,-13.787,-48.5704,3708,29808
5204706,Campinorte,GO,-14.3137,-49.1511,12510,26622
5204805,Campo Alegre de Goiás,GO,-17.6363,-47.7768,7422,114089
5204854,Campo Limpo de Goiás,GO,-16.2971,-49.0895,8081,20433
5204904,Campos Belos,GO,-13.035,-46.7681,18108,17415
5204953,Campos Verdes,GO,-14.2442,-49.6528,4005,14072
5205000,Carmo do Rio Verde,GO,-15.3549,-49.708,9710,50269
5205059,Castelândia,GO,-18.0921,-50.203,2985,30697
5205109,Catalão,GO,-18.1656,-47.944,114427,86666
5205208,Caturaí,GO,-16.4447,-49.4936,5184,19442
5205307,Cavalcante,GO,-13.7976,-47.4566,9583,39972
5204300,Caçu,GO,-18.5594,-51.1328,13774,66277
5205406,Ceres,GO,-15.3061,-49.6,22046,33327
5205455,Cezarina,GO,-16.9718,-49.7758,8090,47592
5205471,Chapadão do Céu,GO,-18.4073,-52.549,12870,170068
5205497,Cidade Ocidental,GO,-16.0765,-47.9252,91767,10966
5205513,Cocalzinho de Goiás,GO,-15.7914,-48.7747,25016,17444
5205521,Colinas do Sul,GO,-14.1528,-48.076,4030,17485
5205901,Corumbaíba,GO,-18.1415,-48.5626,9164,77400
5205802,Corumbá de Goiás,GO,-15.9245,-48.8117,10562,24642
5206206,Cristalina,GO,-16.7676,-47.6131,62337,73833
5206305,Cristianópolis,GO,-17.1987,-48.7034,3504,34281
5206404,Crixás,GO,-14.5412,-49.974,17065,40984
5206503,Cromínia,GO,-17.2883,-49.3798,3883,25644
5206602,Cumari,GO,-18.2644,-48.1511,2927,33099
5205703,Córrego do Ouro,GO,-16.2918,-50.5503,2454,30313
5206701,Damianópolis,GO,-14.5604,-46.178,3770,11933
5206800,Damolândia,GO,-16.2544,-49.3631,2724,19276
5206909,Davinópolis,GO,-18.1501,-47.5568,1902,306576
5207105,Diorama,GO,-16.2329,-51.2543,2062,46973
5208301,Divinópolis de Goiás,GO,-13.2853,-46.3999,4457,20579
5207253,Doverlândia,GO,-16.7188,-52.3189,6956,57634
5207352,Edealina,GO,-17.4239,-49.6644,4001,101282
5207402,Edéia,GO,-17.3406,-49.9295,11747,78605
5207501,Estrela do Norte,GO,-13.8665,-49.0716,3205,23342
5207535,Faina,GO,-15.4473,-50.3622,7070,23708
5207600,Fazenda Nova,GO,-16.1834,-50.7781,5877,25934
5207808,Firminópolis,GO,-16.5778,-50.304,10419,26120
5207907,Flores de Goiás,GO,-14.4451,-47.0417,13744,18260
5208004,Formosa,GO,-15.54,-47.337,115901,28025
5208103,Formoso,GO,-13.6499,-48.8775,4660,23967
5208152,Gameleira de Goiás,GO,-16.4854,-48.6454,3456,90435
5208509,Goiandira,GO,-18.1352,-48.0875,4973,40662
5208806,Goianira,GO,-16.4947,-49.427,71916,15335
5208400,Goianápolis,GO,-16.5098,-49.0234,13967,21080
5208608,Goianésia,GO,-15.3118,-49.1162,73707,25621
5209101,Goiatuba,GO,-18.0105,-49.3658,35664,60836
5208905,Goiás,GO,-15.9333,-50.14,24071,31730
5208707,Goiânia,GO,-16.6864,-49.2643,1437366,41653
5209150,Gouvelândia,GO,-18.6238,-50.0805,4390,38588
5209200,Guapó,GO,-16.8297,-49.5345,19545,17791
5209408,Guarani de Goiás,GO,-13.9421,-46.4868,4085,21078
5209291,Guaraíta,GO,-15.6121,-50.0265,2188,23851
5209457,Guarinos,GO,-14.7292,-49.7006,2161,29781
5209606,Heitoraí,GO,-15.719,-49.8268,3354,25012
5209804,Hidrolina,GO,-14.7261,-49.4634,3545,24755
5209705,Hidrolândia,GO,-16.9626,-49.2265,27742,47914
5209903,Iaciara,GO,-14.1011,-46.6335,10584,21405
5209937,Inaciolândia,GO,-18.4869,-49.9888,5954,39898
5209952,Indiara,GO,-17.1387,-49.9862,17061,38470
5210000,Inhumas,GO,-16.3611,-49.5001,52204,26940
5210109,Ipameri,GO,-17.7215,-48.1581,25548,95096
5210158,Ipiranga de Goiás,GO,-15.1689,-49.6695,2919,23965
5210208,Iporá,GO,-16.4398,-51.118,35684,24560
5210307,Israelândia,GO,-16.3144,-50.9087,2560,27921
5210406,Itaberaí,GO,-16.0206,-49.806,44734,40351
5210562,Itaguari,GO,-15.918,-49.6071,4963,19777
5210604,Itaguaru,GO,-15.7565,-49.6354,4904,21228
5210802,Itajá,GO,-19.0673,-51.5495,4380,30028
5210901,Itapaci,GO,-14.9522,-49.5511,21087,25969
5211008,Itapirapuã,GO,-15.8205,-50.6094,8007,27762
5211206,Itapuranga,GO,-15.5606,-49.949,26113,21201
5211305,Itarumã,GO,-18.7646,-51.3485,6101,53248
5211404,Itauçu,GO,-16.2029,-49.6109,7736,28342
5211503,Itumbiara,GO,-18.4093,-49.2158,107970,49317
5211602,Ivolândia,GO,-16.5995,-50.7921,2693,51851
5211701,Jandaia,GO,-17.0481,-50.1453,6272,68055
5211800,Jaraguá,GO,-15.7529,-49.3344,45223,20340
5211909,Jataí,GO,-17.8784,-51.7204,105729,75637
5212006,Jaupaci,GO,-16.1773,-50.9508,2924,28443
5212055,Jesúpolis,GO,-15.9484,-49.3739,2123,18688
5212105,Joviânia,GO,-17.802,-49.6197,7159,47794
5212204,Jussara,GO,-15.8659,-50.8668,19620,35348
5212253,Lagoa Santa,GO,-19.1832,-51.3998,1390,37317
5212303,Leopoldo de Bulhões,GO,-16.619,-48.7428,8745,39249
5212501,Luziânia,GO,-16.253,-47.95,209129,25826
5212600,Mairipotaba,GO,-17.2975,-49.4898,2561,34481
5212709,Mambaí,GO,-14.4823,-46.1165,8124,13239
5212808,Mara Rosa,GO,-14.0148,-49.1777,10700,27222
5212907,Marzagão,GO,-17.983,-48.6415,2758,24855
5212956,Matrinchã,GO,-15.4342,-50.7456,4042,42224
5213004,Maurilândia,GO,-17.9719,-50.3388,10304,24061
5213053,Mimoso de Goiás,GO,-15.0515,-48.1611,2614,94710
5213087,Minaçu,GO,-13.5304,-48.2206,27075,47895
5213103,Mineiros,GO,-17.5654,-52.5537,70081,46931
5213400,Moiporá,GO,-16.5434,-50.739,1685,31605
5213509,Monte Alegre de Goiás,GO,-13.2552,-46.8928,6692,17974
5213707,Montes Claros de Goiás,GO,-16.0059,-51.3979,8756,56968
5213756,Montividiu,GO,-17.4439,-51.1728,12521,128141
5213772,Montividiu do Norte,GO,-13.3485,-48.6853,3779,28803
5213806,Morrinhos,GO,-17.7334,-49.1059,51351,36174
5213855,Morro Agudo de Goiás,GO,-15.3184,-50.0553,2456,22328
5213905,Mossâmedes,GO,-16.124,-50.2136,4654,28329
5214002,Mozarlândia,GO,-14.7457,-50.5713,14750,69498
5214051,Mundo Novo,GO,-13.7729,-50.2814,6189,29222
5214101,Mutunópolis,GO,-13.7303,-49.2745,3564,24251
5214408,Nazário,GO,-16.5808,-49.8817,8189,33817
5214507,Nerópolis,GO,-16.4047,-49.2227,31932,31983
5214606,Niquelândia,GO,-14.4662,-48.4599,34964,36948
5214705,Nova América,GO,-15.0206,-49.8953,2337,20921
5214804,Nova Aurora,GO,-18.0597,-48.2552,2101,33813
5214838,Nova Crixás,GO,-14.0957,-50.33,12815,49051
5214861,Nova Glória,GO,-15.145,-49.5737,8310,16989
5214879,Nova Iguaçu de Goiás,GO,-14.2868,-49.3872,3010,20424
5214903,Nova Roma,GO,-13.7388,-46.8734,3076,21648
5215009,Nova Veneza,GO,-16.3695,-49.3168,9481,20808
5215207,Novo Brasil,GO,-16.0313,-50.7113,3527,24170
5215231,Novo Gama,GO,-16.0592,-48.0417,103804,11120
5215256,Novo Planalto,GO,-13.2424,-49.506,3716,43183
5215306,Orizona,GO,-17.0334,-48.2964,16399,57210
5215405,Ouro Verde de Goiás,GO,-16.2181,-49.1942,4057,36979
5215504,Ouvidor,GO,-18.2277,-47.8355,7200,106311
5215603,Padre Bernardo,GO,-15.1605,-48.2833,34967,30092
5215652,Palestina de Goiás,GO,-16.7392,-51.5309,3132,55304
5215702,Palmeiras de Goiás,GO,-16.8044,-49.924,31858,55586
5215801,Palmelo,GO,-17.3258,-48.426,2259,24685
5215900,Palminópolis,GO,-16.7924,-50.1652,3851,57145
5216007,Panamá,GO,-18.1783,-49.355,2455,44661
5216304,Paranaiguara,GO,-18.9141,-50.6539,7607,31118
5216403,Paraúna,GO,-16.9463,-50.4484,10659,146352
5216452,Perolândia,GO,-17.5258,-52.065,2964,239009
5216809,Petrolina de Goiás,GO,-16.0968,-49.3364,9573,18677
5216908,Pilar de Goiás,GO,-14.7608,-49.5784,2328,82801
5217104,Piracanjuba,GO,-17.302,-49.017,24883,49796
5217203,Piranhas,GO,-16.4258,-51.8235,11712,52034
5217302,Pirenópolis,GO,-15.8507,-48.9584,26690,23994
5217401,Pires do Rio,GO,-17.3019,-48.2768,32373,43406
5217609,Planaltina,GO,-15.452,-47.6089,105031,13837
5217708,Pontalina,GO,-17.5225,-49.4489,18309,39175
5218003,Porangatu,GO,-13.4391,-49.1503,44317,32273
5218052,Porteirão,GO,-17.8143,-50.1653,4070,54665
5218102,Portelândia,GO,-17.3554,-52.6799,3280,111983
5218300,Posse,GO,-14.0859,-46.3704,34914,20154
5218391,Professor Jamil,GO,-17.2497,-49.244,3649,19759
5218508,Quirinópolis,GO,-18.4472,-50.4547,48447,44330
5218607,Rialma,GO,-15.3145,-49.5814,12165,25854
5218706,Rianápolis,GO,-15.4456,-49.5114,3980,20913
5218789,Rio Quente,GO,-17.774,-48.7725,3864,84405
5218805,Rio Verde,GO,-17.7923,-50.9192,225696,72254
5218904,Rubiataba,GO,-15.1617,-49.8048,19788,28601
5219001,Sanclerlândia,GO,-16.197,-50.3124,7918,27479
5219100,Santa Bárbara de Goiás,GO,-16.5714,-49.6954,6149,25065
5219209,Santa Cruz de Goiás,GO,-17.3155,-48.4809,3002,98354
5219258,Santa Fé de Goiás,GO,-15.7664,-51.1037,4951,52552
5219308,Santa Helena de Goiás,GO,-17.8115,-50.5977,38492,42115
5219357,Santa Isabel,GO,-15.2958,-49.4259,3538,34819
5219407,Santa Rita do Araguaia,GO,-17.3269,-53.2012,5924,34600
5219456,Santa Rita do Novo Destino,GO,-15.1351,-49.1203,2689,40935
5219506,Santa Rosa de Goiás,GO,-16.084,-49.4953,2820,24226
5219605,Santa Tereza de Goiás,GO,-13.7138,-49.0144,3293,26597
5219704,Santa Terezinha de Goiás,GO,-14.4326,-49.7091,10645,17930
5219712,Santo Antônio da Barra,GO,-17.5585,-50.6345,4267,75232
5219738,Santo Antônio de Goiás,GO,-16.4815,-49.3096,7386,20966
5219753,Santo Antônio do Descoberto,GO,-15.9412,-48.2578,72127,11449
5220454,Senador Canedo,GO,-16.7084,-49.0914,155635,30621
5220504,Serranópolis,GO,-18.3067,-51.9586,8027,81302
5220603,Silvânia,GO,-16.66,-48.6083,22245,59142
5220686,Simolândia,GO,-14.4644,-46.4847,5742,30188
5219803,São Domingos,GO,-13.621,-46.7415,9711,21241
5219902,São Francisco de Goiás,GO,-15.9256,-49.2605,6378,20477
5220009,São João d'Aliança,GO,-14.7048,-47.5228,14041,40597
5220058,São João da Paraúna,GO,-16.8126,-50.4092,1774,78709
5220157,São Luiz do Norte,GO,-14.8608,-49.3285,4837,28410
5220108,São Luís de Montes Belos,GO,-16.5211,-50.3726,33852,43926
5220207,São Miguel do Araguaia,GO,-13.2731,-50.1634,21900,31583
5220264,São Miguel do Passa Quatro,GO,-17.0582,-48.662,4464,70955
5220280,São Patrício,GO,-15.35,-49.818,2143,24948
5220405,São Simão,GO,-18.996,-50.547,17020,84192
5220702,Sítio d'Abadia,GO,-14.7992,-46.2506,2927,25941
5221007,Taquaral de Goiás,GO,-16.0521,-49.6039,4026,22185
5221080,Teresina de Goiás,GO,-13.7801,-47.2659,2701,14489
5221197,Terezópolis de Goiás,GO,-16.3945,-49.0797,7944,26573
5221403,Trindade,GO,-16.6517,-49.4927,142431,18724
5221452,Trombas,GO,-13.5079,-48.7417,3120,22482
5221304,Três Ranchos,GO,-18.3539,-47.776,2921,21870
5221551,Turvelândia,GO,-17.8502,-50.3024,4985,113641
5221502,Turvânia,GO,-16.6125,-50.1369,4480,45625
5221577,Uirapuru,GO,-14.2835,-49.9201,2798,27675
5221700,Uruana,GO,-15.4993,-49.6861,13729,21443
5221601,Uruaçu,GO,-14.5238,-49.1396,42546,30555
5221809,Urutaí,GO,-17.4651,-48.2015,3553,46388
5221858,Valparaíso de Goiás,GO,-16.0651,-47.9757,198861,14910
5221908,Varjão,GO,-17.0471,-49.6312,3716,28284
5222005,Vianópolis,GO,-16.7405,-48.5159,14956,57369
5222054,Vicentinópolis,GO,-17.7322,-49.8047,8768,54768
5222203,Vila Boa,GO,-15.0387,-47.052,4215,42687
5222302,Vila Propício,GO,-15.4542,-48.8819,5815,52972
5200175,Água Fria de Goiás,GO,-14.9778,-47.7823,4954,107642
5200209,Água Limpa,GO,-18.0771,-48.7603,1858,34374
5200258,Águas Lindas de Goiás,GO,-15.7617,-48.2816,225693,10915
2100105,Afonso Cunha,MA,-4.13631,-43.3275,6144,13843
2100204,Alcântara,MA,-2.39574,-44.4062,18467,8056
2100303,Aldeias Altas,MA,-4.62621,-43.4689,23286,10710
2100402,Altamira do Maranhão,MA,-4.16598,-45.4706,6447,11092
2100436,Alto Alegre do Maranhão,MA,-4.213,-44.446,24048,12605
2100477,Alto Alegre do Pindaré,MA,-3.66689,-45.8421,25710,9791
2100501,Alto Parnaíba,MA,-9.10273,-45.9303,11109,52116
2100550,Amapá do Maranhão,MA,-1.67524,-46.0024,7170,9791
2100600,Amarante do Maranhão,MA,-5.56913,-46.7473,37085,10480
2100709,Anajatuba,MA,-3.26269,-44.6126,25322,8199
2100808,Anapurus,MA,-3.67577,-43.1014,13793,10810
2100832,Apicum-Açu,MA,-1.45862,-45.0864,17519,7646
2100873,Araguanã,MA,-2.94644,-45.6589,11181,9098
2100907,Araioses,MA,-2.89091,-41.905,39052,7241
2100956,Arame,MA,-4.88347,-46.0032,25517,11377
2101004,Arari,MA,-3.45214,-44.7665,29472,10629
2101103,Axixá,MA,-2.83939,-44.062,11790,8263
2100055,Açailândia,MA,-4.94714,-47.5004,106550,35932
2101202,Bacabal,MA,-4.22447,-44.7832,103711,14604
2101251,Bacabeira,MA,-2.96452,-44.3164,16966,35323
2101301,Bacuri,MA,-1.6965,-45.1328,16290,7543
2101350,Bacurituba,MA,-2.71,-44.7329,5252,7538
2101400,Balsas,MA,-7.53214,-46.0372,101767,61979
2101608,Barra do Corda,MA,-5.49682,-45.2485,84532,10519
2101707,Barreirinhas,MA,-2.75863,-42.8232,65589,9692
2101509,Barão de Grajaú,MA,-6.74463,-43.0261,18984,14145
2101772,Bela Vista do Maranhão,MA,-3.72618,-45.3075,11750,9153
2101731,Belágua,MA,-3.15485,-43.5122,8460,7176
2101806,Benedito Leite,MA,-7.21037,-44.5577,5469,13375
2101905,Bequimão,MA,-2.44162,-44.7842,19584,7052
2101939,Bernardo do Mearim,MA,-4.62666,-44.7608,5840,17999
2101970,Boa Vista do Gurupi,MA,-1.77614,-46.3002,7574,8917
2102002,Bom Jardim,MA,-3.54129,-45.606,33100,12428
2102036,Bom Jesus das Selvas,MA,-4.47638,-46.8641,28599,13136
2102077,Bom Lugar,MA,-4.37311,-45.0326,12212,9659
2102101,Brejo,MA,-3.67796,-42.7527,34120,9632
2102150,Brejo de Areia,MA,-4.334,-45.581,9218,7709
2102200,Buriti,MA,-3.94169,-42.9179,29685,9362
2102309,Buriti Bravo,MA,-5.83239,-43.8353,22455,10629
2102325,Buriticupu,MA,-4.32375,-46.4409,55499,13478
2102358,Buritirana,MA,-5.59823,-47.0131,12918,9481
2102374,Cachoeira Grande,MA,-2.93074,-44.0528,9732,6265
2102408,Cajapió,MA,-2.87326,-44.6741,10121,6981
2102507,Cajari,MA,-3.32742,-45.0145,16412,7804
2102556,Campestre do Maranhão,MA,-6.17075,-47.3625,12301,17398
2102705,Cantanhede,MA,-3.63757,-44.383,24303,6312
2102754,Capinzal do Norte,MA,-4.7236,-44.328,11374,24967
2102804,Carolina,MA,-7.33584,-47.4634,24062,21856
2102903,Carutapera,MA,-1.19696,-46.0085,24238,8334
2103000,Caxias,MA,-4.86505,-43.3617,156973,13459
2103109,Cedral,MA,-2.00027,-44.5281,10208,7698
2103125,Central do Maranhão,MA,-2.19831,-44.8254,7094,8225
2103174,Centro Novo do Maranhão,MA,-2.12696,-46.1228,16267,12341
2103158,Centro do Guilherme,MA,-2.44891,-46.0345,12342,8405
2103208,Chapadinha,MA,-3.73875,-43.3538,81386,10989
2103257,Cidelândia,MA,-5.17465,-47.7781,12878,14254
2103307,Codó,MA,-4.45562,-43.8924,114275,14426
2103406,Coelho Neto,MA,-4.25245,-43.0108,41658,11183
2103505,Colinas,MA,-6.03199,-44.2543,40316,13721
2103554,Conceição do Lago-Açu,MA,-3.85142,-44.8895,14915,9869
2103604,Coroatá,MA,-4.13442,-44.1244,59566,8958
2103703,Cururupu,MA,-1.81475,-44.8644,31558,8383
2102606,Cândido Mendes,MA,-1.43265,-45.7161,19932,7364
2103752,Davinópolis,MA,-5.54637,-47.4217,14404,13204
2103802,Dom Pedro,MA,-5.03518,-44.4409,23053,11389
2103901,Duque Bacelar,MA,-4.15002,-42.9477,10223,8501
2104008,Esperantinópolis,MA,-4.87938,-44.6926,18311,8682
2104057,Estreito,MA,-6.56077,-47.4431,33294,34085
2104073,Feira Nova do Maranhão,MA,-6.96508,-46.6786,8048,14663
2104081,Fernando Falcão,MA,-6.16207,-44.8979,10873,9236
2104099,Formosa da Serra Negra,MA,-6.44017,-46.1916,17719,11409
2104107,Fortaleza dos Nogueiras,MA,-6.95983,-46.1749,12640,27428
2104206,Fortuna,MA,-5.72792,-44.1565,16976,8441
2104305,Godofredo Viana,MA,-1.40259,-45.7795,10186,261014
2104404,Gonçalves Dias,MA,-5.1475,-44.3013,17206,8721
2104503,Governador Archer,MA,-5.02078,-44.2754,10231,8983
2104552,Governador Edison Lobão,MA,-5.74973,-47.3646,18411,20368
2104602,Governador Eugênio Barros,MA,-5.31897,-44.2469,13930,8502
2104628,Governador Luiz Rocha,MA,-5.47835,-44.0774,7063,10064
2104651,Governador Newton Bello,MA,-3.43245,-45.6619,10713,7857
2104677,Governador Nunes Freire,MA,-2.12899,-45.8777,23128,11154
2104800,Grajaú,MA,-5.81367,-46.1462,73872,15564
2104701,Graça Aranha,MA,-5.40547,-44.3358,6023,8991
2104909,Guimarães,MA,-2.12755,-44.602,10290,9076
2105005,Humberto de Campos,MA,-2.59828,-43.4649,25680,7179
2105104,Icatu,MA,-2.77206,-44.0501,24794,7216
2105203,Igarapé Grande,MA,-4.6625,-44.8558,10231,11507
2105153,Igarapé do Meio,MA,-3.65771,-45.2114,13974,26524
2105302,Imperatriz,MA,-5.51847,-47.4777,273110,28168
2105351,Itaipava do Grajaú,MA,-5.14252,-45.7877,13828,7759
2105401,Itapecuru Mirim,MA,-3.40202,-44.3508,60440,12787
2105427,Itinga do Maranhão,MA,-4.45293,-47.5235,22513,21731
2105450,Jatobá,MA,-5.82282,-44.2153,7471,10131
2105476,Jenipapo dos Vieiras,MA,-5.36237,-45.6356,17076,7363
2105609,Joselândia,MA,-4.98611,-44.6958,14924,7809
2105500,João Lisboa,MA,-5.44363,-47.4064,24709,10952
2105658,Junco do Maranhão,MA,-1.83888,-46.09,5146,11990
2105906,Lago Verde,MA,-3.94661,-44.826,14769,9190
2105708,Lago da Pedra,MA,-4.56974,-45.1319,44403,12396
2105807,Lago do Junco,MA,-4.609,-45.049,9506,9114
2105948,Lago dos Rodrigues,MA,-4.61173,-44.9798,8758,9589
2105963,Lagoa Grande do Maranhão,MA,-4.98893,-45.3816,11411,8977
2105922,Lagoa do Mato,MA,-6.05023,-43.5333,10572,9176
2105989,Lajeado Novo,MA,-6.18539,-47.0293,7057,14378
2106003,Lima Campos,MA,-4.51837,-44.4646,11297,24302
2106102,Loreto,MA,-7.08111,-45.1451,11597,35635
2106201,Luís Domingues,MA,-1.27492,-45.867,7161,8007
2106300,Magalhães de Almeida,MA,-3.39232,-42.2117,13807,10209
2106326,Maracaçumé,MA,-2.04918,-45.9587,21149,9862
2106359,Marajá do Sena,MA,-4.62806,-45.4531,7027,12922
2106375,Maranhãozinho,MA,-2.24078,-45.8507,13761,8786
2106409,Mata Roma,MA,-3.62035,-43.1112,17090,10485
2106508,Matinha,MA,-3.09849,-45.035,22034,8929
2106607,Matões,MA,-5.51359,-43.2018,32174,7968
2106631,Matões do Norte,MA,-3.6244,-44.5468,17432,5697
2106672,Milagres do Maranhão,MA,-3.57443,-42.6131,8818,7297
2106706,Mirador,MA,-6.37454,-44.3683,21030,13210
2106755,Miranda do Norte,MA,-3.56313,-44.5814,23864,33045
2106805,Mirinzal,MA,-2.07094,-44.7787,13978,8016
2107001,Montes Altos,MA,-5.83067,-47.0673,9106,9498
2106904,Monção,MA,-3.48125,-45.2496,27751,9284
2107100,Morros,MA,-2.85379,-44.0357,18554,8079
2107209,Nina Rodrigues,MA,-3.46788,-43.9134,14176,6244
2107258,Nova Colinas,MA,-7.12263,-46.2607,5021,17213
2107308,Nova Iorque,MA,-6.73047,-44.0471,4320,11798
2107357,Nova Olinda do Maranhão,MA,-2.84227,-45.6953,14314,12795
2107407,Olho d'Água das Cunhãs,MA,-4.13417,-45.1163,17919,10512
2107456,Olinda Nova do Maranhão,MA,-2.99295,-44.9897,13577,7902
2107605,Palmeirândia,MA,-2.64433,-44.8933,21059,6605
2107704,Paraibano,MA,-6.4264,-43.9792,18274,10034
2107803,Parnarama,MA,-5.67365,-43.1011,31250,10334
2107902,Passagem Franca,MA,-6.17745,-43.7755,17220,11620
2108009,Pastos Bons,MA,-6.60296,-44.0745,18802,16461
2108058,Paulino Neves,MA,-2.72094,-42.5258,17056,6938
2108108,Paulo Ramos,MA,-4.44485,-45.2398,20341,9544
2107506,Paço do Lumiar,MA,-2.51657,-44.1019,145643,8516
2108207,Pedreiras,MA,-4.56482,-44.6006,37050,21259
2108256,Pedro do Rosário,MA,-2.97272,-45.3493,24320,6491
2108306,Penalva,MA,-3.27674,-45.1768,32511,7805
2108405,Peri Mirim,MA,-2.57676,-44.8504,11108,8637
2108454,Peritoró,MA,-4.37459,-44.3369,20479,11252
2108504,Pindaré-Mirim,MA,-3.60985,-45.342,31429,9424
2108603,Pinheiro,MA,-2.52224,-45.0788,84621,12289
2108702,Pio XII,MA,-3.89315,-45.1759,21886,8742
2108801,Pirapemas,MA,-3.72041,-44.2216,17714,7382
2109007,Porto Franco,MA,-6.34149,-47.3962,23903,42927
2109056,Porto Rico do Maranhão,MA,-1.85925,-44.5842,5954,7702
2108900,Poção de Pedras,MA,-4.74626,-44.9432,17161,9503
2109106,Presidente Dutra,MA,-5.2898,-44.495,45155,16736
2109205,Presidente Juscelino,MA,-2.91872,-44.0715,11356,7439
2109239,Presidente Médici,MA,-2.38991,-45.82,4696,12922
2109270,Presidente Sarney,MA,-2.58799,-45.3595,17511,9421
2109304,Presidente Vargas,MA,-3.40787,-44.0234,10549,7220
2109403,Primeira Cruz,MA,-2.50568,-43.4232,13614,6543
2109452,Raposa,MA,-2.4254,-44.0973,30839,9279
2109502,Riachão,MA,-7.35819,-46.6225,22145,30400
2109551,Ribamar Fiquene,MA,-5.93067,-47.3888,7420,16737
2109601,Rosário,MA,-2.93444,-44.2531,38475,11519
2109700,Sambaíba,MA,-7.13447,-45.3515,5568,85256
2109759,Santa Filomena do Maranhão,MA,-5.49671,-44.5638,6697,8990
2109809,Santa Helena,MA,-2.24426,-45.29,41561,8613
2109908,Santa Inês,MA,-3.65112,-45.3774,85014,17243
2110005,Santa Luzia,MA,-4.06873,-45.69,57635,12899
2110039,Santa Luzia do Paruá,MA,-2.51123,-45.7801,24307,10422
2110104,Santa Quitéria do Maranhão,MA,-3.49308,-42.5688,23957,9118
2110203,Santa Rita,MA,-3.14241,-44.3211,37035,9576
2110237,Santana do Maranhão,MA,-3.109,-42.4064,10567,7011
2110278,Santo Amaro do Maranhão,MA,-2.50068,-43.238,13949,6877
2110302,Santo Antônio dos Lopes,MA,-4.86613,-44.3653,14304,213614
2111722,Satubinha,MA,-4.04913,-45.2457,8784,10596
2111748,Senador Alexandre Costa,MA,-5.25096,-44.0533,10207,9976
2111763,Senador La Rocque,MA,-5.4461,-47.2959,14700,12730
2111789,Serrano do Maranhão,MA,-1.85229,-45.1207,10202,7101
2111904,Sucupira do Norte,MA,-6.47839,-44.1919,10238,12328
2111953,Sucupira do Riachão,MA,-6.40858,-43.5455,4985,9629
2110401,São Benedito do Rio Preto,MA,-3.33515,-43.5287,18364,7811
2110500,São Bento,MA,-2.69781,-44.8289,46395,6728
2110609,São Bernardo,MA,-3.37223,-42.4191,26943,10436
2110658,São Domingos do Azeitão,MA,-6.81471,-44.6509,7992,40105
2110708,São Domingos do Maranhão,MA,-5.58095,-44.3822,34034,10458
2110856,São Francisco do Brejão,MA,-5.12584,-47.389,9051,13397
2110906,São Francisco do Maranhão,MA,-6.25159,-42.8668,12064,8204
2110807,São Félix de Balsas,MA,-7.07535,-44.8092,4402,19572
2111201,São José de Ribamar,MA,-2.54704,-44.0597,244579,9378
2111250,São José dos Basílios,MA,-5.05493,-44.5809,6957,8903
2111003,São João Batista,MA,-2.95398,-44.7953,18544,7312
2111029,São João do Carú,MA,-3.5503,-46.2507,12251,10040
2111052,São João do Paraíso,MA,-6.45634,-47.0594,9904,15293
2111078,São João do Soter,MA,-5.10821,-43.8163,16889,9258
2111102,São João dos Patos,MA,-6.4934,-43.7036,25020,13628
2111300,São Luís,MA,-2.53874,-44.2825,1037775,35204
2111409,São Luís Gonzaga do Maranhão,MA,-4.38541,-44.6654,17818,9544
2111508,São Mateus do Maranhão,MA,-4.03736,-44.4707,38829,11054
2111532,São Pedro da Água Branca,MA,-5.08472,-48.4291,14338,8900
2111573,São Pedro dos Crentes,MA,-6.82389,-46.5319,5783,14446
2111607,São Raimundo das Mangabeiras,MA,-7.02183,-45.4809,18672,39611
2111631,São Raimundo do Doca Bezerra,MA,-5.11053,-45.0696,5650,7780
2111672,São Roberto,MA,-5.0231,-45.001,4544,10072
2111706,São Vicente Ferrer,MA,-2.89487,-44.8681,19498,7475
2111805,Sítio Novo,MA,-5.87601,-46.7033,17074,12973
2112001,Tasso Fragoso,MA,-8.4662,-45.7536,8862,265338
2112100,Timbiras,MA,-4.25597,-43.932,26484,7413
2112209,Timon,MA,-5.09769,-42.8329,174465,13302
2112233,Trizidela do Vale,MA,-4.538,-44.628,22484,23372
2112274,Tufilândia,MA,-3.67355,-45.6238,5507,10904
2112308,Tuntum,MA,-5.25476,-44.6444,36251,10074
2112407,Turiaçu,MA,-1.65893,-45.3798,37491,7893
2112456,Turilândia,MA,-2.21638,-45.3044,31638,7051
2112506,Tutóia,MA,-2.76141,-42.2755,53356,10236
2112605,Urbano Santos,MA,-3.20642,-43.3878,32812,7543
2112704,Vargem Grande,MA,-3.53639,-43.917,43261,10020
2112803,Viana,MA,-3.20451,-44.9912,51442,9753
2112852,Vila Nova dos Martírios,MA,-5.18889,-48.1336,10362,15143
2113009,Vitorino Freire,MA,-4.28184,-45.2505,30845,10553
2112902,Vitória do Mearim,MA,-3.45125,-44.8643,30805,10328
2114007,Zé Doca,MA,-3.27014,-45.6553,40801,13898
2100154,Água Doce do Maranhão,MA,-2.84048,-42.1189,12142,8371
3100104,Abadia dos Dourados,MG,-18.4831,-47.3916,6272,28178
3100203,Abaeté,MG,-19.1551,-45.4444,22675,23865
3100302,Abre Campo,MG,-20.2996,-42.4743,13927,18860
3100401,Acaiaca,MG,-20.359,-43.1439,3909,16601
3100807,Aguanil,MG,-20.9439,-45.3915,4357,21712
3101102,Aimorés,MG,-19.5007,-41.0746,25269,25248
3101201,Aiuruoca,MG,-21.9736,-44.6042,6233,20623
3101300,Alagoa,MG,-22.171,-44.6413,2749,17351
3101409,Albertina,MG,-22.2018,-46.6139,2952,52146
3101607,Alfenas,MG,-21.4256,-45.9477,78970,44155
3101631,Alfredo Vasconcelos,MG,-21.1535,-43.7718,6931,21724
3101706,Almenara,MG,-16.1785,-40.6942,40364,16718
3101805,Alpercata,MG,-18.974,-41.97,6903,13716
3101904,Alpinópolis,MG,-20.8631,-46.3878,18300,28644
3102001,Alterosa,MG,-21.2488,-46.1387,13915,21307
3102050,Alto Caparaó,MG,-20.431,-41.8738,5795,16754
3153509,Alto Jequitibá,MG,-20.4208,-41.967,8397,14955
3102100,Alto Rio Doce,MG,-21.0281,-43.4067,10891,16536
3102209,Alvarenga,MG,-19.4174,-41.7317,3975,13747
3102308,Alvinópolis,MG,-20.1098,-43.0535,15059,22585
3102407,Alvorada de Minas,MG,-18.7334,-43.3638,4159,15591
3101508,Além Paraíba,MG,-21.8797,-42.7176,30717,31629
3102506,Amparo do Serra,MG,-20.5051,-42.8009,4541,12312
3102605,Andradas,MG,-22.0695,-46.5724,40553,29178
3102803,Andrelândia,MG,-21.7411,-44.3117,11927,24515
3102852,Angelândia,MG,-17.7279,-42.2641,7718,18729
3102902,Antônio Carlos,MG,-21.321,-43.7451,11095,21843
3103009,Antônio Dias,MG,-19.6491,-42.8732,9219,97039
3103108,Antônio Prado de Minas,MG,-21.0192,-42.1109,1538,18567
3103306,Aracitaba,MG,-21.3446,-43.3736,2049,15310
3103504,Araguari,MG,-18.6456,-48.1934,117808,49541
3103603,Arantina,MG,-21.9102,-44.2555,2915,30373
3103702,Araponga,MG,-20.6686,-42.5178,8048,15192
3103751,Araporã,MG,-18.4357,-49.1847,8479,152686
3103801,Arapuá,MG,-19.0268,-46.1484,2631,65658
3104007,Araxá,MG,-19.5902,-46.9438,111691,80134
3103207,Araçaí,MG,-19.1955,-44.2493,2181,27814
3103405,Araçuaí,MG,-16.8523,-42.0637,34297,15161
3103900,Araújos,MG,-19.9405,-45.1671,9199,51571
3104106,Arceburgo,MG,-21.359,-46.9401,9177,37747
3104205,Arcos,MG,-20.2863,-45.5373,41416,56642
3104304,Areado,MG,-21.3572,-46.1421,13881,22284
3104403,Argirita,MG,-21.6083,-42.8292,2688,14906
3104452,Aricanduva,MG,-17.8666,-42.5533,4719,14217
3104502,Arinos,MG,-15.9187,-46.1043,17272,18458
3104601,Astolfo Dutra,MG,-21.3184,-42.8572,14138,20644
3104700,Ataléia,MG,-18.0438,-41.1149,13736,14485
3104809,Augusto de Lima,MG,-18.0997,-44.2655,4538,19624
3100500,Açucena,MG,-19.0671,-42.5419,8943,18539
3104908,Baependi,MG,-21.957,-44.8874,18366,20738
3105004,Baldim,MG,-19.2832,-43.9613,7492,26865
3105103,Bambuí,MG,-20.0166,-45.9754,23546,33123
3105202,Bandeira,MG,-15.8783,-40.5622,4741,12464
3105301,Bandeira do Sul,MG,-21.7308,-46.3833,5943,14567
3105608,Barbacena,MG,-21.2214,-43.7703,125317,28099
3105707,Barra Longa,MG,-20.2869,-43.0402,5666,14460
3105905,Barroso,MG,-21.1907,-43.972,20080,30303
3105400,Barão de Cocais,MG,-19.9389,-43.4755,30778,79240
3105509,Barão de Monte Alto,MG,-21.2444,-42.2372,4964,12706
3106002,Bela Vista de Minas,MG,-19.8302,-43.0922,10167,55890
3106101,Belmiro Braga,MG,-21.944,-43.4084,3244,18976
3106200,Belo Horizonte,MG,-19.9102,-43.9266,2315560,45743
3106309,Belo Oriente,MG,-19.2199,-42.4828,23928,87335
3106408,Belo Vale,MG,-20.4077,-44.0275,8627,32441
3106507,Berilo,MG,-16.9567,-42.4606,9826,11483
3106655,Berizal,MG,-15.61,-41.7432,4201,14522
3106606,Bertópolis,MG,-17.059,-40.58,4451,12080
3106705,Betim,MG,-19.9668,-44.2008,411846,80431
3106804,Bias Fortes,MG,-21.602,-43.7574,3361,12372
3106903,Bicas,MG,-21.7232,-43.056,13978,19868
3107000,Biquinhas,MG,-18.7754,-45.4974,2383,27055
3107109,Boa Esperança,MG,-21.0927,-45.5612,39848,26563
3107208,Bocaina de Minas,MG,-22.1697,-44.3972,5348,14998
3107307,Bocaiúva,MG,-17.1135,-43.8104,48032,25502
3107406,Bom Despacho,MG,-19.7386,-45.2622,51737,35073
3107505,Bom Jardim de Minas,MG,-21.9479,-44.1885,6783,18833
3107604,Bom Jesus da Penha,MG,-21.0148,-46.5174,4474,43825
3107703,Bom Jesus do Amparo,MG,-19.7054,-43.4782,5631,28483
3107802,Bom Jesus do Galho,MG,-19.836,-42.3165,14536,11770
3107901,Bom Repouso,MG,-22.4675,-46.144,12649,12668
3108008,Bom Sucesso,MG,-21.0329,-44.7537,17151,25958
3108107,Bonfim,MG,-20.3302,-44.2366,7434,18217
3108206,Bonfinópolis de Minas,MG,-16.568,-45.9839,5528,83013
3108255,Bonito de Minas,MG,-15.3231,-44.7543,10204,9902
3108305,Borda da Mata,MG,-22.2707,-46.1653,17404,21530
3108404,Botelhos,MG,-21.6412,-46.391,14828,21984
3108503,Botumirim,MG,-16.8657,-43.0086,5790,13082
3108552,Brasilândia de Minas,MG,-16.9999,-46.0081,15020,27634
3108602,Brasília de Minas,MG,-16.2104,-44.4299,32025,11785
3108909,Brazópolis,MG,-22.4743,-45.6166,14246,13907
3108800,Braúnas,MG,-19.0562,-42.7099,4441,47978
3109006,Brumadinho,MG,-20.151,-44.2007,38915,118842
3108701,Brás Pires,MG,-20.8419,-43.2406,4260,11745
3109105,Bueno Brandão,MG,-22.4383,-46.3491,10911,22059
3109204,Buenópolis,MG,-17.8744,-44.1775,9150,19750
3109253,Bugre,MG,-19.4231,-42.2552,4041,11766
3109303,Buritis,MG,-15.6218,-46.4221,24030,48429
3109402,Buritizeiro,MG,-17.3656,-44.9606,23910,30782
3109451,Cabeceira Grande,MG,-16.0335,-47.0862,6627,72028
3109501,Cabo Verde,MG,-21.4699,-46.3919,11410,25488
3109808,Cachoeira Dourada,MG,-18.5161,-49.5039,2315,56798
3109600,Cachoeira da Prata,MG,-19.521,-44.4544,3693,14050
3109709,Cachoeira de Minas,MG,-22.3511,-45.7809,11883,45150
3102704,Cachoeira de Pajeú,MG,-15.9688,-41.4948,9110,13789
3109907,Caetanópolis,MG,-19.2971,-44.4189,11435,27565
3110004,Caeté,MG,-19.8826,-43.6704,38776,27722
3110103,Caiana,MG,-20.6956,-41.9292,5304,16716
3110202,Cajuri,MG,-20.7903,-42.7925,4088,23798
3110301,Caldas,MG,-21.9183,-46.3843,14217,23748
3110400,Camacho,MG,-20.6294,-45.1593,2838,24968
3110509,Camanducaia,MG,-22.7515,-46.1494,26097,37849
3110707,Cambuquira,MG,-21.854,-45.2896,12313,30117
3110608,Cambuí,MG,-22.6115,-46.0572,29536,63128
3110905,Campanha,MG,-21.836,-45.4004,15935,27607
3110806,Campanário,MG,-18.2427,-41.7355,2923,18289
3111002,Campestre,MG,-21.7079,-46.2381,20696,23503
3111101,Campina Verde,MG,-19.5382,-49.4862,18011,29802
3111150,Campo Azul,MG,-16.5028,-44.8096,3714,10945
3111200,Campo Belo,MG,-20.8932,-45.2699,52277,23776
3111408,Campo Florido,MG,-19.7631,-48.5716,8466,83955
3111309,Campo do Meio,MG,-21.1127,-45.8273,11377,20315
3111507,Campos Altos,MG,-19.6914,-46.1725,12979,33456
3111606,Campos Gerais,MG,-21.237,-45.7569,26105,26988
3111903,Cana Verde,MG,-21.0232,-45.1801,5272,15185
3111705,Canaã,MG,-20.6869,-42.6167,4715,16424
3112000,Candeias,MG,-20.7692,-45.2765,14001,26510
3112059,Cantagalo,MG,-18.5248,-42.6223,3974,14281
3111804,Canápolis,MG,-18.7212,-49.2035,10608,63901
3112109,Caparaó,MG,-20.5289,-41.9061,5048,19343
3112208,Capela Nova,MG,-20.9179,-43.622,4362,14319
3112307,Capelinha,MG,-17.6888,-42.5147,39626,22399
3112406,Capetinga,MG,-20.6163,-47.0571,6562,31583
3112505,Capim Branco,MG,-19.5471,-44.1304,10663,11570
3112604,Capinópolis,MG,-18.6862,-49.5706,14655,45475
3112653,Capitão Andrade,MG,-19.0748,-41.8614,4585,13259
3112703,Capitão Enéas,MG,-16.3265,-43.7084,14108,35541
3112802,Capitólio,MG,-20.6164,-46.0493,10380,31656
3112901,Caputira,MG,-20.1703,-42.2683,8936,16082
3113107,Caranaíba,MG,-20.8707,-43.7417,2933,14137
3113206,Carandaí,MG,-20.9566,-43.811,23812,31558
3113305,Carangola,MG,-20.7343,-42.0313,31240,20458
3113404,Caratinga,MG,-19.7868,-42.1292,87360,26134
3113008,Caraí,MG,-17.1862,-41.7004,19548,10762
3113503,Carbonita,MG,-17.5255,-43.0137,8512,25922
3113602,Careaçu,MG,-22.0424,-45.696,6816,25563
3113701,Carlos Chagas,MG,-17.6973,-40.7723,18615,25499
3113909,Carmo da Cachoeira,MG,-21.4633,-45.2201,11547,27853
3114006,Carmo da Mata,MG,-20.5575,-44.8735,11019,24103
3114105,Carmo de Minas,MG,-22.1204,-45.1307,13797,21059
3114204,Carmo do Cajuru,MG,-20.1912,-44.7664,23479,26713
3114303,Carmo do Paranaíba,MG,-18.991,-46.3167,29011,36538
3114402,Carmo do Rio Claro,MG,-20.9736,-46.1149,20954,33144
3113800,Carmésia,MG,-19.0877,-43.1382,2605,15273
3114501,Carmópolis de Minas,MG,-20.5396,-44.6336,18003,25635
3114550,Carneirinho,MG,-19.6987,-50.6894,9422,43166
3114600,Carrancas,MG,-21.4898,-44.6446,4049,43872
3114808,Carvalhos,MG,-22.0,-44.4632,4422,18246
3114709,Carvalhópolis,MG,-21.7735,-45.8421,3341,21366
3114907,Casa Grande,MG,-20.7925,-43.9343,2214,31268
3115003,Cascalho Rico,MG,-18.5772,-47.8716,2712,29493
3115300,Cataguases,MG,-21.3924,-42.6896,66261,24914
3115359,Catas Altas,MG,-20.0734,-43.4061,5473,919482
3115409,Catas Altas da Noruega,MG,-20.6901,-43.4939,3110,13114
3115458,Catuji,MG,-17.3018,-41.5276,7030,11850
3115474,Catuti,MG,-15.3616,-42.9627,4739,11994
3115508,Caxambu,MG,-21.9753,-44.9319,21056,17632
3115607,Cedro do Abaeté,MG,-19.1458,-45.712,1081,20718
3115706,Central de Minas,MG,-18.7612,-41.3143,6171,14105
3115805,Centralina,MG,-18.5852,-49.2014,10207,34400
3116001,Chalé,MG,-20.0453,-41.6897,6075,18797
3116159,Chapada Gaúcha,MG,-15.3014,-45.6116,12355,32629
3116100,Chapada do Norte,MG,-17.0881,-42.5392,10337,10748
3116209,Chiador,MG,-21.9996,-43.0617,2800,13302
3115904,Chácara,MG,-21.6733,-43.215,3075,15332
3116308,Cipotânea,MG,-20.9026,-43.3629,5581,13132
3116407,Claraval,MG,-20.397,-47.2768,4658,39066
3116506,Claro dos Poções,MG,-17.082,-44.2061,7166,11682
3116605,Cláudio,MG,-20.4437,-44.7673,30159,37057
3116704,Coimbra,MG,-20.8535,-42.8008,7117,19641
3116803,Coluna,MG,-18.2311,-42.8352,8163,14847
3116902,Comendador Gomes,MG,-19.6973,-49.0789,2773,55816
3117009,Comercinho,MG,-16.2963,-41.7945,6660,10226
3117108,Conceição da Aparecida,MG,-21.096,-46.2049,10371,26438
3115201,Conceição da Barra de Minas,MG,-21.1316,-44.4729,3560,19303
3117306,Conceição das Alagoas,MG,-19.9172,-48.3839,28381,46440
3117207,Conceição das Pedras,MG,-22.1576,-45.4562,2772,22023
3117405,Conceição de Ipanema,MG,-19.9326,-41.6908,4409,18373
3117504,Conceição do Mato Dentro,MG,-19.0344,-43.4221,23163,390750
3117603,Conceição do Pará,MG,-19.7456,-44.8945,5415,91218
3117702,Conceição do Rio Verde,MG,-21.8778,-45.087,12541,27395
3117801,Conceição dos Ouros,MG,-22.4078,-45.7996,10880,20679
3117876,Confins,MG,-19.6282,-43.9931,7350,66078
3117900,Congonhal,MG,-22.1488,-46.043,11083,19892
3118007,Congonhas,MG,-20.4958,-43.851,52890,145159
3118106,Congonhas do Norte,MG,-18.8021,-43.6767,4831,10202
3118205,Conquista,MG,-19.9312,-47.5492,6694,73207
3118304,Conselheiro Lafaiete,MG,-20.6634,-43.7846,131621,23687
3118403,Conselheiro Pena,MG,-19.1789,-41.4736,20824,18429
3118502,Consolação,MG,-22.5493,-45.9255,1563,20116
3118601,Contagem,MG,-19.9321,-44.0539,621863,58660
3118700,Coqueiral,MG,-21.1858,-45.4366,9023,25951
3118809,Coração de Jesus,MG,-16.6841,-44.3635,25377,10751
3118908,Cordisburgo,MG,-19.1224,-44.3224,7547,19370
3119005,Cordislândia,MG,-21.7891,-45.6999,3200,35545
3119104,Corinto,MG,-18.369,-44.4542,23532,25878
3119203,Coroaci,MG,-18.6156,-42.2791,10884,11540
3119302,Coromandel,MG,-18.4734,-47.1933,28894,53132
3119401,Coronel Fabriciano,MG,-19.5179,-42.6276,104736,19053
3119500,Coronel Murta,MG,-16.6148,-42.184,8200,14613
3119609,Coronel Pacheco,MG,-21.5898,-43.256,2762,21760
3119708,Coronel Xavier Chaves,MG,-21.0277,-44.2206,3486,26085
3120102,Couto de Magalhães de Minas,MG,-18.0727,-43.4648,4245,14904
3120201,Cristais,MG,-20.8733,-45.5167,12197,24238
3120409,Cristiano Otoni,MG,-20.8324,-43.8166,4667,26501
3120508,Cristina,MG,-22.208,-45.2673,10374,22477
3120300,Cristália,MG,-16.716,-42.8571,5121,11552
3120151,Crisólita,MG,-17.2381,-40.9184,5265,14511
3120607,Crucilândia,MG,-20.3923,-44.3334,5434,15286
3120706,Cruzeiro da Fortaleza,MG,-18.944,-46.6669,3521,52267
3120805,Cruzília,MG,-21.84,-44.8067,15362,20678
3120839,Cuparaque,MG,-18.9648,-41.0986,3983,18588
3120870,Curral de Dentro,MG,-15.9327,-41.8557,7406,10859
3120904,Curvelo,MG,-18.7527,-44.4303,80665,27621
3115102,Cássia,MG,-20.5831,-46.9201,17155,25435
3119807,Córrego Danta,MG,-19.8198,-45.9032,2960,55986
3119955,Córrego Fundo,MG,-20.4474,-45.5617,6133,52256
3120003,Córrego Novo,MG,-19.8361,-42.3988,2875,13399
3119906,Córrego do Bom Jesus,MG,-22.6269,-46.0241,4272,10675
3117836,Cônego Marinho,MG,-15.2892,-44.4181,7237,8771
3121001,Datas,MG,-18.4478,-43.6591,5465,13537
3121100,Delfim Moreira,MG,-22.5036,-45.2792,7952,15807
3121209,Delfinópolis,MG,-20.3468,-46.8456,8393,29464
3121258,Delta,MG,-19.9721,-47.7841,10494,44459
3121308,Descoberto,MG,-21.46,-42.9618,4928,16568
3121407,Desterro de Entre Rios,MG,-20.665,-44.3334,7653,34129
3121506,Desterro do Melo,MG,-21.143,-43.5178,2994,16904
3121605,Diamantina,MG,-18.2413,-43.6031,47702,20633
3121704,Diogo de Vasconcelos,MG,-20.4879,-43.1953,3549,12097
3121803,Dionísio,MG,-19.8433,-42.7701,6847,13271
3122009,Divino,MG,-20.6134,-42.1438,20706,15428
3122108,Divino das Laranjeiras,MG,-18.7755,-41.4781,4178,14763
3122207,Divinolândia de Minas,MG,-18.8004,-42.6103,6516,12626
3121902,Divinésia,MG,-20.9917,-43.0003,4226,15066
3122306,Divinópolis,MG,-20.1446,-44.8912,231091,36040
3122355,Divisa Alegre,MG,-15.7221,-41.3463,6321,28192
3122405,Divisa Nova,MG,-21.5092,-46.1904,5851,22205
3122454,Divisópolis,MG,-15.7254,-40.9997,10213,9124
3122470,Dom Bosco,MG,-16.652,-46.2597,3697,18796
3122504,Dom Cavati,MG,-19.3735,-42.1121,4904,14196
3122603,Dom Joaquim,MG,-18.961,-43.2544,4899,13840
3122702,Dom Silvério,MG,-20.1627,-42.9627,5228,20708
3122801,Dom Viçoso,MG,-22.2511,-45.1643,3095,12616
3122900,Dona Eusébia,MG,-21.319,-42.807,6093,18030
3123007,Dores de Campos,MG,-21.1139,-44.0207,10007,31985
3123106,Dores de Guanhães,MG,-19.0516,-42.9254,5029,37918
3123205,Dores do Indaiá,MG,-19.4628,-45.5927,12630,27889
3123304,Dores do Turvo,MG,-20.9785,-43.1834,4987,13449
3123403,Doresópolis,MG,-20.2868,-45.9007,1461,57553
3123502,Douradoquara,MG,-18.4338,-47.5993,1829,43360
3123528,Durandé,MG,-20.2058,-41.7977,7817,15719
3123601,Elói Mendes,MG,-21.6088,-45.5691,26336,26780
3123700,Engenheiro Caldas,MG,-19.2065,-42.0503,13622,11526
3123809,Engenheiro Navarro,MG,-17.2831,-43.947,6354,14488
3123858,Entre Folhas,MG,-19.6218,-42.2306,5179,12530
3123908,Entre Rios de Minas,MG,-20.6706,-44.0654,14746,18322
3124005,Ervália,MG,-20.8403,-42.6544,20255,20211
3124104,Esmeraldas,MG,-19.764,-44.3065,85598,11370
3124203,Espera Feliz,MG,-20.6508,-41.9119,24102,17053
3124302,Espinosa,MG,-14.9249,-42.809,30443,11958
3124401,Espírito Santo do Dourado,MG,-22.0454,-45.9548,6611,18487
3124500,Estiva,MG,-22.4577,-46.0191,11502,52324
3124609,Estrela Dalva,MG,-21.7412,-42.4574,2186,19621
3124708,Estrela do Indaiá,MG,-19.5169,-45.7859,2772,59646
3124807,Estrela do Sul,MG,-18.7399,-47.6956,6840,51347
3124906,Eugenópolis,MG,-21.1002,-42.1878,10801,20530
3125002,Ewbank da Câmara,MG,-21.5498,-43.5068,3875,14025
3125101,Extrema,MG,-22.854,-46.3178,53482,255299
3125200,Fama,MG,-21.4089,-45.8286,2578,22737
3125309,Faria Lemos,MG,-20.8097,-42.0213,3188,20187
3125606,Felisburgo,MG,-16.6348,-40.7605,6489,11666
3125705,Felixlândia,MG,-18.7507,-44.9004,13978,20113
3125408,Felício dos Santos,MG,-18.0755,-43.2422,5133,14365
3125804,Fernandes Tourinho,MG,-19.1541,-42.0803,2789,16440
3125903,Ferros,MG,-19.2343,-43.0192,9590,15426
3125952,Fervedouro,MG,-20.726,-42.279,10445,15019
3126000,Florestal,MG,-19.888,-44.4318,8045,17747
3126109,Formiga,MG,-20.4618,-45.4268,68248,32418
3126208,Formoso,MG,-14.9446,-46.2371,7949,39612
3126307,Fortaleza de Minas,MG,-20.8508,-46.712,3477,31993
3126406,Fortuna de Minas,MG,-19.5578,-44.4472,3093,16573
3126505,Francisco Badaró,MG,-16.9883,-42.3568,7366,10562
3126604,Francisco Dumont,MG,-17.3107,-44.2317,4503,16786
3126703,Francisco Sá,MG,-16.4827,-43.4896,23476,19255
3126752,Franciscópolis,MG,-17.9578,-42.0094,5034,20101
3126802,Frei Gaspar,MG,-18.0709,-41.4325,5640,14200
3126901,Frei Inocêncio,MG,-18.5556,-41.9121,8226,18297
3126950,Frei Lagonegro,MG,-18.1751,-42.7617,3391,10486
3127008,Fronteira,MG,-20.2748,-49.1984,14540,64332
3127057,Fronteira dos Vales,MG,-16.8898,-40.923,4345,11260
3127073,Fruta de Leite,MG,-16.1225,-42.5288,4647,10130
3127107,Frutal,MG,-20.0259,-48.9355,58588,42210
3127206,Funilândia,MG,-19.3661,-44.061,4686,17776
3127305,Galiléia,MG,-19.0005,-41.5387,6222,18274
3127339,Gameleiras,MG,-15.0829,-43.125,4793,11964
3127354,Glaucilândia,MG,-16.8481,-43.692,2928,14046
3127370,Goiabeira,MG,-18.9807,-41.2235,2830,17632
3127388,Goianá,MG,-21.536,-43.1957,4053,15357
3127503,Gonzaga,MG,-18.8196,-42.4769,5230,13186
3127404,Gonçalves,MG,-22.6545,-45.8556,4727,19950
3127602,Gouveia,MG,-18.4519,-43.7423,11331,17549
3127701,Governador Valadares,MG,-18.8545,-41.9555,257171,28705
3127909,Grupiara,MG,-18.5003,-47.7318,1392,31748
3127800,Grão Mogol,MG,-16.5662,-42.8923,13901,55452
3128006,Guanhães,MG,-18.7713,-42.9312,32244,30914
3128105,Guapé,MG,-20.7631,-45.9152,13772,28372
3128204,Guaraciaba,MG,-20.5716,-43.0094,9753,11813
3128253,Guaraciama,MG,-17.0142,-43.6675,5051,15444
3128402,Guarani,MG,-21.3563,-43.0328,7714,22476
3128303,Guaranésia,MG,-21.3009,-46.7964,19150,28694
3128501,Guarará,MG,-21.7304,-43.0334,3149,18299
3128600,Guarda-Mor,MG,-17.7673,-47.0998,6539,114813
3128709,Guaxupé,MG,-21.305,-46.7081,50911,55131
3128808,Guidoval,MG,-21.155,-42.7887,7131,17285
3128907,Guimarânia,MG,-18.8425,-46.7901,8478,38640
3129004,Guiricema,MG,-21.0098,-42.7207,7778,14699
3129103,Gurinhatã,MG,-19.2143,-49.7876,5192,34820
3129202,Heliodora,MG,-22.0644,-45.5453,6134,21753
3129301,Iapu,MG,-19.4387,-42.2147,12030,14662
3129400,Ibertioga,MG,-21.433,-43.9639,5198,19919
3129608,Ibiaí,MG,-16.8591,-44.9046,6286,18286
3129657,Ibiracatu,MG,-15.6605,-44.1667,5081,10087
3129707,Ibiraci,MG,-20.4611,-47.1222,10948,66517
3129806,Ibirité,MG,-20.0252,-44.0569,170537,18779
3129905,Ibitiúra de Minas,MG,-22.0604,-46.4368,3365,23067
3130002,Ibituruna,MG,-21.1541,-44.7479,2698,22003
3129509,Ibiá,MG,-19.4749,-46.5474,22229,69037
3130051,Icaraí de Minas,MG,-16.214,-44.9034,10677,10435
3130101,Igarapé,MG,-20.0707,-44.2994,45847,21091
3130200,Igaratinga,MG,-19.9476,-44.7063,10830,53360
3130309,Iguatama,MG,-20.1776,-45.7111,6826,85985
3130408,Ijaci,MG,-21.1738,-44.9233,7003,70591
3130507,Ilicínea,MG,-20.9402,-45.8308,12741,20835
3130556,Imbé de Minas,MG,-19.6017,-41.9695,6986,14486
3130606,Inconfidentes,MG,-22.3136,-46.3264,7301,18156
3130655,Indaiabira,MG,-15.4911,-42.2005,6346,13757
3130705,Indianópolis,MG,-19.0341,-47.9155,6171,141893
3130804,Ingaí,MG,-21.4024,-44.9152,2580,44841
3130903,Inhapim,MG,-19.5476,-42.1147,22692,17837
3131000,Inhaúma,MG,-19.4898,-44.3934,6239,23363
3131109,Inimutaba,MG,-18.7271,-44.3584,7371,12307
3131158,Ipaba,MG,-19.4158,-42.4139,17136,10520
3131208,Ipanema,MG,-19.7992,-41.7164,19522,17646
3131307,Ipatinga,MG,-19.4703,-42.5476,227731,77318
3131406,Ipiaçu,MG,-18.6927,-49.9436,3775,48488
3131505,Ipuiúna,MG,-22.1013,-46.1915,9135,20640
3131604,Iraí de Minas,MG,-18.9819,-47.461,7180,41985
3131703,Itabira,MG,-19.6239,-43.2312,113343,132091
3131802,Itabirinha,MG,-18.5712,-41.234,10362,13160
3131901,Itabirito,MG,-20.2501,-43.8038,53365,246215
3132008,Itacambira,MG,-17.0625,-43.3069,4252,14513
3132107,Itacarambi,MG,-15.089,-44.095,17208,13173
3132206,Itaguara,MG,-20.3947,-44.4875,13846,29048
3132305,Itaipé,MG,-17.4014,-41.6697,10463,11623
3132404,Itajubá,MG,-22.4225,-45.4598,93073,38805
3132503,Itamarandiba,MG,-17.8552,-42.8561,32948,19650
3132602,Itamarati de Minas,MG,-21.4179,-42.813,3690,18240
3132701,Itambacuri,MG,-18.035,-41.683,21042,16206
3132800,Itambé do Mato Dentro,MG,-19.4158,-43.3182,2142,16743
3132909,Itamogi,MG,-21.0758,-47.046,10770,21939
3133006,Itamonte,MG,-22.2859,-44.868,14786,79918
3133105,Itanhandu,MG,-22.2942,-44.9382,15236,30854
3133204,Itanhomi,MG,-19.1736,-41.863,11128,13592
3133303,Itaobim,MG,-16.5571,-41.5017,19151,16119
3133402,Itapagipe,MG,-19.9062,-49.3781,13690,37558
3133501,Itapecerica,MG,-20.4704,-45.127,21046,29886
3133600,Itapeva,MG,-22.7665,-46.2241,12692,66904
3133709,Itatiaiuçu,MG,-20.1983,-44.4211,12966,534811
3133907,Itaverava,MG,-20.6769,-43.6141,5642,12649
3133758,Itaú de Minas,MG,-20.7375,-46.7525,14406,50261
3133808,Itaúna,MG,-20.0818,-44.5801,97669,52036
3134004,Itinga,MG,-16.61,-41.7672,13745,10786
3134103,Itueta,MG,-19.3999,-41.1746,6055,20188
3134202,Ituiutaba,MG,-18.9772,-49.4639,102217,37148
3134301,Itumirim,MG,-21.3171,-44.8724,6638,13799
3134400,Iturama,MG,-19.7276,-50.1966,38295,52669
3134509,Itutinga,MG,-21.3,-44.6567,4217,40910
3134608,Jaboticatubas,MG,-19.5119,-43.7373,20406,14594
3134707,Jacinto,MG,-16.1428,-40.295,11042,11912
3134905,Jacutinga,MG,-22.286,-46.6166,25525,44806
3134806,Jacuí,MG,-21.0137,-46.7359,7495,20137
3135001,Jaguaraçu,MG,-19.647,-42.7498,3092,35512
3135076,Jampruca,MG,-18.461,-41.809,4296,19210
3135100,Janaúba,MG,-15.8022,-43.3132,70699,22682
3135209,Januária,MG,-15.4802,-44.3639,65150,12656
3135308,Japaraíba,MG,-20.1442,-45.5015,4506,22491
3135357,Japonvar,MG,-15.9891,-44.2758,8127,9526
3135050,Jaíba,MG,-15.3432,-43.6688,37660,22546
3135407,Jeceaba,MG,-20.5339,-43.9894,6197,315107
3135456,Jenipapo de Minas,MG,-17.0831,-42.2589,6100,13030
3135506,Jequeri,MG,-20.4542,-42.6651,12419,15619
3135605,Jequitaí,MG,-17.229,-44.4376,6484,20117
3135704,Jequitibá,MG,-19.2345,-44.0304,5883,21436
3135803,Jequitinhonha,MG,-16.4375,-41.0117,24007,11450
3135902,Jesuânia,MG,-21.9887,-45.2911,5138,20279
3136108,Joanésia,MG,-19.1729,-42.6775,4329,25456
3136405,Joaquim Felício,MG,-17.758,-44.1643,3854,18754
3136009,Joaíma,MG,-16.6522,-41.0229,13888,11711
3136504,Jordânia,MG,-15.9009,-40.1841,10304,10397
3136579,Josenópolis,MG,-16.5417,-42.5151,3630,15983
3136520,José Gonçalves de Minas,MG,-16.9053,-42.6014,3969,13036
3136553,José Raydan,MG,-18.2195,-42.4946,4268,16947
3136207,João Monlevade,MG,-19.8126,-43.1735,80187,60515
3136306,João Pinheiro,MG,-17.7398,-46.1715,46801,46075
3136652,Juatuba,MG,-19.9448,-44.3451,30716,46762
3136702,Juiz de Fora,MG,-21.7595,-43.3398,540756,37506
3136801,Juramento,MG,-16.8473,-43.5865,3768,13692
3136900,Juruaia,MG,-21.2493,-46.5735,11084,24727
3136959,Juvenília,MG,-14.2662,-44.1597,5789,11335
3137007,Ladainha,MG,-17.6279,-41.7488,14383,10244
3137106,Lagamar,MG,-18.1759,-46.8063,6631,36567
3137403,Lagoa Dourada,MG,-20.9139,-44.0797,12769,27048
3137502,Lagoa Formosa,MG,-18.7715,-46.4012,18904,29916
3137536,Lagoa Grande,MG,-17.8323,-46.5165,8969,32609
3137601,Lagoa Santa,MG,-19.6397,-43.8932,75145,29115
3137205,Lagoa da Prata,MG,-20.0237,-45.5401,51412,38605
3137304,Lagoa dos Patos,MG,-16.978,-44.5754,3313,17988
3137700,Lajinha,MG,-20.1539,-41.6228,20835,19187
3137809,Lambari,MG,-21.9671,-45.3498,20414,19851
3137908,Lamim,MG,-20.79,-43.4706,3184,16370
3138005,Laranjal,MG,-21.3715,-42.4732,5963,16055
3138104,Lassance,MG,-17.887,-44.5735,7124,27026
3138203,Lavras,MG,-21.248,-45.0009,104761,28076
3138302,Leandro Ferreira,MG,-19.7193,-45.0279,3199,17345
3138351,Leme do Prado,MG,-17.0793,-42.6936,4341,15246
3138401,Leopoldina,MG,-21.5296,-42.6421,51145,21755
3138500,Liberdade,MG,-22.0275,-44.3208,4737,22720
3138609,Lima Duarte,MG,-21.8386,-43.7934,17221,19698
3138625,Limeira do Oeste,MG,-19.5512,-50.5815,8687,53266
3138658,Lontra,MG,-15.9013,-44.306,8790,10675
3138674,Luisburgo,MG,-20.4468,-42.0976,6956,19086
3138682,Luislândia,MG,-16.1095,-44.5886,6210,10543
3138708,Luminárias,MG,-21.5145,-44.9034,5586,26683
3138807,Luz,MG,-19.7911,-45.6794,17875,36785
3138906,Machacalis,MG,-17.0723,-40.7245,6487,17329
3139003,Machado,MG,-21.6778,-45.9219,37684,36458
3139102,Madre de Deus de Minas,MG,-21.483,-44.3287,5191,58171
3139201,Malacacheta,MG,-17.8456,-42.0769,17516,13461
3139250,Mamonas,MG,-15.0479,-42.9469,5997,10018
3139300,Manga,MG,-14.7529,-43.9391,18886,12884
3139409,Manhuaçu,MG,-20.2572,-42.028,91886,35672
3139508,Manhumirim,MG,-20.3591,-41.9589,20613,27330
3139607,Mantena,MG,-18.7761,-40.9874,26535,17970
3139805,Mar de Espanha,MG,-21.8707,-43.0062,12721,17882
3139706,Maravilhas,MG,-19.5076,-44.6779,7333,31784
3139904,Maria da Fé,MG,-22.3044,-45.3773,14247,14257
3140001,Mariana,MG,-20.3765,-43.414,61387,120010
3140100,Marilac,MG,-18.5079,-42.0822,4224,13677
3140209,Maripá de Minas,MG,-21.6979,-42.9546,3387,22115
3140308,Marliéria,MG,-19.7096,-42.7327,4592,13157
3140407,Marmelópolis,MG,-22.447,-45.1645,3200,13372
3140506,Martinho Campos,MG,-19.3306,-45.2434,14003,33876
3140530,Martins Soares,MG,-20.2546,-41.8786,8396,25681
3140555,Mata Verde,MG,-15.6869,-40.7366,9112,10047
3140605,Materlândia,MG,-18.4699,-43.0579,3963,15273
3140704,Mateus Leme,MG,-19.9794,-44.4318,37841,28514
3171501,Mathias Lobato,MG,-18.59,-41.9166,3038,14478
3140803,Matias Barbosa,MG,-21.869,-43.3135,14121,44473
3140852,Matias Cardoso,MG,-14.8563,-43.9146,8895,17811
3140902,Matipó,MG,-20.2873,-42.3401,18552,22918
3141009,Mato Verde,MG,-15.3944,-42.86,12038,13086
3141108,Matozinhos,MG,-19.5543,-44.0868,37618,40020
3141207,Matutina,MG,-19.2179,-45.9664,3814,25481
3141306,Medeiros,MG,-19.9865,-46.2181,3900,63407
3141405,Medina,MG,-16.2245,-41.4728,20156,12551
3141504,Mendes Pimentel,MG,-18.6631,-41.4052,5606,13808
3141603,Mercês,MG,-21.1976,-43.3337,10373,14625
3141702,Mesquita,MG,-19.224,-42.6079,5040,11792
3141801,Minas Novas,MG,-17.2156,-42.5884,24405,14343
3141900,Minduri,MG,-21.6797,-44.6051,3741,43774
3142007,Mirabela,MG,-16.256,-44.1602,13651,11940
3142106,Miradouro,MG,-20.8899,-42.3458,8968,19399
3142254,Miravânia,MG,-14.7348,-44.4092,3985,11743
3142205,Miraí,MG,-21.2021,-42.6122,13633,24496
3142304,Moeda,MG,-20.3399,-44.0509,5125,14997
3142403,Moema,MG,-19.8387,-45.4127,7548,20221
3142502,Monjolos,MG,-18.3245,-44.118,2169,21577
3142601,Monsenhor Paulo,MG,-21.7579,-45.5391,8340,27353
3142700,Montalvânia,MG,-14.4197,-44.3719,14060,11764
3142809,Monte Alegre de Minas,MG,-18.869,-48.881,20170,37599
3142908,Monte Azul,MG,-15.1514,-42.8718,20328,12597
3143005,Monte Belo,MG,-21.3271,-46.3635,13046,28071
3143104,Monte Carmelo,MG,-18.7302,-47.4912,47692,32693
3143153,Monte Formoso,MG,-16.8691,-41.2473,4381,10065
3143203,Monte Santo de Minas,MG,-21.1873,-46.9753,20890,23129
3143401,Monte Sião,MG,-22.4335,-46.573,24089,25152
3143302,Montes Claros,MG,-16.7282,-43.8578,414240,26071
3143450,Montezuma,MG,-15.1702,-42.4941,6888,13218
3143500,Morada Nova de Minas,MG,-18.5998,-45.3584,9067,59722
3143609,Morro da Garça,MG,-18.5356,-44.601,2411,21175
3143708,Morro do Pilar,MG,-19.2236,-43.3795,3133,14075
3143807,Munhoz,MG,-22.6092,-46.362,7451,17208
3143906,Muriaé,MG,-21.13,-42.3693,104108,25494
3144003,Mutum,MG,-19.8121,-41.4407,27635,18414
3144102,Muzambinho,MG,-21.3692,-46.5213,21891,24458
3140159,Mário Campos,MG,-20.0582,-44.1883,15900,12450
3144201,Nacip Raydan,MG,-18.4544,-42.2481,2459,15198
3144300,Nanuque,MG,-17.8481,-40.3533,35038,23074
3144359,Naque,MG,-19.2291,-42.3312,6303,14302
3144375,Natalândia,MG,-16.5021,-46.4874,3520,21353
3144409,Natércia,MG,-22.1158,-45.5123,4691,24599
3144508,Nazareno,MG,-21.2168,-44.6138,8179,81771
3144607,Nepomuceno,MG,-21.2324,-45.235,25018,24703
3144656,Ninheira,MG,-15.3148,-41.7564,10588,11933
3144672,Nova Belém,MG,-18.4925,-41.1107,3151,26479
3144706,Nova Era,MG,-19.7577,-43.0333,17438,24817
3144805,Nova Lima,MG,-19.9758,-43.8509,111697,188374
3144904,Nova Módica,MG,-18.4417,-41.4984,3663,16011
3145000,Nova Ponte,MG,-19.1461,-47.6779,14598,76445
3145059,Nova Porteirinha,MG,-15.7993,-43.2941,6706,17350
3145109,Nova Resende,MG,-21.1286,-46.4157,16387,23532
3145208,Nova Serrana,MG,-19.8713,-44.9847,105552,24957
3136603,Nova União,MG,-19.6876,-43.583,5909,18190
3145307,Novo Cruzeiro,MG,-17.4654,-41.8826,26975,12248
3145356,Novo Oriente de Minas,MG,-17.4089,-41.2194,10275,11831
3145372,Novorizonte,MG,-16.0162,-42.4044,4571,15400
3145406,Olaria,MG,-21.8598,-43.9356,1945,16403
3145455,Olhos d'Água,MG,-17.3982,-43.5719,5385,39353
3145604,Oliveira,MG,-20.6982,-44.829,39262,28222
3145703,Oliveira Fortes,MG,-21.3401,-43.4499,2027,19990
3145505,Olímpio Noronha,MG,-22.0685,-45.2657,2555,17191
3145802,Onça de Pitangui,MG,-19.7276,-44.8058,2969,21864
3145851,Oratórios,MG,-20.4298,-42.7977,4917,14407
3145877,Orizânia,MG,-20.5142,-42.1991,8437,14468
3145901,Ouro Branco,MG,-20.5263,-43.6962,38724,136250
3146008,Ouro Fino,MG,-22.2779,-46.3716,32094,29104
3146107,Ouro Preto,MG,-20.3796,-43.512,74821,127221
3146206,Ouro Verde de Minas,MG,-18.0719,-41.2734,5757,11776
3146255,Padre Carvalho,MG,-16.3646,-42.5088,5058,11503
3146305,Padre Paraíso,MG,-17.0758,-41.4821,17334,12339
3146552,Pai Pedro,MG,-15.5271,-43.07,5551,10564
3146404,Paineiras,MG,-18.8993,-45.5321,4224,19603
3146503,Pains,MG,-20.3705,-45.6627,8142,65232
3146602,Paiva,MG,-21.2913,-43.4088,1474,18516
3146701,Palma,MG,-21.3748,-42.3123,5707,18159
3146750,Palmópolis,MG,-16.7364,-40.4296,6301,10131
3146909,Papagaios,MG,-19.4419,-44.7468,13920,26895
3147006,Paracatu,MG,-17.2252,-46.8711,94023,76564
3147204,Paraguaçu,MG,-21.5465,-45.7374,21723,29961
3147303,Paraisópolis,MG,-22.5539,-45.7803,20445,28980
3147402,Paraopeba,MG,-19.2732,-44.4044,24107,38107
3147105,Pará de Minas,MG,-19.8534,-44.6114,97139,41431
3147600,Passa Quatro,MG,-22.3871,-44.9709,15515,30394
3147709,Passa Tempo,MG,-20.6539,-44.4926,8473,56776
3147808,Passa-Vinte,MG,-22.2097,-44.2344,2233,18842
3147501,Passabém,MG,-19.3509,-43.1383,1600,14742
3147907,Passos,MG,-20.7193,-46.609,111939,27013
3147956,Patis,MG,-16.0773,-44.0787,4837,11376
3148004,Patos de Minas,MG,-18.5699,-46.5013,159235,38599
3148103,Patrocínio,MG,-18.9379,-46.9934,89826,40964
3148202,Patrocínio do Muriaé,MG,-21.1544,-42.2125,5576,20806
3148301,Paula Cândido,MG,-20.8754,-42.9752,8659,15797
3148400,Paulistas,MG,-18.4276,-42.8628,4389,15344
3148509,Pavão,MG,-17.4267,-41.0035,8047,11564
3148707,Pedra Azul,MG,-16.0086,-41.2909,24410,16441
3148756,Pedra Bonita,MG,-20.5219,-42.3304,7320,13181
3149002,Pedra Dourada,MG,-20.8266,-42.1515,2757,15333
3148806,Pedra do Anta,MG,-20.5968,-42.7123,3311,17428
3148905,Pedra do Indaiá,MG,-20.2563,-45.2107,4112,28237
3149101,Pedralva,MG,-22.2386,-45.4654,10760,16977
3149150,Pedras de Maria da Cruz,MG,-15.6032,-44.391,10433,10507
3149200,Pedrinópolis,MG,-19.2241,-47.4579,3344,61033
3149309,Pedro Leopoldo,MG,-19.6308,-44.0383,62580,30971
3149408,Pedro Teixeira,MG,-21.7076,-43.743,1810,16718
3149507,Pequeri,MG,-21.8341,-43.1145,3351,18654
3149606,Pequi,MG,-19.6284,-44.6604,4155,20578
3149705,Perdigão,MG,-19.9411,-45.078,12268,19129
3149804,Perdizes,MG,-19.3434,-47.2963,17151,94989
3149903,Perdões,MG,-21.0932,-45.0896,21384,29320
3149952,Periquito,MG,-19.1573,-42.2333,6553,17042
3150000,Pescador,MG,-18.357,-41.6006,3570,13186
3148608,Peçanha,MG,-18.5441,-42.5583,17446,15483
3150109,Piau,MG,-21.5096,-43.313,2796,33135
3150158,Piedade de Caratinga,MG,-19.7593,-42.0756,8529,16509
3150208,Piedade de Ponte Nova,MG,-20.2438,-42.7379,3976,15776
3150307,Piedade do Rio Grande,MG,-21.469,-44.1938,4604,23977
3150406,Piedade dos Gerais,MG,-20.4715,-44.2243,5019,17890
3150505,Pimenta,MG,-20.4827,-45.8049,8563,32898
3150539,Pingo-d'Água,MG,-19.7287,-42.4095,4706,11197
3150570,Pintópolis,MG,-16.0572,-45.1402,7084,10038
3150604,Piracema,MG,-20.5089,-44.4783,6700,45245
3150703,Pirajuba,MG,-19.9092,-48.7027,5537,72910
3150802,Piranga,MG,-20.6834,-43.2967,17018,11761
3151008,Piranguinho,MG,-22.395,-45.5324,9120,14927
3150901,Piranguçu,MG,-22.5249,-45.4945,6041,12972
3151107,Pirapetinga,MG,-21.6554,-42.3434,11077,57199
3151206,Pirapora,MG,-17.3392,-44.934,55606,51642
3151305,Piraúba,MG,-21.2825,-43.0172,11610,17254
3151404,Pitangui,MG,-19.6741,-44.8964,26685,27779
3151503,Piumhi,MG,-20.4762,-45.9589,36062,35512
3151602,Planura,MG,-20.1376,-48.7,11145,51524
3151909,Pocrane,MG,-19.6208,-41.6334,8350,14575
3152006,Pompéu,MG,-19.2257,-45.0141,31047,37695
3152105,Ponte Nova,MG,-20.4111,-42.8978,57776,37076
3152131,Ponto Chique,MG,-16.6282,-45.0588,3747,13900
3152170,Ponto dos Volantes,MG,-16.7473,-41.5025,10883,11258
3152204,Porteirinha,MG,-15.7404,-43.0281,37438,14076
3152303,Porto Firme,MG,-20.6642,-43.0834,10569,12322
3152402,Poté,MG,-17.8077,-41.786,13666,12349
3152501,Pouso Alegre,MG,-22.2266,-45.9389,152217,70414
3152600,Pouso Alto,MG,-22.1964,-44.9748,6566,42247
3151701,Poço Fundo,MG,-21.78,-45.9658,16390,24639
3151800,Poços de Caldas,MG,-21.78,-46.5692,163742,52075
3152709,Prados,MG,-21.0597,-44.0778,9048,25316
3152808,Prata,MG,-19.3086,-48.9276,28342,45615
3153004,Pratinha,MG,-19.739,-46.3755,3559,43472
3152907,Pratápolis,MG,-20.7411,-46.8624,8406,27197
3153103,Presidente Bernardes,MG,-20.7656,-43.1895,4850,13969
3153202,Presidente Juscelino,MG,-18.6401,-44.06,3465,14171
3153301,Presidente Kubitschek,MG,-18.6193,-43.5628,3071,11785
3153400,Presidente Olegário,MG,-18.4096,-46.4165,18765,38978
3153608,Prudente de Morais,MG,-19.4742,-44.1591,11466,17713
3153707,Quartel Geral,MG,-19.2703,-45.5569,3179,24412
3153806,Queluzito,MG,-20.7416,-43.8851,1770,22625
3153905,Raposos,MG,-19.9636,-43.8079,16279,11898
3154002,Raul Soares,MG,-20.1061,-42.4502,23423,18073
3154101,Recreio,MG,-21.5289,-42.4676,11007,11197
3154150,Reduto,MG,-20.2401,-41.9848,7848,15441
3154200,Resende Costa,MG,-20.9171,-44.2407,11230,18475
3154309,Resplendor,MG,-19.3194,-41.2462,17226,16126
3154408,Ressaquinha,MG,-21.0642,-43.7598,4548,81985
3154457,Riachinho,MG,-16.2258,-45.9888,6863,22912
3154507,Riacho dos Machados,MG,-16.0091,-43.0488,8756,60821
3154705,Ribeirão Vermelho,MG,-21.1879,-45.0637,4080,25820
3154606,Ribeirão das Neves,MG,-19.7621,-44.0844,329794,15707
3154804,Rio Acima,MG,-20.0876,-43.7878,10261,46039
3154903,Rio Casca,MG,-20.2285,-42.6462,12789,18557
3155009,Rio Doce,MG,-20.2412,-42.8995,2484,20874
3155207,Rio Espera,MG,-20.855,-43.4721,5429,10975
3155306,Rio Manso,MG,-20.2666,-44.3069,5568,20429
3155405,Rio Novo,MG,-21.4649,-43.1168,8518,14093
3155504,Rio Paranaíba,MG,-19.1861,-46.2455,14532,62374
3155603,Rio Pardo de Minas,MG,-15.616,-42.5405,28271,12218
3155702,Rio Piracicaba,MG,-19.9284,-43.1829,14631,91563
3155801,Rio Pomba,MG,-21.2712,-43.1696,17443,23920
3155900,Rio Preto,MG,-22.0861,-43.8293,5141,13448
3156007,Rio Vermelho,MG,-18.2922,-43.0018,12641,11135
3155108,Rio do Prado,MG,-16.6056,-40.5714,4639,11350
3156106,Ritápolis,MG,-21.0276,-44.3204,4994,18088
3156205,Rochedo de Minas,MG,-21.6284,-43.0165,2291,50048
3156304,Rodeiro,MG,-21.2035,-42.8586,8664,62864
3156403,Romaria,MG,-18.8838,-47.5782,3386,80221
3156452,Rosário da Limeira,MG,-20.9812,-42.5112,4734,14306
3156502,Rubelita,MG,-16.4053,-42.261,5679,14102
3156601,Rubim,MG,-16.3775,-40.5397,10298,10846
3156700,Sabará,MG,-19.884,-43.8263,129380,32477
3156809,Sabinópolis,MG,-18.6653,-43.0752,14240,23506
3156908,Sacramento,MG,-19.8622,-47.4508,26670,78397
3157005,Salinas,MG,-16.1753,-42.2964,40178,16608
3157104,Salto da Divisa,MG,-16.0063,-39.9391,6110,21606
3157203,Santa Bárbara,MG,-19.9604,-43.4101,30466,53448
3157252,Santa Bárbara do Leste,MG,-19.9753,-42.1457,8458,13203
3157278,Santa Bárbara do Monte Verde,MG,-21.9592,-43.7027,3095,18178
3157302,Santa Bárbara do Tugúrio,MG,-21.2431,-43.5607,4208,16778
3157336,Santa Cruz de Minas,MG,-21.1241,-44.2202,8109,12758
3157377,Santa Cruz de Salinas,MG,-16.0967,-41.7418,3910,12531
3157401,Santa Cruz do Escalvado,MG,-20.2372,-42.8169,4673,16474
3157500,Santa Efigênia de Minas,MG,-18.8235,-42.4388,4039,12629
3157609,Santa Fé de Minas,MG,-16.6859,-45.4102,3522,17015
3157658,Santa Helena de Minas,MG,-16.9707,-40.6727,5938,9755
3157708,Santa Juliana,MG,-19.3108,-47.5322,15734,54678
3157807,Santa Luzia,MG,-19.7548,-43.8497,219132,24130
3157906,Santa Margarida,MG,-20.3839,-42.2519,16395,21592
3158003,Santa Maria de Itabira,MG,-19.4431,-43.1064,10485,25665
3158102,Santa Maria do Salto,MG,-16.2479,-40.1512,4755,10512
3158201,Santa Maria do Suaçuí,MG,-18.1896,-42.4139,12788,13357
3159209,Santa Rita de Caldas,MG,-22.0292,-46.3385,8460,26942
3159407,Santa Rita de Ibitipoca,MG,-21.5658,-43.9163,3301,18782
3159308,Santa Rita de Jacutinga,MG,-22.1474,-44.0977,4755,15730
3159357,Santa Rita de Minas,MG,-19.876,-42.1363,6773,22410
3159506,Santa Rita do Itueto,MG,-19.3576,-41.3821,5826,30743
3159605,Santa Rita do Sapucaí,MG,-22.2461,-45.7034,40635,47842
3159704,Santa Rosa da Serra,MG,-19.5186,-45.9611,3382,30165
3159803,Santa Vitória,MG,-18.8414,-50.1208,20973,38267
3158300,Santana da Vargem,MG,-21.2449,-45.5005,6691,36360
3158409,Santana de Cataguases,MG,-21.2893,-42.5524,3489,14302
3158508,Santana de Pirapama,MG,-18.9962,-44.0409,7030,16618
3158607,Santana do Deserto,MG,-21.9512,-43.1583,3747,12638
3158706,Santana do Garambéu,MG,-21.5983,-44.105,2137,18321
3158805,Santana do Jacaré,MG,-20.9007,-45.1285,4214,25110
3158904,Santana do Manhuaçu,MG,-20.1031,-41.9278,8987,21122
3158953,Santana do Paraíso,MG,-19.3661,-42.5446,44800,16734
3159001,Santana do Riacho,MG,-19.1662,-43.722,5313,19531
3159100,Santana dos Montes,MG,-20.7868,-43.6949,3469,14375
3159902,Santo Antônio do Amparo,MG,-20.943,-44.9176,17285,20502
3160009,Santo Antônio do Aventureiro,MG,-21.7606,-42.8115,3769,18012
3160108,Santo Antônio do Grama,MG,-20.3185,-42.6047,4229,20219
3160207,Santo Antônio do Itambé,MG,-18.4609,-43.3006,3915,11423
3160306,Santo Antônio do Jacinto,MG,-16.5332,-40.1817,10327,11090
3160405,Santo Antônio do Monte,MG,-20.085,-45.2947,27295,30880
3160454,Santo Antônio do Retiro,MG,-15.3393,-42.6171,6629,10673
3160504,Santo Antônio do Rio Abaixo,MG,-19.2374,-43.2604,1808,15756
3160603,Santo Hipólito,MG,-18.2968,-44.2229,2717,18473
3160702,Santos Dumont,MG,-21.4634,-43.5499,42406,25978
3165404,Sapucaí-Mirim,MG,-22.7409,-45.738,6311,17471
3165503,Sardoá,MG,-18.7828,-42.3629,5104,13482
3165537,Sarzedo,MG,-20.0367,-44.1446,36844,59449
3165560,Sem-Peixe,MG,-20.1008,-42.8483,2433,15068
3165578,Senador Amaral,MG,-22.5869,-46.1763,6206,14406
3165602,Senador Cortes,MG,-21.7986,-42.9424,2240,16979
3165701,Senador Firmino,MG,-20.9158,-43.0904,7716,13829
3165800,Senador José Bento,MG,-22.1633,-46.1792,2068,17167
3165909,Senador Modestino Gonçalves,MG,-17.9465,-43.2172,4008,23005
3166006,Senhora de Oliveira,MG,-20.7972,-43.3394,5483,14785
3166105,Senhora do Porto,MG,-18.8909,-43.0799,3067,16207
3166204,Senhora dos Remédios,MG,-21.0351,-43.5812,10384,11145
3166303,Sericita,MG,-20.4748,-42.4828,7345,14289
3166402,Seritinga,MG,-21.9134,-44.518,1819,24860
3166501,Serra Azul de Minas,MG,-18.3602,-43.1675,3792,11880
3166600,Serra da Saudade,MG,-19.4447,-45.795,833,26310
3166808,Serra do Salitre,MG,-19.1083,-46.6961,11801,83334
3166709,Serra dos Aimorés,MG,-17.7872,-40.2453,6944,13410
3166907,Serrania,MG,-21.5441,-46.0417,7621,21215
3167004,Serranos,MG,-21.8857,-44.5125,1990,19372
3166956,Serranópolis de Minas,MG,-15.8176,-42.8732,4399,10785
3167103,Serro,MG,-18.5991,-43.3744,21952,13319
3167202,Sete Lagoas,MG,-19.4569,-44.2413,227397,55655
3165552,Setubinha,MG,-17.6002,-42.1587,9917,12374
3167301,Silveirânia,MG,-21.1615,-43.2128,2323,15123
3167400,Silvianópolis,MG,-22.0274,-45.8385,6179,22900
3167608,Simonésia,MG,-20.1341,-42.0091,19750,14441
3167509,Simão Pereira,MG,-21.964,-43.3088,2947,35267
3167707,Sobrália,MG,-19.2345,-42.0998,5137,13111
3167806,Soledade de Minas,MG,-22.0554,-45.0464,5613,14580
3160801,São Bento Abade,MG,-21.5839,-45.0699,4713,18945
3160900,São Brás do Suaçuí,MG,-20.6242,-43.9515,3989,20177
3160959,São Domingos das Dores,MG,-19.5246,-42.0106,5626,16250
3161007,São Domingos do Prata,MG,-19.8678,-42.971,17392,18023
3161106,São Francisco,MG,-15.9514,-44.8593,52762,12284
3161205,São Francisco de Paula,MG,-20.7036,-44.9838,6187,24324
3161304,São Francisco de Sales,MG,-19.8611,-49.7727,5732,33815
3161403,São Francisco do Glória,MG,-20.7923,-42.2673,4800,15116
3161056,São Félix de Minas,MG,-18.5959,-41.4889,3200,13716
3161502,São Geraldo,MG,-20.9252,-42.8364,10282,25601
3161601,São Geraldo da Piedade,MG,-18.8411,-42.2867,3305,13556
3161650,São Geraldo do Baixio,MG,-18.9097,-41.363,3143,15885
3161700,São Gonçalo do Abaeté,MG,-18.3315,-45.8265,7375,44154
3161809,São Gonçalo do Pará,MG,-19.9822,-44.8593,11770,26436
3161908,São Gonçalo do Rio Abaixo,MG,-19.8221,-43.366,11850,641670
3125507,São Gonçalo do Rio Preto,MG,-18.0025,-43.3854,3032,16076
3162005,São Gonçalo do Sapucaí,MG,-21.8932,-45.5893,23959,41174
3162104,São Gotardo,MG,-19.3087,-46.0465,40910,29064
3162922,São Joaquim de Bicas,MG,-20.048,-44.2749,34348,31532
3162948,São José da Barra,MG,-20.7178,-46.313,7793,114387
3162955,São José da Lapa,MG,-19.6971,-43.9586,26090,23934
3163003,São José da Safira,MG,-18.3243,-42.1431,3806,13016
3163102,São José da Varginha,MG,-19.7006,-44.556,4536,25258
3163201,São José do Alegre,MG,-22.3243,-45.5258,4133,14019
3163300,São José do Divino,MG,-18.4793,-41.3907,3464,15310
3163409,São José do Goiabal,MG,-19.9214,-42.7035,5396,12485
3163508,São José do Jacuri,MG,-18.281,-42.6729,6197,16117
3163607,São José do Mantimento,MG,-20.0058,-41.7486,2753,16042
3162203,São João Batista do Glória,MG,-20.635,-46.508,7652,35034
3162807,São João Evangelista,MG,-18.548,-42.7655,15315,16532
3162906,São João Nepomuceno,MG,-21.5381,-43.0069,25565,19793
3162252,São João da Lagoa,MG,-16.8455,-44.3507,4822,12526
3162302,São João da Mata,MG,-21.928,-45.9297,2914,18902
3162401,São João da Ponte,MG,-15.9271,-44.0096,23930,11253
3162450,São João das Missões,MG,-14.8859,-44.0922,13024,7095
3162500,São João del Rei,MG,-21.1311,-44.2526,90225,33294
3162559,São João do Manhuaçu,MG,-20.3933,-42.1533,11246,16279
3162575,São João do Manteninha,MG,-18.723,-41.1628,5331,15234
3162609,São João do Oriente,MG,-19.3384,-42.1575,7070,14403
3162658,São João do Pacuí,MG,-16.5373,-44.5134,3972,11241
3162708,São João do Paraíso,MG,-15.3168,-42.0213,23910,11921
3163706,São Lourenço,MG,-22.1166,-45.0506,44798,26291
3163805,São Miguel do Anta,MG,-20.7067,-42.7174,6334,16587
3163904,São Pedro da União,MG,-21.131,-46.6123,4885,30327
3164100,São Pedro do Suaçuí,MG,-18.3609,-42.5981,5103,16024
3164001,São Pedro dos Ferros,MG,-20.1732,-42.5251,7166,18750
3164209,São Romão,MG,-16.3641,-45.0749,10315,23565
3164308,São Roque de Minas,MG,-20.249,-46.3639,7129,45333
3164407,São Sebastião da Bela Vista,MG,-22.1583,-45.7546,6387,69289
3164431,São Sebastião da Vargem Alegre,MG,-19.7477,-43.3679,3113,21457
3164472,São Sebastião do Anta,MG,-19.5064,-41.985,6194,16829
3164506,São Sebastião do Maranhão,MG,-18.0873,-42.5659,10079,10001
3164605,São Sebastião do Oeste,MG,-20.2758,-45.0063,8815,67688
3164704,São Sebastião do Paraíso,MG,-20.9167,-46.9837,71796,31121
3164803,São Sebastião do Rio Preto,MG,-19.2959,-43.1757,1259,20624
3164902,São Sebastião do Rio Verde,MG,-22.2183,-44.9761,2300,15511
3165206,São Thomé das Letras,MG,-21.7218,-44.9849,6904,19893
3165008,São Tiago,MG,-20.9075,-44.5098,11192,21981
3165107,São Tomás de Aquino,MG,-20.7791,-47.0962,6740,28961
3165305,São Vicente de Minas,MG,-21.7042,-44.4431,6804,30288
3167905,Tabuleiro,MG,-21.3632,-43.2381,4014,16367
3168002,Taiobeiras,MG,-15.8106,-42.2259,33050,16860
3168051,Taparuba,MG,-19.7621,-41.608,3387,14488
3168101,Tapira,MG,-19.9166,-46.8264,4118,167239
3168200,Tapiraí,MG,-19.8936,-46.0221,1690,33166
3168309,Taquaraçu de Minas,MG,-19.6652,-43.6922,4224,15607
3168408,Tarumirim,MG,-19.2835,-42.0097,14709,12801
3168507,Teixeiras,MG,-20.6561,-42.8564,12255,15607
3168606,Teófilo Otoni,MG,-17.8595,-41.5087,137418,21482
3168705,Timóteo,MG,-19.5811,-42.6471,81579,68763
3168804,Tiradentes,MG,-21.1102,-44.1744,7744,26552
3168903,Tiros,MG,-19.0037,-45.9626,7883,48186
3169000,Tocantins,MG,-21.1774,-43.0127,16185,21585
3169059,Tocos do Moji,MG,-22.3698,-46.0971,3826,18483
3169109,Toledo,MG,-22.7421,-46.3728,7214,14845
3169208,Tombos,MG,-20.9086,-42.0228,8609,15210
3169307,Três Corações,MG,-21.6921,-45.2511,75485,39199
3169356,Três Marias,MG,-18.2048,-45.2473,28895,109006
3169406,Três Pontas,MG,-21.3694,-45.5109,55255,33983
3169505,Tumiritinga,MG,-18.9844,-41.6527,5886,14145
3169604,Tupaciguara,MG,-18.5866,-48.6985,25470,37152
3169703,Turmalina,MG,-17.2828,-42.7285,20000,22177
3169802,Turvolândia,MG,-21.8733,-45.7859,4935,28333
3170057,Ubaporanga,MG,-19.6351,-42.1059,13017,12904
3170008,Ubaí,MG,-16.2885,-44.7783,11708,10009
3170107,Uberaba,MG,-19.7472,-47.9381,337836,60338
3170206,Uberlândia,MG,-18.9141,-48.2749,713224,60333
3169901,Ubá,MG,-21.1204,-42.9359,103365,34419
3170305,Umburatiba,MG,-17.2548,-40.5779,2684,16450
3170404,Unaí,MG,-16.3592,-46.9022,86619,49836
3170438,União de Minas,MG,-19.5299,-50.338,3828,34065
3170479,Uruana de Minas,MG,-16.0634,-46.2443,3282,29582
3170529,Urucuia,MG,-16.1244,-45.7352,17479,11054
3170503,Urucânia,MG,-20.3521,-42.737,10600,22632
3170578,Vargem Alegre,MG,-19.5988,-42.2949,5780,13384
3170602,Vargem Bonita,MG,-20.3333,-46.3688,2158,40604
3170651,Vargem Grande do Rio Pardo,MG,-15.3987,-42.3085,4633,14706
3170701,Varginha,MG,-21.5556,-45.4364,136467,59307
3170750,Varjão de Minas,MG,-18.3741,-46.0313,6969,45415
3170909,Varzelândia,MG,-15.6992,-44.0278,18840,9936
3171006,Vazante,MG,-17.9827,-46.9088,19975,58513
3171030,Verdelândia,MG,-15.5845,-43.6121,7672,15047
3171071,Veredinha,MG,-17.3974,-42.7307,5181,25690
3171154,Vermelho Novo,MG,-20.0406,-42.2688,4899,13107
3171105,Veríssimo,MG,-19.6657,-48.3118,3411,49961
3171204,Vespasiano,MG,-19.6883,-43.9239,129246,23359
3171402,Vieiras,MG,-20.867,-42.2401,3700,14442
3171600,Virgem da Lapa,MG,-16.807,-42.3431,11804,11146
3171808,Virginópolis,MG,-18.8154,-42.7015,10314,17837
3171907,Virgolândia,MG,-18.4738,-42.3067,4552,13768
3171709,Virgínia,MG,-22.3264,-45.0965,8908,20251
3172004,Visconde do Rio Branco,MG,-21.0127,-42.8361,39160,34455
3171303,Viçosa,MG,-20.7559,-42.8742,76430,23699
3172103,Volta Grande,MG,-21.7671,-42.5375,4443,31477
3170800,Várzea da Palma,MG,-17.5944,-44.7226,33744,32224
3172202,Wenceslau Braz,MG,-22.5368,-45.3626,2356,14037
3100609,Água Boa,MG,-17.9914,-42.3806,12589,15257
3100708,Água Comprida,MG,-20.0576,-48.1069,2108,109111
3100906,Águas Formosas,MG,-17.0802,-40.9384,18448,15587
3101003,Águas Vermelhas,MG,-15.7431,-41.4571,14037,16862
5000252,Alcinópolis,MS,-18.3255,-53.7042,4537,52436
5000609,Amambai,MS,-23.1058,-55.2253,39325,51715
5000708,Anastácio,MS,-20.4823,-55.8104,24114,25293
5000807,Anaurilândia,MS,-22.1852,-52.7191,7653,53623
5000856,Angélica,MS,-22.1527,-53.7708,10729,82385
5000906,Antônio João,MS,-22.1927,-55.9517,9303,93152
5001003,Aparecida do Taboado,MS,-20.0873,-51.0961,27674,59991
5001102,Aquidauana,MS,-20.4666,-55.7868,46803,23863
5001243,Aral Moreira,MS,-22.9385,-55.6334,10748,116822
5001508,Bandeirantes,MS,-19.9275,-54.3585,7940,98251
5001904,Bataguassu,MS,-21.7159,-52.4221,23031,45812
5002001,Batayporã,MS,-22.2944,-53.2705,10712,56366
5002100,Bela Vista,MS,-22.1073,-56.5263,21613,43105
5002159,Bodoquena,MS,-20.537,-56.7127,8567,38819
5002209,Bonito,MS,-21.1261,-56.4836,23659,47765
5002308,Brasilândia,MS,-21.2544,-52.0365,11579,72017
5002407,Caarapó,MS,-22.6368,-54.8209,30612,64259
5002605,Camapuã,MS,-19.5347,-54.0431,13583,44749
5002704,Campo Grande,MS,-20.4486,-54.6295,898100,39180
5002803,Caracol,MS,-22.011,-57.0277,5036,34680
5002902,Cassilândia,MS,-19.1179,-51.7313,20988,33940
5002951,Chapadão do Sul,MS,-18.788,-52.6263,30993,85667
5003108,Corguinho,MS,-19.8243,-54.8281,4783,30238
5003157,Coronel Sapucaia,MS,-23.2724,-55.5278,14289,23527
5003207,Corumbá,MS,-19.0077,-57.651,96268,39963
5003256,Costa Rica,MS,-18.5432,-53.1287,26037,98174
5003306,Coxim,MS,-18.5013,-54.751,32151,38126
5003454,Deodápolis,MS,-22.2763,-54.1682,13663,33762
5003488,Dois Irmãos do Buriti,MS,-20.6848,-55.2915,11100,28011
5003504,Douradina,MS,-22.0405,-54.6158,5578,38471
5003702,Dourados,MS,-22.2231,-54.812,243367,50542
5003751,Eldorado,MS,-23.7868,-54.2838,11386,46082
5003900,Figueirão,MS,-18.6782,-53.638,3539,40162
5003801,Fátima do Sul,MS,-22.3789,-54.5131,20609,33922
5004007,Glória de Dourados,MS,-22.4136,-54.2335,10444,26819
5004106,Guia Lopes da Laguna,MS,-21.4583,-56.1117,9940,35234
5004304,Iguatemi,MS,-23.6736,-54.5637,13808,57082
5004403,Inocência,MS,-19.7277,-51.9281,8404,48326
5004502,Itaporã,MS,-22.08,-54.7934,24137,46573
5004601,Itaquiraí,MS,-23.4779,-54.187,19423,64814
5004700,Ivinhema,MS,-22.3046,-53.8184,27821,52537
5004809,Japorã,MS,-23.8903,-54.4059,8148,20257
5004908,Jaraguari,MS,-20.1386,-54.3996,7139,51967
5005004,Jardim,MS,-21.4799,-56.1489,23981,38785
5005103,Jateí,MS,-22.4806,-54.3079,3586,132415
5005152,Juti,MS,-22.8596,-54.6061,6729,71889
5005202,Ladário,MS,-19.0089,-57.5973,21522,17239
5005251,Laguna Carapã,MS,-22.5448,-55.1502,6799,161390
5005400,Maracaju,MS,-21.6105,-55.1678,45047,100287
5005608,Miranda,MS,-20.2355,-56.3746,25536,24734
5005681,Mundo Novo,MS,-23.9355,-54.281,19193,49093
5005707,Naviraí,MS,-23.0618,-54.1995,50457,57507
5005806,Nioaque,MS,-21.1419,-55.8296,13220,33832
5006002,Nova Alvorada do Sul,MS,-21.4657,-54.3825,21822,104606
5006200,Nova Andradina,MS,-22.238,-53.3437,48563,67579
5006259,Novo Horizonte do Sul,MS,-22.6693,-53.8601,4721,59122
5006309,Paranaíba,MS,-19.6746,-51.1909,40957,38755
5006358,Paranhos,MS,-23.8911,-55.429,12921,22136
5006275,Paraíso das Águas,MS,-19.0216,-53.0116,5510,235317
5006408,Pedro Gomes,MS,-18.0996,-54.5507,6941,38748
5006606,Ponta Porã,MS,-22.5296,-55.7203,92017,51855
5006903,Porto Murtinho,MS,-21.6981,-57.8836,12859,36093
5007109,Ribas do Rio Pardo,MS,-20.4445,-53.7588,23150,84897
5007208,Rio Brilhante,MS,-21.8033,-54.5427,37601,87729
5007307,Rio Negro,MS,-19.447,-54.9859,4841,26898
5007406,Rio Verde de Mato Grosso,MS,-18.9249,-54.8434,19818,30374
5007505,Rochedo,MS,-19.9565,-54.8848,5199,44617
5007554,Santa Rita do Pardo,MS,-21.3016,-52.8333,7027,66469
5007802,Selvíria,MS,-20.3637,-51.4192,8142,211426
5007703,Sete Quedas,MS,-23.9705,-55.0398,10994,38038
5007901,Sidrolândia,MS,-20.9302,-54.9692,47118,70625
5007935,Sonora,MS,-17.5698,-54.7551,14516,70561
5007695,São Gabriel do Oeste,MS,-19.3889,-54.5507,29579,73892
5007950,Tacuru,MS,-23.636,-55.0141,10808,28963
5007976,Taquarussu,MS,-22.4898,-53.3519,3625,50017
5008008,Terenos,MS,-20.4378,-54.8647,17652,40657
5008305,Três Lagoas,MS,-20.7849,-51.7007,132152,88570
5008404,Vicentina,MS,-22.4098,-54.4415,6336,58683
5000203,Água Clara,MS,-20.4452,-52.879,16741,72393
5100102,Acorizal,MT,-15.194,-56.3632,5014,21767
5100250,Alta Floresta,MT,-9.86674,-56.0867,58613,36027
5100300,Alto Araguaia,MT,-17.3153,-53.2181,17193,68215
5100359,Alto Boa Vista,MT,-11.6732,-51.3883,5715,46194
5100409,Alto Garças,MT,-16.9462,-53.5272,13052,91754
5100508,Alto Paraguai,MT,-14.5137,-56.4776,8009,20803
5100607,Alto Taquari,MT,-17.8241,-53.2792,10904,118829
5100805,Apiacás,MT,-9.53981,-57.4587,8590,27217
5101001,Araguaiana,MT,-15.7291,-51.8341,3795,33349
5101209,Araguainha,MT,-16.857,-53.0318,1010,27748
5101258,Araputanga,MT,-15.4641,-58.3425,14786,44303
5101308,Arenápolis,MT,-14.4472,-56.8437,10576,21957
5101407,Aripuanã,MT,-10.1723,-59.4568,24626,58718
5101704,Barra do Bugres,MT,-15.0702,-57.1878,29403,53354
5101803,Barra do Garças,MT,-15.8804,-52.264,69210,37263
5101605,Barão de Melgaço,MT,-16.2067,-55.9623,7253,17177
5101837,Boa Esperança do Norte,MT,-13.5067,-55.1486,0,0
5101852,Bom Jesus do Araguaia,MT,-12.1706,-51.5032,7280,105646
5101902,Brasnorte,MT,-12.1474,-57.9833,17004,122739
5102603,Campinápolis,MT,-14.5162,-52.893,15347,28491
5102637,Campo Novo do Parecis,MT,-13.6587,-57.8907,45899,150552
5102678,Campo Verde,MT,-15.545,-55.1626,44585,111985
5102686,Campos de Júlio,MT,-13.7242,-59.2858,8822,374343
5102694,Canabrava do Norte,MT,-11.0556,-51.8209,4485,59569
5102702,Canarana,MT,-13.5515,-52.2705,25858,113364
5102793,Carlinda,MT,-9.94912,-55.8417,10332,28972
5102850,Castanheira,MT,-11.1251,-58.6081,7506,28654
5103007,Chapada dos Guimarães,MT,-15.4643,-55.7499,18990,63954
5103056,Cláudia,MT,-11.5075,-54.8835,9593,111366
5103106,Cocalinho,MT,-14.3903,-51.0001,6220,47853
5103254,Colniza,MT,-9.46121,-59.2252,25766,32951
5103205,Colíder,MT,-10.8135,-55.461,31370,40462
5103304,Comodoro,MT,-13.6614,-59.7848,18238,68983
5103353,Confresa,MT,-10.6437,-51.5699,35075,43818
5103361,Conquista D'Oeste,MT,-14.5381,-59.5444,3760,38077
5103379,Cotriguaçu,MT,-9.85656,-58.4192,11011,29461
5103403,Cuiabá,MT,-15.601,-56.0974,650877,45698
5103437,Curvelândia,MT,-15.6084,-57.9133,4903,25255
5102504,Cáceres,MT,-16.0764,-57.6818,89681,25248
5103452,Denise,MT,-14.7324,-57.0583,7014,75502
5103502,Diamantino,MT,-14.4037,-56.4366,21941,261919
5103601,Dom Aquino,MT,-15.8099,-54.9223,7872,85530
5103700,Feliz Natal,MT,-12.385,-54.9227,10521,99309
5103809,Figueirópolis D'Oeste,MT,-15.4439,-58.7391,3187,26233
5103858,Gaúcha do Norte,MT,-13.2443,-53.0809,8642,149369
5103908,General Carneiro,MT,-15.7094,-52.7574,6037,79792
5103957,Glória D'Oeste,MT,-15.768,-58.3108,2905,30711
5104104,Guarantã do Norte,MT,-9.96218,-54.9121,31024,35427
5104203,Guiratinga,MT,-16.346,-53.7575,10966,66306
5104500,Indiavaí,MT,-15.4921,-58.5802,2213,46803
5104526,Ipiranga do Norte,MT,-12.2408,-56.1531,7815,246298
5104542,Itanhangá,MT,-12.2259,-56.6463,7539,95692
5104559,Itaúba,MT,-11.0614,-55.2766,5020,83464
5104609,Itiquira,MT,-17.2147,-54.1422,12236,175276
5104807,Jaciara,MT,-15.9548,-54.9733,28569,41924
5104906,Jangada,MT,-15.235,-56.4917,7426,25418
5105002,Jauru,MT,-15.3342,-58.8723,8367,41684
5105101,Juara,MT,-11.2639,-57.5244,34906,39119
5105176,Juruena,MT,-10.3178,-58.3592,10213,29165
5105200,Juscimeira,MT,-16.0633,-54.8859,11480,46045
5105150,Juína,MT,-11.3728,-58.7483,45869,29056
5105234,Lambari D'Oeste,MT,-15.3188,-58.0046,4790,51137
5105259,Lucas do Rio Verde,MT,-13.0588,-55.9042,83798,82236
5105309,Luciara,MT,-11.2219,-50.6676,2509,16404
5105580,Marcelândia,MT,-11.0463,-54.4377,11396,59190
5105606,Matupá,MT,-10.1821,-54.9467,20091,63849
5105622,Mirassol d'Oeste,MT,-15.6759,-58.0951,26785,31195
5105903,Nobres,MT,-14.7192,-56.3284,15492,71962
5106000,Nortelândia,MT,-14.454,-56.7945,5956,54673
5106109,Nossa Senhora do Livramento,MT,-15.772,-56.3432,12940,29968
5106158,Nova Bandeirantes,MT,-9.84977,-57.8139,13635,25178
5106208,Nova Brasilândia,MT,-14.9612,-54.9685,3932,27749
5106216,Nova Canaã do Norte,MT,-10.558,-55.953,11707,77654
5108808,Nova Guarita,MT,-10.312,-55.4061,4590,36473
5106182,Nova Lacerda,MT,-14.4727,-59.6001,6670,66802
5108857,Nova Marilândia,MT,-14.3568,-56.9696,3529,119813
5108907,Nova Maringá,MT,-13.0136,-57.0908,5846,206073
5108956,Nova Monte Verde,MT,-9.99998,-57.5261,8313,44171
5106224,Nova Mutum,MT,-13.8374,-56.0743,55839,108105
5106174,Nova Nazaré,MT,-13.9486,-51.8002,4200,33467
5106232,Nova Olímpia,MT,-14.7889,-57.2886,16352,44768
5106190,Nova Santa Helena,MT,-10.8651,-55.1872,4239,78610
5106240,Nova Ubiratã,MT,-12.9834,-55.2556,11530,283617
5106257,Nova Xavantina,MT,-14.6771,-52.3502,24345,42439
5106273,Novo Horizonte do Norte,MT,-11.4089,-57.3488,3349,30300
5106265,Novo Mundo,MT,-9.95616,-55.2029,6520,74574
5106315,Novo Santo Antônio,MT,-12.2875,-50.9686,2015,28100
5106281,Novo São Joaquim,MT,-14.9054,-53.0194,6919,124727
5106307,Paranatinga,MT,-14.4265,-54.0524,26423,80829
5106299,Paranaíta,MT,-9.65835,-56.4786,11671,68215
5106372,Pedra Preta,MT,-16.6245,-54.4722,18066,87220
5106422,Peixoto de Azevedo,MT,-10.2262,-54.9794,32714,28075
5106455,Planalto da Serra,MT,-14.6518,-54.7819,3166,73236
5106505,Poconé,MT,-16.266,-56.6261,31217,22725
5106653,Pontal do Araguaia,MT,-15.9274,-52.3273,6932,17773
5106703,Ponte Branca,MT,-16.7584,-52.8369,2008,15546
5106752,Pontes e Lacerda,MT,-15.2219,-59.3435,52018,46831
5106778,Porto Alegre do Norte,MT,-10.8761,-51.6357,12127,46891
5106828,Porto Esperidião,MT,-15.857,-58.4619,10204,30240
5106851,Porto Estrela,MT,-15.3235,-57.2204,3224,25909
5106802,Porto dos Gaúchos,MT,-11.533,-57.4132,5593,235786
5107008,Poxoréu,MT,-15.8299,-54.4208,23283,46286
5107040,Primavera do Leste,MT,-15.544,-54.2811,85146,81798
5107065,Querência,MT,-12.6093,-52.1821,26769,159112
5107156,Reserva do Cabaçal,MT,-15.0743,-58.4585,2122,22359
5107180,Ribeirão Cascalheira,MT,-12.9367,-51.8244,10089,75010
5107198,Ribeirãozinho,MT,-16.4856,-52.6924,2593,72876
5107206,Rio Branco,MT,-15.2483,-58.1259,4535,23636
5107578,Rondolândia,MT,-10.8376,-61.4697,3505,32623
5107602,Rondonópolis,MT,-16.4673,-54.6372,244911,70615
5107701,Rosário Oeste,MT,-14.8259,-56.4236,15453,34620
5107750,Salto do Céu,MT,-15.1303,-58.1317,3679,25630
5107248,Santa Carmem,MT,-11.9125,-55.2263,5374,192089
5107743,Santa Cruz do Xingu,MT,-10.1532,-52.3953,2661,120461
5107768,Santa Rita do Trivelato,MT,-13.8146,-55.2706,3276,377295
5107776,Santa Terezinha,MT,-10.4704,-50.514,7596,39567
5107263,Santo Afonso,MT,-14.4945,-57.0091,2519,64126
5107792,Santo Antônio do Leste,MT,-14.805,-53.6075,4099,248826
5107800,Santo Antônio do Leverger,MT,-15.8632,-56.0788,15246,53787
5107875,Sapezal,MT,-12.9892,-58.7645,28944,241104
5107883,Serra Nova Dourada,MT,-12.0896,-51.4025,1800,41866
5107909,Sinop,MT,-11.8604,-55.5091,196312,49020
5107925,Sorriso,MT,-12.5425,-55.7211,110635,113184
5107859,São Félix do Araguaia,MT,-11.615,-50.6706,13621,119142
5107297,São José do Povo,MT,-16.4549,-54.2487,2875,20502
5107305,São José do Rio Claro,MT,-13.4398,-56.7218,14911,98286
5107354,São José do Xingu,MT,-10.7982,-52.7486,5964,156715
5107107,São José dos Quatro Marcos,MT,-15.6276,-58.1772,17849,25125
5107404,São Pedro da Cipa,MT,-16.0109,-54.9176,4191,16527
5107941,Tabaporã,MT,-11.3007,-56.8312,9818,134424
5107958,Tangará da Serra,MT,-14.6229,-57.4933,106434,52472
5108006,Tapurah,MT,-12.695,-56.5178,14370,139709
5108055,Terra Nova do Norte,MT,-10.517,-55.231,10616,47310
5108105,Tesouro,MT,-16.0809,-53.559,3025,103395
5108204,Torixoréu,MT,-16.2006,-52.5571,4164,50753
5108303,União do Sul,MT,-11.5308,-54.3616,3838,131371
5108352,Vale de São Domingos,MT,-15.286,-59.0683,2904,26559
5108501,Vera,MT,-12.3017,-55.3045,12800,100928
5105507,Vila Bela da Santíssima Trindade,MT,-15.0068,-59.9504,16774,38096
5108600,Vila Rica,MT,-10.0137,-51.1186,19888,44203
5108402,Várzea Grande,MT,-15.6458,-56.1322,300078,33045
5100201,Água Boa,MT,-14.051,-52.1601,29219,68467
1500107,Abaetetuba,PA,-1.72183,-48.8788,158188,12314
1500131,Abel Figueiredo,PA,-4.95333,-48.3933,6136,17178
1500206,Acará,PA,-1.95383,-48.1985,59023,24271
1500305,Afuá,PA,-0.154874,-50.3861,37765,11751
1500404,Alenquer,PA,-1.94623,-54.7384,69377,10736
1500503,Almeirim,PA,-1.52904,-52.5788,34280,20063
1500602,Altamira,PA,-3.20407,-52.21,126279,24698
1500701,Anajás,PA,-0.996811,-49.9354,28011,9231
1500800,Ananindeua,PA,-1.36391,-48.3743,478778,18667
1500859,Anapu,PA,-3.46985,-51.2003,31850,18450
1500909,Augusto Corrêa,PA,-1.05109,-46.6147,44573,8150
1500958,Aurora do Pará,PA,-2.14898,-47.5677,23774,12966
1501006,Aveiro,PA,-3.60841,-55.3199,18290,8298
1501105,Bagre,PA,-1.90057,-50.1987,31892,7848
1501204,Baião,PA,-2.79021,-49.6694,51641,10877
1501253,Bannach,PA,-7.34779,-50.3959,4031,31983
1501303,Barcarena,PA,-1.51187,-48.6195,126650,72976
1501451,Belterra,PA,-2.63609,-54.9374,18099,13092
1501402,Belém,PA,-1.4554,-48.4898,1303403,25754
1501501,Benevides,PA,-1.36183,-48.2434,63567,31245
1501576,Bom Jesus do Tocantins,PA,-5.0424,-48.6047,18005,13533
1501600,Bonito,PA,-1.36745,-47.3066,12622,16366
1501709,Bragança,PA,-1.06126,-46.7826,123082,11280
1501725,Brasil Novo,PA,-3.29792,-52.534,24718,15356
1501758,Brejo Grande do Araguaia,PA,-5.69822,-48.4103,6783,16950
1501782,Breu Branco,PA,-3.77191,-49.5735,45712,17365
1501808,Breves,PA,-1.68036,-50.4791,106968,8345
1501907,Bujaru,PA,-1.51762,-48.0381,24383,22001
1502004,Cachoeira do Arari,PA,-1.01226,-48.9503,23981,10671
1501956,Cachoeira do Piriá,PA,-1.75974,-46.5459,19630,11582
1502103,Cametá,PA,-2.24295,-49.4979,134184,10377
1502152,Canaã dos Carajás,PA,-6.49659,-49.8776,77079,453923
1502202,Capanema,PA,-1.20529,-47.1778,70394,20266
1502301,Capitão Poço,PA,-1.74785,-47.0629,56506,10888
1502400,Castanhal,PA,-1.29797,-47.9167,192256,24485
1502509,Chaves,PA,-0.164154,-49.987,20757,11947
1502608,Colares,PA,-0.936423,-48.2803,12868,7835
1502707,Conceição do Araguaia,PA,-8.26136,-49.2689,44617,14847
1502756,Concórdia do Pará,PA,-1.99238,-47.9422,26881,15617
1502764,Cumaru do Norte,PA,-7.81097,-50.7698,14036,28981
1502772,Curionópolis,PA,-6.09965,-49.6068,19950,183809
1502806,Curralinho,PA,-1.81179,-49.7952,33903,8319
1502855,Curuá,PA,-1.88775,-55.1168,14117,10591
1502905,Curuçá,PA,-0.733214,-47.8515,41262,8952
1502939,Dom Eliseu,PA,-4.19944,-47.8245,58484,16074
1502954,Eldorado do Carajás,PA,-6.10389,-49.3553,28192,19709
1503002,Faro,PA,-2.16805,-56.7405,8728,8773
1503044,Floresta do Araguaia,PA,-7.55335,-49.7125,17898,33656
1503077,Garrafão do Norte,PA,-1.92986,-47.0505,24703,11160
1503093,Goianésia do Pará,PA,-3.84338,-49.0974,26362,19203
1503101,Gurupá,PA,-1.41412,-51.6338,31786,10499
1503200,Igarapé-Açu,PA,-1.12539,-47.626,35797,11609
1503309,Igarapé-Miri,PA,-1.97533,-48.9575,64831,10651
1503408,Inhangapi,PA,-1.4349,-47.9114,10325,16904
1503457,Ipixuna do Pará,PA,-2.55992,-47.5059,30329,20596
1503507,Irituia,PA,-1.76984,-47.446,30955,8971
1503606,Itaituba,PA,-4.2667,-55.9926,123314,24955
1503705,Itupiranga,PA,-5.13272,-49.3358,49754,16911
1503754,Jacareacanga,PA,-6.21469,-57.7544,24042,26011
1503804,Jacundá,PA,-4.44617,-49.1153,37707,16315
1503903,Juruti,PA,-2.16347,-56.0889,50881,28514
1504000,Limoeiro do Ajuru,PA,-1.8985,-49.3903,29569,17002
1504109,Magalhães Barata,PA,-0.803391,-47.6014,8115,12116
1504208,Marabá,PA,-5.38075,-49.1327,266533,50724
1504307,Maracanã,PA,-0.778899,-47.452,25971,11150
1504406,Marapanim,PA,-0.714702,-47.7034,26573,9908
1504422,Marituba,PA,-1.36002,-48.3421,111785,23054
1504455,Medicilândia,PA,-3.44637,-52.8875,27094,37781
1504505,Melgaço,PA,-1.8032,-50.7149,27881,7762
1504604,Mocajuba,PA,-2.5831,-49.5042,27198,16603
1504703,Moju,PA,-1.88993,-48.7668,84094,15853
1504752,Mojuí dos Campos,PA,-2.6822,-54.6425,23501,12272
1504802,Monte Alegre,PA,-1.99768,-54.0724,60012,13442
1504901,Muaná,PA,-1.53936,-49.2224,45368,7459
1504059,Mãe do Rio,PA,-2.05683,-47.5601,34353,9896
1504950,Nova Esperança do Piriá,PA,-2.26693,-46.9731,20478,17120
1504976,Nova Ipixuna,PA,-4.91622,-49.0822,13955,13788
1505007,Nova Timboteua,PA,-1.20874,-47.3921,12806,11506
1505031,Novo Progresso,PA,-7.14347,-55.3786,33638,28869
1505064,Novo Repartimento,PA,-4.24749,-49.9499,60732,18379
1505205,Oeiras do Pará,PA,-2.00358,-49.8628,33844,12370
1505304,Oriximiná,PA,-1.75989,-55.8579,68294,33347
1505437,Ourilândia do Norte,PA,-6.7529,-51.0858,32467,40102
1505403,Ourém,PA,-1.54168,-47.1126,17855,11229
1505486,Pacajá,PA,-3.83542,-50.6399,41097,21097
1505494,Palestina do Pará,PA,-5.74027,-48.3181,6885,14332
1505502,Paragominas,PA,-3.00212,-47.3527,105550,40541
1505536,Parauapebas,PA,-6.06781,-49.9037,267836,185771
1505551,Pau d'Arco,PA,-1.59772,-46.9268,6931,16555
1505601,Peixe-Boi,PA,-1.19382,-47.324,8285,8719
1505635,Piçarra,PA,-6.43778,-48.8716,12832,22800
1505650,Placas,PA,-3.86813,-54.2124,18668,17301
1505700,Ponta de Pedras,PA,-1.39587,-48.8661,24984,11003
1505809,Portel,PA,-1.93639,-50.8194,62503,15118
1505908,Porto de Moz,PA,-1.74691,-52.2361,40597,9954
1506005,Prainha,PA,-1.798,-53.4779,35577,12301
1506104,Primavera,PA,-0.945439,-47.1253,10851,29635
1506112,Quatipuru,PA,-0.899604,-47.0134,11524,10478
1506138,Redenção,PA,-8.02529,-50.0317,85597,29809
1506161,Rio Maria,PA,-7.31236,-50.0379,18384,32726
1506187,Rondon do Pará,PA,-4.77793,-48.067,53143,13803
1506195,Rurópolis,PA,-4.10028,-54.9092,35769,13880
1506203,Salinópolis,PA,-0.630815,-47.3465,44772,14328
1506302,Salvaterra,PA,-0.758444,-48.5139,24129,8708
1506351,Santa Bárbara do Pará,PA,-1.19219,-48.238,21087,11395
1506401,Santa Cruz do Arari,PA,-0.661019,-49.1771,7445,12886
1506500,Santa Izabel do Pará,PA,-1.29686,-48.1606,73019,12799
1506559,Santa Luzia do Pará,PA,-1.52147,-46.9008,20370,9617
1506583,Santa Maria das Barreiras,PA,-8.85784,-49.7215,16548,64781
1506609,Santa Maria do Pará,PA,-1.35392,-47.5712,24624,15084
1506708,Santana do Araguaia,PA,-9.3281,-50.35,32413,42621
1506807,Santarém,PA,-2.43849,-54.6996,331942,19243
1506906,Santarém Novo,PA,-0.93097,-47.3855,6116,9804
1507003,Santo Antônio do Tauá,PA,-1.1522,-48.1314,27461,17305
1507755,Sapucaia,PA,-6.94018,-49.6834,5847,24123
1507805,Senador José Porfírio,PA,-4.31242,-51.5764,22576,10898
1507904,Soure,PA,-0.73032,-48.5015,24204,9980
1507102,São Caetano de Odivelas,PA,-0.747293,-48.0246,16666,10980
1507151,São Domingos do Araguaia,PA,-5.53732,-48.7366,21092,17007
1507201,São Domingos do Capim,PA,-1.68768,-47.7665,30599,14314
1507409,São Francisco do Pará,PA,-1.16963,-47.7917,14894,17738
1507300,São Félix do Xingu,PA,-6.64254,-51.9904,65418,30701
1507458,São Geraldo do Araguaia,PA,-6.39471,-48.5592,24255,29286
1507466,São João da Ponta,PA,-0.857885,-47.918,4430,12940
1507474,São João de Pirabas,PA,-0.780222,-47.181,20689,8794
1507508,São João do Araguaia,PA,-5.36334,-48.7926,13664,13663
1507607,São Miguel do Guamá,PA,-1.61307,-47.4784,52894,14983
1507706,São Sebastião da Boa Vista,PA,-1.71597,-49.5249,25643,9542
1507953,Tailândia,PA,-2.94584,-48.9489,72493,17809
1507961,Terra Alta,PA,-1.02963,-47.9004,10400,7973
1507979,Terra Santa,PA,-2.10443,-56.4877,18782,27647
1508001,Tomé-Açu,PA,-2.41302,-48.1415,67585,15384
1508035,Tracuateua,PA,-1.07653,-46.9031,28595,9967
1508050,Trairão,PA,-4.57347,-55.9429,15242,21476
1508084,Tucumã,PA,-6.74687,-51.1626,39550,24881
1508100,Tucuruí,PA,-3.7657,-49.6773,91306,61474
1508126,Ulianópolis,PA,-3.75007,-47.4892,37972,52551
1508159,Uruará,PA,-3.71519,-53.7396,43558,17770
1508209,Vigia,PA,-0.861194,-48.1386,50832,9373
1508308,Viseu,PA,-1.19124,-46.1399,58692,10529
1508357,Vitória do Xingu,PA,-2.87922,-52.0088,15607,271047
1508407,Xinguara,PA,-7.0983,-49.9437,52893,30332
1500347,Água Azul do Norte,PA,-6.79053,-50.4791,18080,35556
1505106,Óbidos,PA,-1.90107,-55.5208,52229,18482
2500205,Aguiar,PB,-7.0918,-38.1681,5003,12044
2500304,Alagoa Grande,PB,-7.03943,-35.6206,26062,11540
2500403,Alagoa Nova,PB,-7.05377,-35.7591,21013,15970
2500502,Alagoinha,PB,-6.94657,-35.5332,13725,10116
2500536,Alcantil,PB,-7.73668,-36.0511,5578,9900
2500577,Algodão de Jandaíra,PB,-6.89292,-36.0129,2953,9715
2500601,Alhandra,PB,-7.42977,-34.9057,21730,156093
2500734,Amparo,PB,-7.55502,-37.0628,2234,13211
2500775,Aparecida,PB,-6.78466,-38.0803,7960,13262
2500908,Arara,PB,-6.82813,-35.7552,12212,9213
2501005,Araruna,PB,-6.54848,-35.7498,17189,11904
2500809,Araçagi,PB,-6.84374,-35.3737,16646,11181
2501104,Areia,PB,-6.96396,-35.6977,22633,11401
2501153,Areia de Baraúnas,PB,-7.11702,-36.9404,2005,13040
2501203,Areial,PB,-7.04789,-35.9313,7128,8794
2501302,Aroeiras,PB,-7.54473,-35.7066,18705,15295
2501351,Assunção,PB,-7.07231,-36.725,4152,11706
2501500,Bananeiras,PB,-6.74775,-35.6246,23134,12088
2501534,Baraúna,PB,-6.63484,-36.2601,4762,10473
2501609,Barra de Santa Rosa,PB,-6.71816,-36.0671,12904,11713
2501575,Barra de Santana,PB,-7.51809,-35.9913,8059,11289
2501708,Barra de São Miguel,PB,-7.74603,-36.3209,5906,14402
2501807,Bayeux,PB,-7.1238,-34.9293,82742,16530
2501401,Baía da Traição,PB,-6.69209,-34.9381,9224,11723
2501906,Belém,PB,-6.74261,-35.5166,16401,13270
2502003,Belém do Brejo do Cruz,PB,-6.18515,-37.5348,6268,12564
2502052,Bernardino Batista,PB,-6.44572,-38.5521,3504,11448
2502102,Boa Ventura,PB,-7.40982,-38.2113,5207,9943
2502151,Boa Vista,PB,-7.26365,-36.2357,6377,31927
2502201,Bom Jesus,PB,-6.81601,-38.6453,2286,14066
2502300,Bom Sucesso,PB,-6.44176,-37.9234,4661,11744
2502409,Bonito de Santa Fé,PB,-7.31341,-38.5133,10252,9438
2502508,Boqueirão,PB,-7.487,-36.1309,17598,14791
2502706,Borborema,PB,-6.80199,-35.6187,4214,16449
2502805,Brejo do Cruz,PB,-6.34185,-37.4943,13613,10840
2502904,Brejo dos Santos,PB,-6.37065,-37.8253,5742,11237
2503001,Caaporã,PB,-7.51351,-34.9055,21193,19662
2503100,Cabaceiras,PB,-7.48899,-36.287,5335,21890
2503209,Cabedelo,PB,-6.98731,-34.8284,66519,47170
2503308,Cachoeira dos Índios,PB,-6.91353,-38.676,9151,13675
2503407,Cacimba de Areia,PB,-7.12128,-37.1563,3291,11916
2503506,Cacimba de Dentro,PB,-6.6386,-35.7778,16064,9605
2503555,Cacimbas,PB,-7.20721,-37.0604,7223,9311
2503605,Caiçara,PB,-6.62115,-35.4581,6602,9966
2503704,Cajazeiras,PB,-6.88004,-38.5577,63239,19479
2503753,Cajazeirinhas,PB,-6.96016,-37.8009,2740,15380
2503803,Caldas Brandão,PB,-7.1025,-35.3272,5753,13024
2503902,Camalaú,PB,-7.88503,-36.8242,6085,11809
2504009,Campina Grande,PB,-7.22196,-35.8731,419379,24679
2504033,Capim,PB,-6.91624,-35.1673,6970,10886
2504074,Caraúbas,PB,-7.72049,-36.492,3944,10729
2504108,Carrapateira,PB,-7.03414,-38.3399,2312,13413
2504157,Casserengue,PB,-6.77954,-35.8179,6889,10179
2504207,Catingueira,PB,-7.12008,-37.6064,4491,11823
2504306,Catolé do Rocha,PB,-6.34062,-37.747,30661,16529
2504355,Caturité,PB,-7.41659,-36.0306,5254,11765
2504405,Conceição,PB,-7.55106,-38.5014,18260,11476
2504504,Condado,PB,-6.89831,-37.606,6451,14048
2504603,Conde,PB,-7.25746,-34.8999,27605,46158
2504702,Congo,PB,-7.79078,-36.6581,4933,12552
2504801,Coremas,PB,-7.00712,-37.9346,14683,17036
2504850,Coxixola,PB,-7.62365,-36.6064,1824,13221
2504900,Cruz do Espírito Santo,PB,-7.13902,-35.0857,17095,11218
2505006,Cubati,PB,-6.86686,-36.3619,7580,10154
2505204,Cuitegi,PB,-6.89058,-35.5215,6730,9928
2505105,Cuité,PB,-6.47647,-36.1515,19719,11205
2505238,Cuité de Mamanguape,PB,-6.91292,-35.2502,6251,11879
2505303,Curral Velho,PB,-7.53075,-38.1962,2292,11716
2505279,Curral de Cima,PB,-6.72325,-35.2639,5254,10604
2505352,Damião,PB,-6.63161,-35.9101,4982,10110
2505402,Desterro,PB,-7.287,-37.0925,8067,9039
2505600,Diamante,PB,-7.41738,-38.2615,6299,9450
2505709,Dona Inês,PB,-6.61566,-35.6205,10380,9058
2505808,Duas Estradas,PB,-6.68499,-35.418,3327,13572
2505907,Emas,PB,-7.09964,-37.7163,3011,13863
2506004,Esperança,PB,-7.02278,-35.8597,31231,22728
2506103,Fagundes,PB,-7.34454,-35.7931,11049,9556
2506202,Frei Martinho,PB,-6.39759,-36.4526,2846,10665
2506251,Gado Bravo,PB,-7.58279,-35.7899,8179,9335
2506301,Guarabira,PB,-6.85064,-35.485,57484,30945
2506400,Gurinhém,PB,-7.1233,-35.4222,13766,10998
2506509,Gurjão,PB,-7.24833,-36.4923,3242,11850
2506608,Ibiara,PB,-7.47957,-38.4059,5631,10302
2502607,Igaracy,PB,-7.17184,-38.1478,5648,10779
2506707,Imaculada,PB,-7.3889,-37.5079,10392,9476
2506806,Ingá,PB,-7.28144,-35.605,17692,11047
2506905,Itabaiana,PB,-7.33167,-35.3317,23182,14530
2507002,Itaporanga,PB,-7.30202,-38.1504,23940,14295
2507101,Itapororoca,PB,-6.82374,-35.2406,18382,11252
2507200,Itatuba,PB,-7.38115,-35.638,10499,14713
2507309,Jacaraú,PB,-6.61453,-35.289,14477,11431
2507408,Jericó,PB,-6.54577,-37.8036,7516,10186
2513653,Joca Claudino,PB,-6.48362,-38.4764,2539,13028
2507507,João Pessoa,PB,-7.11509,-34.8641,833932,26220
2507606,Juarez Távora,PB,-7.1713,-35.5686,7796,9400
2507705,Juazeirinho,PB,-7.06092,-36.5793,17007,12391
2507804,Junco do Seridó,PB,-6.99269,-36.7166,6793,14252
2507903,Juripiranga,PB,-7.36176,-35.2321,10012,11749
2508000,Juru,PB,-7.52983,-37.815,9234,9479
2508109,Lagoa,PB,-6.58572,-37.9127,4415,11634
2508307,Lagoa Seca,PB,-7.15535,-35.8491,27730,11198
2508208,Lagoa de Dentro,PB,-6.67213,-35.3706,7819,10707
2508406,Lastro,PB,-6.50603,-38.1742,3162,9351
2508505,Livramento,PB,-7.37113,-36.9491,6877,10205
2508554,Logradouro,PB,-6.61191,-35.4384,4797,10164
2508604,Lucena,PB,-6.90258,-34.8748,12560,17744
2508802,Malta,PB,-6.89719,-37.5221,6046,13224
2508901,Mamanguape,PB,-6.8337,-35.1213,44599,18109
2509008,Manaíra,PB,-7.70331,-38.1523,10434,9740
2509057,Marcação,PB,-6.76535,-35.0087,8999,11569
2509107,Mari,PB,-7.05942,-35.318,21512,11273
2509156,Marizópolis,PB,-6.82748,-38.3528,6705,12252
2509206,Massaranduba,PB,-7.18995,-35.7848,14139,9237
2509305,Mataraca,PB,-6.59673,-35.0531,8244,27884
2509339,Matinhas,PB,-7.12486,-35.7669,4571,11838
2509370,Mato Grosso,PB,-6.54018,-37.7279,2543,12551
2509396,Maturéia,PB,-7.26188,-37.351,6433,9632
2509404,Mogeiro,PB,-7.28517,-35.4832,13899,11842
2509503,Montadas,PB,-7.08848,-35.9592,5812,9533
2509602,Monte Horebe,PB,-7.20402,-38.5838,4338,11105
2509701,Monteiro,PB,-7.88363,-37.1184,32277,19720
2509800,Mulungu,PB,-7.02525,-35.46,8791,11210
2508703,Mãe d'Água,PB,-7.25201,-37.4322,3583,10800
2509909,Natuba,PB,-7.63514,-35.5586,8945,10692
2510006,Nazarezinho,PB,-6.9114,-38.322,7203,9190
2510105,Nova Floresta,PB,-6.45056,-36.2057,9724,10266
2510204,Nova Olinda,PB,-7.47232,-38.0382,5787,10018
2510303,Nova Palmeira,PB,-6.67122,-36.422,4259,11531
2510402,Olho d'Água,PB,-7.22118,-37.7406,6060,10234
2510501,Olivedos,PB,-6.98434,-36.241,3580,12197
2510600,Ouro Velho,PB,-7.61604,-37.1519,2918,13150
2510659,Parari,PB,-7.30975,-36.6522,1720,12527
2510709,Passagem,PB,-7.13467,-37.0433,2463,11748
2510808,Patos,PB,-7.01743,-37.2747,103165,19370
2510907,Paulista,PB,-6.59138,-37.6185,11834,13316
2511004,Pedra Branca,PB,-7.42169,-38.0689,3739,10048
2511103,Pedra Lavrada,PB,-6.74997,-36.4758,6859,11704
2511202,Pedras de Fogo,PB,-7.39107,-35.1065,29662,22148
2512721,Pedro Régis,PB,-6.63323,-35.2966,5766,9936
2511301,Piancó,PB,-7.19282,-37.9289,16441,12587
2511400,Picuí,PB,-6.50845,-36.3497,18333,11658
2511509,Pilar,PB,-7.26403,-35.2523,12311,9914
2511608,Pilões,PB,-6.86827,-35.613,6815,14029
2511707,Pilõezinhos,PB,-6.84277,-35.531,5329,9631
2511806,Pirpirituba,PB,-6.77922,-35.4906,9340,10206
2511905,Pitimbu,PB,-7.4664,-34.8151,16751,25748
2512002,Pocinhos,PB,-7.06658,-36.0668,17469,16316
2512101,Pombal,PB,-6.76606,-37.8003,32473,14369
2512036,Poço Dantas,PB,-6.39876,-38.4909,3830,10527
2512077,Poço de José de Moura,PB,-6.56401,-38.5111,4006,11715
2512200,Prata,PB,-7.68826,-37.0801,3915,16555
2512309,Princesa Isabel,PB,-7.73175,-37.9886,21114,12643
2512408,Puxinanã,PB,-7.15479,-35.9543,14277,9671
2512507,Queimadas,PB,-7.35029,-35.9031,47658,12743
2512606,Quixabá,PB,-7.0224,-37.1458,1743,15386
2512705,Remígio,PB,-6.94992,-35.8011,17885,10156
2512788,Riacho de Santo Antônio,PB,-7.68023,-36.157,1955,15660
2512804,Riacho dos Cavalos,PB,-6.44067,-37.6483,8493,10933
2512747,Riachão,PB,-6.54269,-35.661,2927,12491
2512754,Riachão do Bacamarte,PB,-7.25347,-35.6693,4690,10703
2512762,Riachão do Poço,PB,-7.14173,-35.2914,4738,11890
2512903,Rio Tinto,PB,-6.80383,-35.0776,24581,13153
2513000,Salgadinho,PB,-7.10098,-36.8458,3355,9989
2513109,Salgado de São Félix,PB,-7.35337,-35.4305,11505,11217
2513158,Santa Cecília,PB,-7.7389,-35.8764,7670,8582
2513208,Santa Cruz,PB,-6.5237,-38.0617,5947,10481
2513307,Santa Helena,PB,-6.7176,-38.6427,5865,10637
2513356,Santa Inês,PB,-7.621,-38.554,3227,11418
2513406,Santa Luzia,PB,-6.86092,-36.9178,14959,24928
2513703,Santa Rita,PB,-7.11724,-34.9753,149910,17214
2513802,Santa Teresinha,PB,-7.07964,-37.4435,4402,13015
2513505,Santana de Mangueira,PB,-7.54705,-38.3236,5010,10212
2513604,Santana dos Garrotes,PB,-7.38162,-37.9819,6569,10274
2513851,Santo André,PB,-7.22016,-36.6213,2622,11228
2515302,Sapé,PB,-7.09359,-35.228,51306,13212
2515500,Serra Branca,PB,-7.48034,-36.666,13614,10877
2515708,Serra Grande,PB,-7.20957,-38.3647,2942,11302
2515807,Serra Redonda,PB,-7.18622,-35.6842,6828,10436
2515609,Serra da Raiz,PB,-6.68527,-35.4379,3094,11993
2515906,Serraria,PB,-6.81569,-35.6282,4885,13879
2515930,Sertãozinho,PB,-6.75127,-35.4372,5054,10888
2515971,Sobrado,PB,-7.14429,-35.2357,8236,13731
2516102,Soledade,PB,-7.05829,-36.3668,13968,18144
2516003,Solânea,PB,-6.75161,-35.6636,26774,13209
2516151,Sossêgo,PB,-6.77067,-36.2538,3345,11596
2516201,Sousa,PB,-6.75148,-38.2311,67259,19628
2516300,Sumé,PB,-7.66206,-36.884,17166,11745
2513927,São Bentinho,PB,-6.88596,-37.7243,4327,12860
2513901,São Bento,PB,-6.48529,-37.4488,32235,17643
2513968,São Domingos,PB,-6.80313,-37.9488,2595,13977
2513943,São Domingos do Cariri,PB,-7.63273,-36.4374,2585,11149
2513984,São Francisco,PB,-6.60773,-38.0968,3137,12529
2514206,São José da Lagoa Tapada,PB,-6.93646,-38.1622,7126,10131
2514305,São José de Caiana,PB,-7.24636,-38.2989,5034,11066
2514404,São José de Espinharas,PB,-6.83974,-37.3214,4083,13479
2514503,São José de Piranhas,PB,-7.1187,-38.502,19067,12112
2514552,São José de Princesa,PB,-7.73633,-38.0894,3416,9980
2514602,São José do Bonfim,PB,-7.1607,-37.3036,3242,10022
2514651,São José do Brejo do Cruz,PB,-6.21054,-37.3601,1699,17167
2514701,São José do Sabugi,PB,-6.76295,-36.7972,4138,30281
2514800,São José dos Cordeiros,PB,-7.38775,-36.8085,3411,10858
2514453,São José dos Ramos,PB,-7.25238,-35.3725,5891,14730
2514008,São João do Cariri,PB,-7.38168,-36.5345,4226,13127
2500700,São João do Rio do Peixe,PB,-6.72195,-38.4468,17964,12599
2514107,São João do Tigre,PB,-8.07703,-36.8547,4263,9619
2514909,São Mamede,PB,-6.92386,-37.0954,7470,11056
2515005,São Miguel de Taipu,PB,-7.24764,-35.2016,7066,11742
2515104,São Sebastião de Lagoa de Roça,PB,-7.11034,-35.8678,11040,9604
2515203,São Sebastião do Umbuzeiro,PB,-8.15289,-37.0138,3279,12350
2515401,São Vicente do Seridó,PB,-6.85426,-36.4122,10291,8749
2516409,Tacima,PB,-6.48759,-35.6367,8010,11469
2516508,Taperoá,PB,-7.20629,-36.8245,14068,9916
2516607,Tavares,PB,-7.62697,-37.8712,14101,9943
2516706,Teixeira,PB,-7.22104,-37.2525,14631,11582
2516755,Tenório,PB,-6.93855,-36.6273,2966,11691
2516805,Triunfo,PB,-6.5713,-38.5986,9892,8866
2516904,Uiraúna,PB,-6.51504,-38.4128,14930,12932
2517001,Umbuzeiro,PB,-7.69199,-35.6582,9124,10003
2517209,Vieirópolis,PB,-6.50684,-38.2567,4864,10866
2505501,Vista Serrana,PB,-6.7303,-37.5704,3641,10852
2517100,Várzea,PB,-6.76189,-36.9913,2668,14120
2517407,Zabelê,PB,-8.07901,-37.1057,2228,12140
2500106,Água Branca,PB,-7.51144,-37.6357,9335,9884
2600054,Abreu e Lima,PE,-7.90072,-34.8984,98462,17512
2600104,Afogados da Ingazeira,PE,-7.74312,-37.631,40241,13464
2600203,Afrânio,PE,-8.51136,-41.0095,18674,11236
2600302,Agrestina,PE,-8.45966,-35.9447,23779,14839
2600609,Alagoinha,PE,-8.4665,-36.7788,13542,10703
2600708,Aliança,PE,-7.60398,-35.2227,35741,11564
2600807,Altinho,PE,-8.48482,-36.0644,20674,10767
2600906,Amaraji,PE,-8.37691,-35.4501,18205,16172
2601003,Angelim,PE,-8.88429,-36.2902,10241,13891
2601102,Araripina,PE,-7.57073,-40.494,85088,14950
2601052,Araçoiaba,PE,-7.78391,-35.0809,19243,8413
2601201,Arcoverde,PE,-8.41519,-37.0577,77742,15634
2601300,Barra de Guabiraba,PE,-8.42075,-35.6585,12263,11983
2601409,Barreiros,PE,-8.81605,-35.1832,40121,12562
2601706,Belo Jardim,PE,-8.3313,-36.4258,79507,34777
2601508,Belém de Maria,PE,-8.62504,-35.8335,10378,9587
2601607,Belém do São Francisco,PE,-8.75046,-38.9623,18301,20015
2601805,Betânia,PE,-8.26787,-38.0345,11232,9376
2601904,Bezerros,PE,-8.2328,-35.796,61694,15606
2602001,Bodocó,PE,-7.77759,-39.9338,34478,9195
2602100,Bom Conselho,PE,-9.16919,-36.6857,44294,14520
2602209,Bom Jardim,PE,-7.79695,-35.5784,37629,9753
2602308,Bonito,PE,-8.47163,-35.7292,37474,14392
2602506,Brejinho,PE,-7.34694,-37.2865,7720,10865
2602605,Brejo da Madre de Deus,PE,-8.14933,-36.3741,48648,9484
2602407,Brejão,PE,-9.02915,-36.566,9079,20231
2602704,Buenos Aires,PE,-7.72449,-35.3182,12808,10396
2602803,Buíque,PE,-8.61954,-37.1606,52097,10538
2602902,Cabo de Santo Agostinho,PE,-8.28218,-35.0253,203440,67373
2603009,Cabrobó,PE,-8.50548,-39.3094,30294,14553
2603108,Cachoeirinha,PE,-8.48668,-36.2402,19899,12783
2603207,Caetés,PE,-8.7803,-36.6268,28827,14699
2603405,Calumbi,PE,-7.93551,-38.1482,5228,9621
2603306,Calçado,PE,-8.73108,-36.3366,11093,10394
2603454,Camaragibe,PE,-8.02351,-34.9782,147771,15089
2603504,Camocim de São Félix,PE,-8.35865,-35.7653,17419,10400
2603603,Camutanga,PE,-7.40545,-35.2664,7750,36822
2603702,Canhotinho,PE,-8.87652,-36.1979,24329,10406
2603801,Capoeiras,PE,-8.73423,-36.6306,18338,13309
2603926,Carnaubeira da Penha,PE,-8.31799,-38.7512,12239,6816
2603900,Carnaíba,PE,-7.79342,-37.7946,18644,10381
2604007,Carpina,PE,-7.84566,-35.2514,79293,22006
2604106,Caruaru,PE,-8.28455,-35.9699,378048,22916
2604155,Casinhas,PE,-7.74084,-35.7206,12967,7829
2604205,Catende,PE,-8.67509,-35.7024,32156,11213
2604304,Cedro,PE,-7.71179,-39.2367,10518,11923
2604502,Chã Grande,PE,-8.23827,-35.4571,20546,12226
2604403,Chã de Alegria,PE,-8.00679,-35.204,12984,12997
2604601,Condado,PE,-7.58787,-35.0999,24587,10205
2604700,Correntes,PE,-9.12117,-36.3244,17131,11209
2604809,Cortês,PE,-8.47443,-35.5468,10198,11914
2604908,Cumaru,PE,-8.00827,-35.6957,15920,6863
2605004,Cupira,PE,-8.62432,-35.9518,23518,12058
2605103,Custódia,PE,-8.08546,-37.6443,37699,15753
2605152,Dormentes,PE,-8.44116,-40.7662,17188,14314
2605202,Escada,PE,-8.35672,-35.2241,59891,21813
2605301,Exu,PE,-7.50364,-39.7238,31843,10210
2605400,Feira Nova,PE,-7.94704,-35.3801,21427,11553
2605459,Fernando de Noronha,PE,-3.8396,-32.4107,3167,72485
2605509,Ferreiros,PE,-7.44666,-35.2373,15026,8818
2605608,Flores,PE,-7.85842,-37.9715,20347,9481
2605707,Floresta,PE,-8.60307,-38.5687,30137,14773
2605806,Frei Miguelinho,PE,-7.93918,-35.9113,13636,9639
2605905,Gameleira,PE,-8.5798,-35.3846,18214,15058
2606002,Garanhuns,PE,-8.88243,-36.4966,142506,21593
2606101,Glória do Goitá,PE,-8.00568,-35.2904,29347,18899
2606200,Goiana,PE,-7.5606,-34.9959,81055,131552
2606309,Granito,PE,-7.70711,-39.615,6967,11258
2606408,Gravatá,PE,-8.21118,-35.5675,86516,15716
2606507,Iati,PE,-9.04559,-36.8498,17165,11407
2606606,Ibimirim,PE,-8.54026,-37.7032,26593,12414
2606705,Ibirajuba,PE,-8.57633,-36.1812,7140,11979
2606804,Igarassu,PE,-7.82881,-34.9013,115196,30135
2606903,Iguaracy,PE,-7.83222,-37.5082,11081,10141
2607604,Ilha de Itamaracá,PE,-7.74766,-34.8303,24540,12194
2607000,Inajá,PE,-8.90206,-37.8351,25603,7690
2607109,Ingazeira,PE,-7.66909,-37.4576,4765,10597
2607208,Ipojuca,PE,-8.39303,-35.0609,98932,150905
2607307,Ipubi,PE,-7.64505,-40.1476,29009,11733
2607406,Itacuruba,PE,-8.82231,-38.6975,4284,16640
2607653,Itambé,PE,-7.41403,-35.0963,34935,14961
2607703,Itapetim,PE,-7.37178,-37.1863,13791,10142
2607752,Itapissuma,PE,-7.76798,-34.8971,27749,85900
2607802,Itaquitinga,PE,-7.66373,-35.1002,16554,9717
2607505,Itaíba,PE,-8.94569,-37.4173,32650,8680
2607901,Jaboatão dos Guararapes,PE,-8.11298,-35.015,644037,25051
2607950,Jaqueira,PE,-8.72618,-35.7942,10247,10911
2608008,Jataúba,PE,-7.97668,-36.4943,15843,9775
2608057,Jatobá,PE,-9.17476,-38.2607,14020,10970
2608206,Joaquim Nabuco,PE,-8.62281,-35.5288,13269,13664
2608107,João Alfredo,PE,-7.86565,-35.5787,27725,11421
2608255,Jucati,PE,-8.70195,-36.4871,11517,11224
2608305,Jupi,PE,-8.70904,-36.4126,15329,13975
2608404,Jurema,PE,-8.70714,-36.1347,13648,9733
2608750,Lagoa Grande,PE,-8.99452,-40.2767,24088,18966
2608503,Lagoa de Itaenga,PE,-7.93005,-35.2874,19003,25410
2608453,Lagoa do Carro,PE,-7.84383,-35.3108,17981,16720
2608602,Lagoa do Ouro,PE,-9.12567,-36.4584,11933,11667
2608701,Lagoa dos Gatos,PE,-8.6602,-35.904,14076,9622
2608800,Lajedo,PE,-8.65791,-36.3293,39582,14794
2608909,Limoeiro,PE,-7.8726,-35.4402,56510,14835
2609006,Macaparana,PE,-7.55564,-35.4425,23879,11876
2609105,Machados,PE,-7.68827,-35.5114,11333,19085
2609154,Manari,PE,-8.9649,-37.6313,23763,5856
2609204,Maraial,PE,-8.79062,-35.8266,9359,9882
2609303,Mirandiba,PE,-8.12113,-38.7388,14166,11535
2614303,Moreilândia,PE,-7.61931,-39.546,10540,8633
2609402,Moreno,PE,-8.10871,-35.0835,55292,16142
2609501,Nazaré da Mata,PE,-7.74149,-35.2193,30648,22464
2609600,Olinda,PE,-8.01017,-34.8545,349976,16539
2609709,Orobó,PE,-7.74553,-35.5956,21808,18287
2609808,Orocó,PE,-8.61026,-39.6026,13613,13696
2609907,Ouricuri,PE,-7.87918,-40.08,65245,11963
2610004,Palmares,PE,-8.68423,-35.589,54584,16931
2610103,Palmeirina,PE,-9.0109,-36.3242,7031,11372
2610202,Panelas,PE,-8.66121,-36.0125,22991,9985
2610301,Paranatama,PE,-8.91875,-36.6549,12199,23426
2610400,Parnamirim,PE,-8.08729,-39.5795,18612,11454
2610509,Passira,PE,-7.9971,-35.5813,28340,9335
2610608,Paudalho,PE,-7.90287,-35.1716,56665,16347
2610707,Paulista,PE,-7.93401,-34.8684,342167,16342
2610806,Pedra,PE,-8.49641,-36.94,22795,13441
2610905,Pesqueira,PE,-8.35797,-36.6978,62722,13865
2611101,Petrolina,PE,-9.38866,-40.5027,386791,20668
2611002,Petrolândia,PE,-9.06863,-38.3027,34161,49058
2611309,Pombos,PE,-8.13982,-35.3967,27552,19330
2611200,Poção,PE,-8.18726,-36.7111,10500,9724
2611408,Primavera,PE,-8.32999,-35.3544,13838,21079
2611507,Quipapá,PE,-8.81175,-36.0137,17928,10728
2611533,Quixaba,PE,-7.70734,-37.8446,6554,10233
2611606,Recife,PE,-8.04666,-34.8771,1488920,36920
2611705,Riacho das Almas,PE,-8.13742,-35.8648,20639,12625
2611804,Ribeirão,PE,-8.50957,-35.3698,33507,17203
2611903,Rio Formoso,PE,-8.6592,-35.1532,20009,18985
2612000,Sairé,PE,-8.32864,-35.6967,10887,16187
2612109,Salgadinho,PE,-7.9269,-35.6503,5727,14133
2612208,Salgueiro,PE,-8.07373,-39.1247,62372,16067
2612307,Saloá,PE,-8.9723,-36.691,13836,12363
2612406,Sanharó,PE,-8.36097,-36.5696,18624,13330
2612455,Santa Cruz,PE,-8.24153,-40.3434,13841,9652
2612471,Santa Cruz da Baixa Verde,PE,-7.81339,-38.1476,11567,9817
2612505,Santa Cruz do Capibaribe,PE,-7.94802,-36.2061,98254,19600
2612554,Santa Filomena,PE,-8.16688,-40.6079,12106,9238
2612604,Santa Maria da Boa Vista,PE,-8.79766,-39.8241,40578,13899
2612703,Santa Maria do Cambucá,PE,-7.83676,-35.8941,14013,8725
2612802,Santa Terezinha,PE,-7.37696,-37.4787,10244,11209
2613909,Serra Talhada,PE,-7.98178,-38.289,92228,18360
2614006,Serrita,PE,-7.94041,-39.2951,18207,8851
2614105,Sertânia,PE,-8.06847,-37.2684,32811,11197
2614204,Sirinhaém,PE,-8.58778,-35.1126,37596,19217
2614402,Solidão,PE,-7.59472,-37.6445,5210,10875
2614501,Surubim,PE,-7.84746,-35.7481,64120,14279
2612901,São Benedito do Sul,PE,-8.8166,-35.9453,13113,8924
2613008,São Bento do Una,PE,-8.52637,-36.4465,49449,30045
2613107,São Caetano,PE,-8.33763,-36.2869,37126,12058
2613305,São Joaquim do Monte,PE,-8.43196,-35.8035,20037,9256
2613404,São José da Coroa Grande,PE,-8.88937,-35.1515,18825,15459
2613503,São José do Belmonte,PE,-7.85723,-38.7577,34843,9802
2613602,São José do Egito,PE,-7.46945,-37.274,31004,14228
2613206,São João,PE,-8.87576,-36.3653,23837,16370
2613701,São Lourenço da Mata,PE,-8.00684,-35.0124,111249,12982
2613800,São Vicente Ferrer,PE,-7.58969,-35.4808,16677,12564
2614600,Tabira,PE,-7.58366,-37.5377,27681,11376
2614709,Tacaimbó,PE,-8.30867,-36.3,13738,10857
2614808,Tacaratu,PE,-9.09798,-38.1504,23902,10542
2614857,Tamandaré,PE,-8.75665,-35.1033,23561,16800
2615003,Taquaritinga do Norte,PE,-7.89446,-36.0423,24736,13529
2615102,Terezinha,PE,-9.05621,-36.6272,6513,11610
2615201,Terra Nova,PE,-8.22244,-39.3825,8920,10680
2615300,Timbaúba,PE,-7.50484,-35.3119,46147,16179
2615409,Toritama,PE,-8.00955,-36.0637,41137,18586
2615508,Tracunhaém,PE,-7.80228,-35.2314,13867,12737
2615607,Trindade,PE,-7.759,-40.2647,30321,13820
2615706,Triunfo,PE,-7.83272,-38.0978,14705,10701
2615805,Tupanatinga,PE,-8.74798,-37.3445,26937,8432
2615904,Tuparetama,PE,-7.6003,-37.3165,8005,11135
2616001,Venturosa,PE,-8.57885,-36.8742,17251,14338
2616100,Verdejante,PE,-7.92235,-38.9701,9169,8827
2616183,Vertente do Lério,PE,-7.77084,-35.8491,7558,9799
2616209,Vertentes,PE,-7.90158,-35.9681,21959,8858
2616308,Vicência,PE,-7.65655,-35.3139,26359,19706
2616407,Vitória de Santo Antão,PE,-8.12819,-35.2976,134084,33948
2616506,Xexéu,PE,-8.8046,-35.6212,11611,12179
2600401,Água Preta,PE,-8.70609,-35.5263,26461,9821
2600500,Águas Belas,PE,-9.11125,-37.1226,41548,9654
2200053,Acauã,PI,-8.21954,-41.0831,6420,11468
2200103,Agricolândia,PI,-5.79676,-42.6664,4940,9571
2200251,Alagoinha do Piauí,PI,-7.00039,-40.9282,6819,9597
2200277,Alegrete do Piauí,PI,-7.24196,-40.8566,4634,10398
2200301,Alto Longá,PI,-5.25634,-42.2096,13479,9716
2200400,Altos,PI,-5.03888,-42.4612,47453,11340
2200459,Alvorada do Gurguéia,PI,-8.42418,-43.777,5322,15431
2200509,Amarante,PI,-6.24304,-42.8433,17234,11175
2200608,Angical do Piauí,PI,-6.08786,-42.74,6827,9777
2200806,Antônio Almeida,PI,-7.21276,-44.1889,3152,44466
2200707,Anísio de Abreu,PI,-9.18564,-43.0494,9407,10476
2200905,Aroazes,PI,-6.11022,-41.7822,5369,10673
2200954,Aroeiras do Itaim,PI,-7.24502,-41.5325,2690,9156
2201002,Arraial,PI,-6.65075,-42.5418,4520,10823
2201051,Assunção do Piauí,PI,-5.865,-41.0389,7452,8624
2201101,Avelino Lopes,PI,-10.1345,-43.9563,10866,8982
2201150,Baixa Grande do Ribeiro,PI,-7.84903,-45.219,13272,133266
2201176,Barra D'Alcântara,PI,-6.51645,-42.1146,3995,9753
2201200,Barras,PI,-4.24468,-42.2922,47938,10383
2201309,Barreiras do Piauí,PI,-9.9296,-45.4702,3264,49991
2201408,Barro Duro,PI,-5.81673,-42.5147,6640,13583
2201507,Batalha,PI,-4.0223,-42.0787,26300,9536
2201556,Bela Vista do Piauí,PI,-7.98809,-41.8675,4091,11458
2201572,Belém do Piauí,PI,-7.36652,-40.9688,3423,12055
2201606,Beneditinos,PI,-5.45676,-42.3638,9929,9256
2201705,Bertolínia,PI,-7.63338,-43.9498,5562,13030
2201739,Betânia do Piauí,PI,-8.14376,-40.7989,6220,10059
2201770,Boa Hora,PI,-4.41404,-42.1357,6902,9056
2201804,Bocaina,PI,-6.94124,-41.3168,4078,11715
2201903,Bom Jesus,PI,-9.07124,-44.359,28796,49000
2201919,Bom Princípio do Piauí,PI,-3.19631,-41.6403,5636,12450
2201929,Bonfim do Piauí,PI,-9.1605,-42.8865,5913,8954
2201945,Boqueirão do Piauí,PI,-4.48181,-42.1212,6545,7903
2201960,Brasileira,PI,-4.1337,-41.7859,8436,8218
2201988,Brejo do Piauí,PI,-8.20314,-42.8229,3904,11265
2202000,Buriti dos Lopes,PI,-3.18259,-41.8695,19654,10929
2202026,Buriti dos Montes,PI,-5.30584,-41.0933,7434,9374
2202059,Cabeceiras do Piauí,PI,-4.4773,-42.3069,10212,8435
2202075,Cajazeiras do Piauí,PI,-6.79667,-42.3903,3108,10998
2202083,Cajueiro da Praia,PI,-2.93111,-41.3408,7957,14500
2202091,Caldeirão Grande do Piauí,PI,-7.3314,-40.6366,5503,35450
2202109,Campinas do Piauí,PI,-7.6593,-41.8775,4938,11644
2202117,Campo Alegre do Fidalgo,PI,-8.38236,-41.8344,4616,11120
2202133,Campo Grande do Piauí,PI,-7.12827,-41.0315,6020,10322
2202174,Campo Largo do Piauí,PI,-3.80441,-42.64,7419,7623
2202208,Campo Maior,PI,-4.8217,-42.1641,45793,15424
2202251,Canavieira,PI,-7.68821,-43.7233,3414,12287
2202307,Canto do Buriti,PI,-8.1111,-42.9517,19365,14015
2202455,Capitão Gervásio Oliveira,PI,-8.49655,-41.814,3974,10989
2202406,Capitão de Campos,PI,-4.457,-41.944,11100,9587
2202505,Caracol,PI,-9.27933,-43.329,10318,9448
2202539,Caraúbas do Piauí,PI,-3.47525,-41.8425,5630,10202
2202554,Caridade do Piauí,PI,-7.73435,-40.9848,5033,9941
2202604,Castelo do Piauí,PI,-5.31869,-41.5499,19288,10489
2202653,Caxingó,PI,-3.41904,-41.8955,5496,9670
2202703,Cocal,PI,-3.47279,-41.5546,28212,9669
2202711,Cocal de Telha,PI,-4.5571,-41.9587,4911,9562
2202729,Cocal dos Alves,PI,-3.62047,-41.4402,6386,8920
2202737,Coivaras,PI,-5.09224,-42.208,4117,9159
2202752,Colônia do Gurguéia,PI,-8.1837,-43.794,6150,11473
2202778,Colônia do Piauí,PI,-7.22651,-42.1756,6994,9738
2202802,Conceição do Canindé,PI,-7.87638,-41.5942,4932,12256
2202851,Coronel José Dias,PI,-8.81397,-42.5232,4250,9593
2202901,Corrente,PI,-10.4333,-45.1633,27278,24956
2203008,Cristalândia do Piauí,PI,-10.6443,-45.1893,7356,10205
2203107,Cristino Castro,PI,-8.82273,-44.223,10503,11565
2203206,Curimatá,PI,-10.0326,-44.3002,11270,12499
2203230,Currais,PI,-9.01175,-44.4062,4854,84263
2203271,Curral Novo do Piauí,PI,-7.8313,-40.8957,5073,15457
2203255,Curralinhos,PI,-5.60825,-42.8376,4413,8987
2203305,Demerval Lobão,PI,-5.35875,-42.6776,16352,13199
2203354,Dirceu Arcoverde,PI,-9.33939,-42.4348,7054,9568
2203404,Dom Expedito Lopes,PI,-6.95332,-41.6396,6320,12350
2203453,Dom Inocêncio,PI,-9.00516,-41.9697,9159,17944
2203420,Domingos Mourão,PI,-4.2495,-41.2683,4075,11419
2203503,Elesbão Veloso,PI,-6.19947,-42.1355,13607,12107
2203602,Eliseu Martins,PI,-8.09629,-43.6705,4377,12701
2203701,Esperantina,PI,-3.88863,-42.2324,40970,11145
2203750,Fartura do Piauí,PI,-9.48342,-42.7912,5284,8852
2203800,Flores do Piauí,PI,-7.78793,-42.918,4414,10902
2203859,Floresta do Piauí,PI,-7.46682,-41.7883,2333,10826
2203909,Floriano,PI,-6.77182,-43.0241,62036,22176
2204006,Francinópolis,PI,-6.39334,-42.2591,4505,9944
2204105,Francisco Ayres,PI,-6.62606,-42.6881,4412,10599
2204154,Francisco Macedo,PI,-7.331,-40.788,2929,10468
2204204,Francisco Santos,PI,-6.99491,-41.1288,8237,10083
2204303,Fronteiras,PI,-7.08173,-40.6146,10259,12169
2204352,Geminiano,PI,-7.15476,-41.3409,5445,10891
2204402,Gilbués,PI,-9.83001,-45.3423,10892,38276
2204501,Guadalupe,PI,-6.78285,-43.5594,10270,62046
2204550,Guaribas,PI,-9.38647,-43.6943,4276,10547
2204600,Hugo Napoleão,PI,-5.9886,-42.5598,3518,9683
2204659,Ilha Grande,PI,-2.85774,-41.8186,9274,12910
2204709,Inhuma,PI,-6.665,-41.7041,14958,10941
2204808,Ipiranga do Piauí,PI,-6.82421,-41.7381,9420,8750
2204907,Isaías Coelho,PI,-7.73597,-41.6735,7774,10393
2205003,Itainópolis,PI,-7.44336,-41.4687,10790,10028
2205102,Itaueira,PI,-7.59989,-43.0249,10323,12773
2205151,Jacobina do Piauí,PI,-7.93063,-41.2075,5613,12306
2205201,Jaicós,PI,-7.36229,-41.1371,17527,10942
2205250,Jardim do Mulato,PI,-6.099,-42.63,4180,9482
2205276,Jatobá do Piauí,PI,-4.77025,-41.817,4494,13073
2205300,Jerumenha,PI,-7.09128,-43.5033,4497,14128
2205409,Joaquim Pires,PI,-3.50164,-42.1865,13886,8562
2205458,Joca Marques,PI,-3.4804,-42.4255,5394,8570
2205508,José de Freitas,PI,-4.75146,-42.5746,42559,9181
2205359,João Costa,PI,-8.50736,-42.4264,2970,23330
2205516,Juazeiro do Piauí,PI,-5.17459,-41.6976,5214,10730
2205532,Jurema,PI,-9.21992,-43.1337,4425,9845
2205524,Júlio Borges,PI,-10.3225,-44.2381,5388,14612
2205557,Lagoa Alegre,PI,-4.51539,-42.6309,8256,9365
2205573,Lagoa de São Francisco,PI,-4.38505,-41.5969,6331,8684
2205565,Lagoa do Barro do Piauí,PI,-8.47673,-41.5342,4995,107613
2205581,Lagoa do Piauí,PI,-5.41864,-42.6437,4810,15520
2205599,Lagoa do Sítio,PI,-6.50766,-41.5653,4520,10751
2205540,Lagoinha do Piauí,PI,-5.83074,-42.6223,2939,13787
2205607,Landri Sales,PI,-7.25922,-43.9364,5213,21063
2205805,Luzilândia,PI,-3.4683,-42.3718,25375,9507
2205706,Luís Correia,PI,-2.88438,-41.6641,30641,12357
2205854,Madeiro,PI,-3.48624,-42.4981,8032,9355
2205904,Manoel Emídio,PI,-8.01234,-43.8755,5209,10522
2205953,Marcolândia,PI,-7.44169,-40.6602,8533,23247
2206001,Marcos Parente,PI,-7.11565,-43.8926,4724,11618
2206050,Massapê do Piauí,PI,-7.47469,-41.1103,5218,9990
2206100,Matias Olímpio,PI,-3.71492,-42.5507,10641,8980
2206209,Miguel Alves,PI,-4.16857,-42.8963,32150,9731
2206308,Miguel Leão,PI,-5.68077,-42.7436,1318,17920
2206357,Milton Brandão,PI,-4.68295,-41.4173,6542,8188
2206407,Monsenhor Gil,PI,-5.562,-42.6075,10255,12423
2206506,Monsenhor Hipólito,PI,-6.99275,-41.026,7577,9619
2206605,Monte Alegre do Piauí,PI,-9.75364,-45.3037,10660,27963
2206654,Morro Cabeça no Tempo,PI,-9.71891,-43.9072,4377,8944
2206670,Morro do Chapéu do Piauí,PI,-3.73337,-42.3024,6425,9720
2206696,Murici dos Portelas,PI,-3.319,-42.094,9797,7646
2206704,Nazaré do Piauí,PI,-6.97023,-42.6773,6665,10060
2206720,Nazária,PI,-5.35128,-42.8153,10262,9248
2206753,Nossa Senhora de Nazaré,PI,-4.63019,-42.173,5228,9159
2206803,Nossa Senhora dos Remédios,PI,-3.97574,-42.6184,8525,9214
2207959,Nova Santa Rita,PI,-8.09707,-42.0471,4076,10778
2206902,Novo Oriente do Piauí,PI,-6.44901,-41.9261,6097,9542
2206951,Novo Santo Antônio,PI,-5.28749,-41.9325,2827,11050
2207009,Oeiras,PI,-7.01915,-42.1283,38161,15317
2207108,Olho D'Água do Piauí,PI,-5.84125,-42.5594,2637,10895
2207207,Padre Marcos,PI,-7.35101,-40.8997,6382,11582
2207306,Paes Landim,PI,-7.77375,-42.2474,4088,10824
2207355,Pajeú do Piauí,PI,-7.85508,-42.8248,3000,17527
2207405,Palmeira do Piauí,PI,-8.73076,-44.2466,4952,28566
2207504,Palmeirais,PI,-5.97086,-43.056,13264,10467
2207553,Paquetá,PI,-7.10303,-41.7,3813,11602
2207603,Parnaguá,PI,-10.2166,-44.63,10103,11800
2207702,Parnaíba,PI,-2.90585,-41.7754,162159,18340
2207751,Passagem Franca do Piauí,PI,-5.86036,-42.4436,4135,11792
2207777,Patos do Piauí,PI,-7.67231,-41.2408,5425,11913
2207793,Pau D'Arco do Piauí,PI,-5.26072,-42.3908,3880,8663
2207801,Paulistana,PI,-8.13436,-41.1431,21055,12718
2207850,Pavussu,PI,-7.96059,-43.2284,3628,10389
2207900,Pedro II,PI,-4.42585,-41.4482,37894,10195
2207934,Pedro Laurentino,PI,-8.06807,-42.2847,2458,12743
2208007,Picos,PI,-7.07721,-41.467,83090,23369
2208106,Pimenteiras,PI,-6.23839,-41.4113,11341,9433
2208205,Pio IX,PI,-6.83002,-40.6083,17613,11500
2208304,Piracuruca,PI,-3.93335,-41.7088,28846,12602
2208403,Piripiri,PI,-4.27157,-41.7716,65538,13996
2208502,Porto,PI,-3.88815,-42.6998,12052,9836
2208551,Porto Alegre do Piauí,PI,-6.96423,-44.1837,2364,16587
2208601,Prata do Piauí,PI,-5.67265,-42.2046,3042,9068
2208650,Queimada Nova,PI,-8.57064,-41.4106,8738,28990
2208700,Redenção do Gurguéia,PI,-9.47937,-44.5811,8394,11667
2208809,Regeneração,PI,-6.23115,-42.6842,17133,15439
2208858,Riacho Frio,PI,-10.1244,-44.9503,4165,11111
2208874,Ribeira do Piauí,PI,-7.69028,-42.7128,4055,53610
2208908,Ribeiro Gonçalves,PI,-7.55651,-45.2447,6164,112890
2209005,Rio Grande do Piauí,PI,-7.78029,-43.1369,5801,10600
2209104,Santa Cruz do Piauí,PI,-7.1785,-41.7609,5831,10463
2209153,Santa Cruz dos Milagres,PI,-5.80581,-41.9506,3435,13238
2209203,Santa Filomena,PI,-9.11228,-45.9116,6087,101059
2209302,Santa Luz,PI,-8.9488,-44.1296,5336,11706
2209377,Santa Rosa do Piauí,PI,-6.79581,-42.2814,4650,10802
2209351,Santana do Piauí,PI,-6.94696,-41.5178,4125,9893
2209401,Santo Antônio de Lisboa,PI,-6.98676,-41.2252,5839,12334
2209450,Santo Antônio dos Milagres,PI,-6.04647,-42.7123,2138,8443
2209500,Santo Inácio do Piauí,PI,-7.42072,-41.9063,3646,11074
2210623,Sebastião Barros,PI,-10.817,-44.8337,3202,14588
2210631,Sebastião Leal,PI,-7.56803,-44.06,4446,57449
2210656,Sigefredo Pacheco,PI,-4.91665,-41.7311,9460,8262
2210805,Simplício Mendes,PI,-7.85294,-41.9075,13870,13188
2210706,Simões,PI,-7.59109,-40.8137,14350,30279
2210904,Socorro do Piauí,PI,-7.86773,-42.4922,4141,9917
2210938,Sussuapara,PI,-7.03687,-41.3767,6220,12365
2209559,São Braz do Piauí,PI,-9.05797,-43.0076,4358,9057
2209658,São Francisco de Assis do Piauí,PI,-8.23599,-41.6873,5572,9969
2209708,São Francisco do Piauí,PI,-7.2463,-42.541,5392,10832
2209609,São Félix do Piauí,PI,-5.93485,-42.1172,2842,11300
2209757,São Gonçalo do Gurguéia,PI,-10.0319,-45.3092,2947,18530
2209807,São Gonçalo do Piauí,PI,-5.99393,-42.7095,4837,11729
2210052,São José do Divino,PI,-3.81411,-41.8308,4841,13170
2210102,São José do Peixe,PI,-7.48554,-42.5672,3297,12993
2210201,São José do Piauí,PI,-6.87194,-41.4731,6597,10321
2209856,São João da Canabrava,PI,-6.81203,-41.3415,4242,11627
2209872,São João da Fronteira,PI,-3.95497,-41.2569,5522,11033
2209906,São João da Serra,PI,-5.51081,-41.8923,6114,9768
2209955,São João da Varjota,PI,-6.94082,-41.8889,4383,8361
2209971,São João do Arraial,PI,-3.8186,-42.4459,8186,8336
2210003,São João do Piauí,PI,-8.35466,-42.2559,21421,19931
2210300,São Julião,PI,-7.08391,-40.8246,6025,9883
2210359,São Lourenço do Piauí,PI,-9.16463,-42.5496,4410,10275
2210375,São Luis do Piauí,PI,-6.81936,-41.3175,2309,10971
2210383,São Miguel da Baixa Grande,PI,-5.85646,-42.1934,2269,12019
2210391,São Miguel do Fidalgo,PI,-7.59713,-42.3676,2829,16778
2210409,São Miguel do Tapuio,PI,-5.49729,-41.3165,17554,9307
2210508,São Pedro do Piauí,PI,-5.92078,-42.7192,13755,9803
2210607,São Raimundo Nonato,PI,-9.01241,-42.6987,38934,14545
2210953,Tamboril do Piauí,PI,-8.40937,-42.9211,2949,10305
2210979,Tanque do Piauí,PI,-6.59787,-42.2795,2316,14327
2211001,Teresina,PI,-5.09194,-42.8034,866300,27652
2211100,União,PI,-4.58571,-42.8583,46119,9115
2211209,Uruçuí,PI,-7.23944,-44.5577,25203,112287
2211308,Valença do Piauí,PI,-6.40301,-41.7375,22279,13003
2211506,Vera Mendes,PI,-7.59748,-41.4673,3185,9758
2211605,Vila Nova do Piauí,PI,-7.13272,-40.9345,2935,12618
2211357,Várzea Branca,PI,-9.238,-42.9692,5055,8811
2211407,Várzea Grande,PI,-6.54899,-42.248,4417,9281
2211704,Wall Ferraz,PI,-7.23151,-41.905,4059,9364
2200202,Água Branca,PI,-5.88856,-42.637,17573,13886
4100103,Abatiá,PR,-23.3049,-50.3133,7241,30633
4100202,Adrianópolis,PR,-24.6606,-48.9922,6256,58960
4100301,Agudos do Sul,PR,-25.9899,-49.3343,10233,21197
4100400,Almirante Tamandaré,PR,-25.3188,-49.3037,119825,16159
4100459,Altamira do Paraná,PR,-24.7983,-52.7128,3590,26799
4100608,Alto Paraná,PR,-23.1312,-52.3189,13909,31365
4128625,Alto Paraíso,PR,-26.1146,-52.7469,3055,37205
4100707,Alto Piquiri,PR,-24.0224,-53.44,9727,42231
4100509,Altônia,PR,-23.8759,-53.8958,18742,24677
4100806,Alvorada do Sul,PR,-22.7813,-51.2297,10326,32768
4100905,Amaporã,PR,-23.0943,-52.7866,4762,25433
4101002,Ampére,PR,-25.9168,-53.4686,19620,38245
4101051,Anahy,PR,-24.6449,-53.1332,2918,39425
4101101,Andirá,PR,-23.0533,-50.2304,19878,41076
4101200,Antonina,PR,-25.4386,-48.7191,18091,38741
4101309,Antônio Olinto,PR,-25.9804,-50.1972,7018,33250
4101408,Apucarana,PR,-23.55,-51.4635,130134,29770
4101507,Arapongas,PR,-23.4153,-51.4259,119138,41582
4101606,Arapoti,PR,-24.1548,-49.8285,25777,56152
4101655,Arapuã,PR,-24.3132,-51.7856,3527,43138
4101705,Araruna,PR,-23.9315,-52.5021,14485,37788
4101804,Araucária,PR,-25.5859,-49.4047,151666,166595
4101853,Ariranha do Ivaí,PR,-24.3857,-51.5839,2329,55377
4101903,Assaí,PR,-23.3697,-50.8459,13797,39106
4102000,Assis Chateaubriand,PR,-24.4168,-53.5213,36808,44372
4102109,Astorga,PR,-23.2318,-51.6668,25475,34658
4102208,Atalaia,PR,-23.1517,-52.0551,3980,44549
4102307,Balsa Nova,PR,-25.5804,-49.6291,13395,69144
4102406,Bandeirantes,PR,-23.1078,-50.3704,31273,33047
4102505,Barbosa Ferraz,PR,-24.0334,-52.004,10795,27732
4102703,Barra do Jacaré,PR,-23.116,-50.1842,2814,53357
4102604,Barracão,PR,-26.2502,-53.6324,9759,27076
4102752,Bela Vista da Caroba,PR,-25.8842,-53.6725,4031,26525
4102802,Bela Vista do Paraíso,PR,-22.9937,-51.1927,14833,35313
4102901,Bituruna,PR,-26.1607,-51.5518,15533,35559
4103008,Boa Esperança,PR,-24.2467,-52.7876,4558,62679
4103024,Boa Esperança do Iguaçu,PR,-25.6324,-53.2108,2455,58088
4103040,Boa Ventura de São Roque,PR,-24.8688,-51.6276,6378,56678
4103057,Boa Vista da Aparecida,PR,-25.4308,-53.4117,7924,23387
4103107,Bocaiúva do Sul,PR,-25.2066,-49.1141,13299,21079
4103156,Bom Jesus do Sul,PR,-26.1958,-53.5955,3980,29063
4103206,Bom Sucesso,PR,-23.7063,-51.7671,6581,23897
4103222,Bom Sucesso do Sul,PR,-26.0731,-52.8353,3202,93709
4103305,Borrazópolis,PR,-23.9366,-51.5875,7735,31761
4103354,Braganey,PR,-24.8173,-53.1218,4854,49758
4103370,Brasilândia do Sul,PR,-24.1978,-53.5275,3708,74420
4103404,Cafeara,PR,-22.789,-51.7142,2627,43414
4103453,Cafelândia,PR,-24.6189,-53.3207,18997,102607
4103479,Cafezal do Sul,PR,-23.9005,-53.5124,4473,33307
4103503,Califórnia,PR,-23.6566,-51.3574,8710,29071
4103602,Cambará,PR,-23.0423,-50.0753,23212,35285
4103800,Cambira,PR,-23.589,-51.5792,9460,29621
4103701,Cambé,PR,-23.2766,-51.2798,107208,46917
4104006,Campina Grande do Sul,PR,-25.3044,-49.0551,47825,45500
4103909,Campina da Lagoa,PR,-24.5893,-52.7976,15723,36785
4103958,Campina do Simão,PR,-25.0802,-51.8237,3936,38204
4104055,Campo Bonito,PR,-25.0294,-52.9939,4027,55789
4104204,Campo Largo,PR,-25.4525,-49.529,136327,42055
4104253,Campo Magro,PR,-25.3687,-49.4501,30160,17958
4104303,Campo Mourão,PR,-24.0463,-52.378,99432,51767
4104105,Campo do Tenente,PR,-25.98,-49.6844,7508,34799
4104428,Candói,PR,-25.5758,-52.0409,14973,56772
4104451,Cantagalo,PR,-25.3734,-52.1198,10933,30728
4104501,Capanema,PR,-25.6691,-53.8055,20481,54035
4104600,Capitão Leônidas Marques,PR,-25.4816,-53.6112,14648,85713
4104659,Carambeí,PR,-24.9152,-50.0986,23283,67811
4104709,Carlópolis,PR,-23.4269,-49.7235,16905,27130
4104808,Cascavel,PR,-24.9573,-53.459,348051,45358
4104907,Castro,PR,-24.7891,-50.0108,73075,49691
4105003,Catanduvas,PR,-25.2044,-53.1548,10446,34075
4105102,Centenário do Sul,PR,-22.8188,-51.5973,10832,40666
4105201,Cerro Azul,PR,-26.0891,-52.8691,16134,25108
4105409,Chopinzinho,PR,-25.8515,-52.5173,21085,43124
4105508,Cianorte,PR,-23.6599,-52.6054,79527,38222
4105607,Cidade Gaúcha,PR,-23.3772,-52.9436,11467,37627
4105706,Clevelândia,PR,-26.4043,-52.3508,15070,55606
4105805,Colombo,PR,-25.2925,-49.2262,232212,24520
4105904,Colorado,PR,-22.8374,-51.9743,22896,34778
4106001,Congonhinhas,PR,-23.5493,-50.5569,8320,34329
4106100,Conselheiro Mairinck,PR,-23.623,-50.1707,3461,44041
4106209,Contenda,PR,-25.6788,-49.535,19128,29150
4106308,Corbélia,PR,-24.7971,-53.3006,17470,60915
4106407,Cornélio Procópio,PR,-23.1829,-50.6498,45206,40088
4106456,Coronel Domingos Soares,PR,-26.2277,-52.0356,5649,57305
4106506,Coronel Vivida,PR,-25.9767,-52.5641,23331,38031
4106555,Corumbataí do Sul,PR,-24.101,-52.1177,3760,23320
4106803,Cruz Machado,PR,-26.0166,-51.343,15978,31610
4106571,Cruzeiro do Iguaçu,PR,-25.6192,-53.1285,4133,42868
4106605,Cruzeiro do Oeste,PR,-23.7799,-53.0774,23831,36061
4106704,Cruzeiro do Sul,PR,-22.9624,-52.1622,4494,45694
4106852,Cruzmaltina,PR,-24.0132,-51.4563,2892,52270
4106902,Curitiba,PR,-25.4195,-49.2646,1773718,55251
4107009,Curiúva,PR,-24.0362,-50.4576,13647,20226
4104402,Cândido de Abreu,PR,-24.5649,-51.3372,15244,27659
4105300,Céu Azul,PR,-25.1489,-53.8415,11087,85033
4107157,Diamante D'Oeste,PR,-24.9419,-54.1052,4557,28095
4107108,Diamante do Norte,PR,-22.655,-52.8617,5142,57994
4107124,Diamante do Sul,PR,-25.035,-52.6768,3171,23569
4107207,Dois Vizinhos,PR,-25.7407,-53.057,44869,45164
4107256,Douradina,PR,-23.3807,-53.2918,9161,91827
4107306,Doutor Camargo,PR,-23.5582,-52.2178,6327,31668
4128633,Doutor Ulysses,PR,-24.5665,-49.4219,5697,17414
4107504,Engenheiro Beltrão,PR,-23.797,-52.2659,12454,45496
4107538,Entre Rios do Oeste,PR,-24.7042,-54.2385,4575,68447
4107405,Enéas Marques,PR,-25.9445,-53.1659,5999,51895
4107520,Esperança Nova,PR,-23.7238,-53.811,1849,35282
4107546,Espigão Alto do Iguaçu,PR,-25.4216,-52.8348,4797,33940
4107553,Farol,PR,-24.0958,-52.6217,3039,70988
4107603,Faxinal,PR,-24.0077,-51.3227,16389,30516
4107652,Fazenda Rio Grande,PR,-25.6624,-49.3073,148873,22317
4107736,Fernandes Pinheiro,PR,-25.4107,-50.5456,6255,40582
4107751,Figueira,PR,-23.8455,-50.4031,8062,20031
4107850,Flor da Serra do Sul,PR,-26.2523,-53.3092,4364,41852
4107801,Floraí,PR,-23.3178,-52.3029,4792,49928
4107900,Floresta,PR,-23.6031,-52.0807,10458,25925
4108007,Florestópolis,PR,-22.8623,-51.3882,11446,34972
4108106,Flórida,PR,-23.0847,-51.9546,2652,30382
4108205,Formosa do Oeste,PR,-24.2951,-53.3114,7635,48561
4108304,Foz do Iguaçu,PR,-25.5427,-54.5827,285415,66461
4108452,Foz do Jordão,PR,-25.7371,-52.1188,4926,37362
4108320,Francisco Alves,PR,-24.0667,-53.8461,8116,35799
4108403,Francisco Beltrão,PR,-26.0817,-53.0535,96666,38220
4107702,Fênix,PR,-23.9135,-51.9805,4492,47387
4108502,General Carneiro,PR,-26.425,-51.3172,11062,40270
4108551,Godoy Moreira,PR,-24.173,-51.9246,2977,24329
4108601,Goioerê,PR,-24.1835,-53.0248,28437,37781
4108650,Goioxim,PR,-25.1927,-51.9911,6566,47083
4108700,Grandes Rios,PR,-24.1466,-51.5094,5641,30620
4108908,Guairaçá,PR,-22.932,-52.6906,6587,41557
4108957,Guamiranga,PR,-25.1912,-50.8021,7856,37559
4109005,Guapirama,PR,-23.5203,-50.0407,4626,38252
4109104,Guaporema,PR,-23.3402,-52.7786,2191,35664
4109203,Guaraci,PR,-22.9694,-51.6504,4748,47149
4109302,Guaraniaçu,PR,-25.0968,-52.8755,13735,37278
4109401,Guarapuava,PR,-25.3902,-51.4623,182093,45631
4109500,Guaraqueçaba,PR,-25.3071,-48.3204,7430,15902
4109609,Guaratuba,PR,-25.8817,-48.5752,42062,23349
4108809,Guaíra,PR,-24.085,-54.2573,32097,35515
4109658,Honório Serpa,PR,-26.139,-52.3848,4941,60422
4109708,Ibaiti,PR,-23.8478,-50.1932,28830,30469
4109757,Ibema,PR,-25.1193,-53.0072,6218,29325
4109807,Ibiporã,PR,-23.2659,-51.0522,51603,64209
4109906,Icaraíma,PR,-23.3944,-53.615,8991,27756
4110003,Iguaraçu,PR,-23.1949,-51.8256,5338,39810
4110052,Iguatu,PR,-24.7153,-53.0827,2144,39177
4110078,Imbaú,PR,-24.448,-50.7533,14249,19381
4110102,Imbituva,PR,-25.2285,-50.5989,29924,43136
4110300,Inajá,PR,-22.7509,-52.1995,2536,22994
4110409,Indianópolis,PR,-23.4762,-52.6989,4448,114084
4110201,Inácio Martins,PR,-25.5704,-51.0769,9670,27478
4110508,Ipiranga,PR,-25.0238,-50.5794,14142,43501
4110607,Iporã,PR,-24.0083,-53.706,15746,37918
4110656,Iracema do Oeste,PR,-24.4262,-53.3528,2343,82956
4110706,Irati,PR,-25.4697,-50.6493,59250,38586
4110805,Iretama,PR,-24.4253,-52.1012,10684,33149
4110904,Itaguajé,PR,-22.6183,-51.9674,4481,27177
4110953,Itaipulândia,PR,-25.1366,-54.3001,11485,45693
4111001,Itambaracá,PR,-23.0181,-50.4097,5908,37851
4111100,Itambé,PR,-23.6601,-51.9912,6111,37364
4111209,Itapejara d'Oeste,PR,-25.9619,-52.8152,12344,61002
4111258,Itaperuçu,PR,-25.2193,-49.3454,31217,20083
4111308,Itaúna do Sul,PR,-22.7289,-52.8874,3572,24566
4111506,Ivaiporã,PR,-24.2485,-51.6754,32720,28968
4111605,Ivatuba,PR,-23.6187,-52.2203,2708,53025
4111555,Ivaté,PR,-23.4072,-53.3687,6831,29854
4111407,Ivaí,PR,-25.0067,-50.857,13229,37622
4111704,Jaboti,PR,-23.7435,-50.0729,5427,29492
4111803,Jacarezinho,PR,-23.1591,-49.9739,40375,39580
4111902,Jaguapitã,PR,-23.1104,-51.5342,15122,69394
4112009,Jaguariaíva,PR,-24.2439,-49.7066,35141,50905
4112108,Jandaia do Sul,PR,-23.6011,-51.6448,21408,36909
4112207,Janiópolis,PR,-24.1401,-52.7784,5870,41216
4112306,Japira,PR,-23.8142,-50.1422,4972,32868
4112405,Japurá,PR,-23.4693,-52.5557,9144,35124
4112504,Jardim Alegre,PR,-24.1809,-51.6902,12004,31165
4112603,Jardim Olinda,PR,-22.5523,-52.0503,1343,42475
4112702,Jataizinho,PR,-23.2578,-50.9777,11813,23929
4112751,Jesuítas,PR,-24.3839,-53.3849,10506,42069
4112801,Joaquim Távora,PR,-23.4987,-49.909,11945,57009
4112900,Jundiaí do Sul,PR,-23.4357,-50.2496,3333,38422
4112959,Juranda,PR,-24.4209,-52.8413,7771,56741
4113007,Jussara,PR,-23.6219,-52.4693,6690,60558
4113106,Kaloré,PR,-23.8188,-51.6687,4582,36152
4113205,Lapa,PR,-25.7671,-49.7168,45003,63133
4113254,Laranjal,PR,-24.8862,-52.47,5600,20181
4113304,Laranjeiras do Sul,PR,-25.4077,-52.4109,32227,31890
4113403,Leópolis,PR,-23.0818,-50.7511,3752,60600
4113429,Lidianópolis,PR,-24.11,-51.6506,3938,31915
4113452,Lindoeste,PR,-25.2596,-53.5733,5175,38816
4113502,Loanda,PR,-22.9232,-53.1362,23225,30052
4113601,Lobato,PR,-23.0058,-51.9524,4601,46852
4113700,Londrina,PR,-23.304,-51.1691,555965,42455
4113734,Luiziana,PR,-24.2853,-52.269,6690,81743
4113759,Lunardelli,PR,-24.0821,-51.7368,4872,29189
4113809,Lupionópolis,PR,-22.755,-51.6601,4813,27321
4113908,Mallet,PR,-25.8806,-50.8173,13428,56479
4114005,Mamborê,PR,-24.317,-52.5271,13452,58963
4114203,Mandaguari,PR,-23.5446,-51.671,36716,49997
4114104,Mandaguaçu,PR,-23.3458,-52.0944,31457,21863
4114302,Mandirituba,PR,-25.777,-49.3282,27439,24236
4114351,Manfrinópolis,PR,-26.1441,-53.3113,2770,29412
4114401,Mangueirinha,PR,-25.9421,-52.1743,16603,106804
4114500,Manoel Ribas,PR,-24.5144,-51.6658,14240,37324
4114609,Marechal Cândido Rondon,PR,-24.557,-54.0571,55836,52363
4114708,Maria Helena,PR,-23.6158,-53.2053,5865,22923
4114807,Marialva,PR,-23.4843,-51.7928,41851,63426
4115002,Marilena,PR,-22.7336,-53.0402,7253,24058
4115101,Mariluz,PR,-24.0089,-53.1432,9847,28878
4114906,Marilândia do Sul,PR,-23.7425,-51.3137,8677,53755
4115200,Maringá,PR,-23.4205,-51.9333,409657,55304
4115358,Maripá,PR,-24.42,-53.8286,6555,72938
4115309,Mariópolis,PR,-26.355,-52.5532,6371,69049
4115408,Marmeleiro,PR,-26.1472,-53.0267,15901,39941
4115457,Marquinho,PR,-25.112,-52.2497,4504,24746
4115507,Marumbi,PR,-23.7058,-51.6404,4699,22016
4115606,Matelândia,PR,-25.2496,-53.9935,18450,59424
4115705,Matinhos,PR,-25.8237,-48.549,39259,22727
4115739,Mato Rico,PR,-24.6995,-52.1454,3267,37706
4115754,Mauá da Serra,PR,-23.8988,-51.2277,9383,39827
4115804,Medianeira,PR,-25.2977,-54.0943,54369,44916
4115853,Mercedes,PR,-24.4538,-54.1618,5931,46908
4115903,Mirador,PR,-23.255,-52.7761,2238,56584
4116000,Miraselva,PR,-22.9657,-51.4846,1966,26614
4116059,Missal,PR,-25.0919,-54.2477,11064,42157
4116109,Moreira Sales,PR,-24.0509,-53.0102,11175,27395
4116208,Morretes,PR,-25.4744,-48.8345,18309,21258
4116307,Munhoz de Melo,PR,-23.1487,-51.7737,3951,34657
4116406,Nossa Senhora das Graças,PR,-22.9129,-51.7978,3669,27123
4116505,Nova Aliança do Ivaí,PR,-23.1763,-52.6032,1323,39249
4116604,Nova América da Colina,PR,-23.3308,-50.7168,3280,29756
4116703,Nova Aurora,PR,-24.5289,-53.2575,13765,59554
4116802,Nova Cantu,PR,-24.6723,-52.5661,6790,51265
4116901,Nova Esperança,PR,-23.182,-52.2031,26585,35478
4116950,Nova Esperança do Sudoeste,PR,-25.9004,-53.2618,5597,29443
4117008,Nova Fátima,PR,-23.4324,-50.5665,7225,43589
4117057,Nova Laranjeiras,PR,-25.3054,-52.5447,12074,25533
4117107,Nova Londrina,PR,-22.7639,-52.9868,12923,34275
4117206,Nova Olímpia,PR,-23.4703,-53.0898,5833,18722
4117255,Nova Prata do Iguaçu,PR,-25.6309,-53.3469,12699,38782
4117214,Nova Santa Bárbara,PR,-23.5865,-50.7598,4184,26468
4117222,Nova Santa Rosa,PR,-24.4693,-53.9552,8322,52842
4117271,Nova Tebas,PR,-24.438,-51.9454,6848,27714
4117297,Novo Itacolomi,PR,-23.7631,-51.5079,3125,29250
4117305,Ortigueira,PR,-24.2058,-50.9185,24192,112700
4117404,Ourizona,PR,-23.4053,-52.1964,3187,52305
4117453,Ouro Verde do Oeste,PR,-24.7933,-53.9043,6785,46960
4117503,Paiçandu,PR,-23.4555,-52.046,45962,23012
4117602,Palmas,PR,-26.4839,-51.9888,48247,33505
4117701,Palmeira,PR,-25.4257,-50.007,33855,48502
4117800,Palmital,PR,-24.8853,-52.2029,13033,25385
4117909,Palotina,PR,-24.2868,-53.8404,35011,80427
4118105,Paranacity,PR,-22.9297,-52.1549,9557,34061
4118204,Paranaguá,PR,-25.5161,-48.5225,145829,93582
4118303,Paranapoema,PR,-22.6412,-52.0905,2398,38374
4118402,Paranavaí,PR,-23.0816,-52.4617,92001,34563
4118006,Paraíso do Norte,PR,-23.2824,-52.6054,13245,28482
4118451,Pato Bragado,PR,-24.6271,-54.2265,5733,42470
4118501,Pato Branco,PR,-26.2292,-52.6706,91836,49524
4118600,Paula Freitas,PR,-26.2105,-50.931,5666,77649
4118709,Paulo Frontin,PR,-26.0466,-50.8304,6343,62545
4118808,Peabiru,PR,-23.914,-52.3431,13346,34035
4118857,Perobal,PR,-23.8949,-53.4098,7189,39210
4119152,Pinhais,PR,-25.4429,-49.1927,127019,62691
4119251,Pinhal de São Bento,PR,-26.0324,-53.482,2761,29064
4119202,Pinhalão,PR,-23.7982,-50.0536,6566,38300
4119301,Pinhão,PR,-25.6944,-51.6536,29886,60054
4119509,Piraquara,PR,-25.4422,-49.0624,118730,13003
4119400,Piraí do Sul,PR,-24.5306,-49.9433,23651,50386
4119608,Pitanga,PR,-24.7588,-51.7596,33567,33985
4119657,Pitangueiras,PR,-23.2281,-51.5873,3046,40001
4119103,Piên,PR,-26.0965,-49.4336,13655,67355
4119707,Planaltina do Paraná,PR,-23.0101,-52.9162,4070,25532
4119806,Planalto,PR,-25.7211,-53.7642,14374,29590
4119905,Ponta Grossa,PR,-25.0916,-50.1668,358371,54386
4119954,Pontal do Paraná,PR,-25.6735,-48.5111,30425,21473
4120002,Porecatu,PR,-22.7537,-51.3795,11624,47677
4120101,Porto Amazonas,PR,-25.54,-49.8946,4098,39807
4120150,Porto Barreiro,PR,-25.5477,-52.4067,3110,54667
4120200,Porto Rico,PR,-22.7747,-53.2677,3182,34133
4120309,Porto Vitória,PR,-26.1674,-51.231,3562,27720
4120333,Prado Ferreira,PR,-23.0357,-51.4429,3709,46084
4120358,Pranchita,PR,-26.0209,-53.7397,5737,57424
4120408,Presidente Castelo Branco,PR,-23.2782,-52.1536,4336,33994
4120507,Primeiro de Maio,PR,-22.8517,-51.0293,10082,36824
4120606,Prudentópolis,PR,-25.2111,-50.9754,49393,31821
4118907,Pérola,PR,-23.8039,-53.6834,11878,30282
4119004,Pérola d'Oeste,PR,-25.8278,-53.7433,6221,38250
4120655,Quarto Centenário,PR,-24.2775,-53.0759,4201,86409
4120705,Quatiguá,PR,-23.5671,-49.916,8099,26190
4120804,Quatro Barras,PR,-25.3673,-49.0763,24191,80241
4120853,Quatro Pontes,PR,-24.5752,-53.9759,4480,56600
4120903,Quedas do Iguaçu,PR,-25.4492,-52.9102,30738,47710
4121000,Querência do Norte,PR,-23.0838,-53.483,10685,24447
4121109,Quinta do Sol,PR,-23.8533,-52.1309,5001,51484
4121208,Quitandinha,PR,-25.8734,-49.4973,18398,27673
4121257,Ramilândia,PR,-25.1195,-54.023,4221,26954
4121307,Rancho Alegre,PR,-23.0676,-50.9145,3512,52862
4121356,Rancho Alegre D'Oeste,PR,-24.3065,-52.9552,2618,89689
4121406,Realeza,PR,-25.7711,-53.526,19247,38608
4121505,Rebouças,PR,-25.6232,-50.6877,14514,36960
4121604,Renascença,PR,-26.1588,-52.9703,6845,61727
4121703,Reserva,PR,-24.6492,-50.8466,24573,30822
4121752,Reserva do Iguaçu,PR,-25.8319,-52.0272,6553,39681
4121802,Ribeirão Claro,PR,-23.1941,-49.7597,12364,31033
4121901,Ribeirão do Pinhal,PR,-23.4091,-50.3601,13060,25884
4122008,Rio Azul,PR,-25.7306,-50.7985,14025,52019
4122107,Rio Bom,PR,-23.7606,-51.4122,3197,32644
4122156,Rio Bonito do Iguaçu,PR,-25.4874,-52.5292,13929,31697
4122172,Rio Branco do Ivaí,PR,-24.3244,-51.3187,3808,30345
4122206,Rio Branco do Sul,PR,-25.1892,-49.3115,37558,36626
4122305,Rio Negro,PR,-26.095,-49.7982,31324,41449
4122404,Rolândia,PR,-23.3101,-51.3659,71670,49881
4122503,Roncador,PR,-24.5958,-52.2716,11251,53159
4122602,Rondon,PR,-23.412,-52.7659,9097,38481
4122651,Rosário do Ivaí,PR,-24.2682,-51.272,5435,23895
4122701,Sabáudia,PR,-23.3155,-51.555,8822,79950
4122800,Salgado Filho,PR,-26.1777,-53.3631,4075,30513
4122909,Salto do Itararé,PR,-23.6074,-49.6354,5192,19965
4123006,Salto do Lontra,PR,-25.7813,-53.3135,15223,34809
4123105,Santa Amélia,PR,-23.2654,-50.4288,3394,29716
4123204,Santa Cecília do Pavão,PR,-23.5201,-50.7835,3365,45620
4123303,Santa Cruz de Monte Castelo,PR,-22.9582,-53.2949,8613,43550
4123402,Santa Fé,PR,-23.04,-51.808,11378,28096
4123501,Santa Helena,PR,-24.8585,-54.336,25492,57477
4123600,Santa Inês,PR,-22.6376,-51.9024,1748,29454
4123709,Santa Isabel do Ivaí,PR,-23.0025,-53.1989,8912,28402
4123808,Santa Izabel do Oeste,PR,-25.8217,-53.4801,14070,33191
4123824,Santa Lúcia,PR,-25.4104,-53.5638,3644,38449
4123857,Santa Maria do Oeste,PR,-24.9377,-51.8696,9934,26909
4123907,Santa Mariana,PR,-23.1465,-50.5167,11066,44557
4123956,Santa Mônica,PR,-23.108,-53.1103,3356,27118
4124020,Santa Tereza do Oeste,PR,-25.0543,-53.6274,13174,44185
4124053,Santa Terezinha de Itaipu,PR,-25.4391,-54.402,24262,28330
4124004,Santana do Itararé,PR,-23.7587,-49.6293,5514,31121
4124103,Santo Antônio da Platina,PR,-23.2959,-50.0815,44369,33934
4124202,Santo Antônio do Caiuá,PR,-22.7351,-52.344,2493,21683
4124301,Santo Antônio do Paraíso,PR,-23.4969,-50.6455,2125,50302
4124400,Santo Antônio do Sudoeste,PR,-26.0737,-53.7251,23673,27385
4124509,Santo Inácio,PR,-22.6957,-51.7969,6181,86088
4126207,Sapopema,PR,-23.9078,-50.5801,6695,22984
4126256,Sarandi,PR,-23.4441,-51.876,118455,17498
4126272,Saudade do Iguaçu,PR,-25.6917,-52.6184,6108,128736
4126306,Sengés,PR,-24.1129,-49.4616,17270,38494
4126355,Serranópolis do Iguaçu,PR,-25.3799,-54.0518,5007,58184
4126405,Sertaneja,PR,-23.0361,-50.8317,5616,74154
4126504,Sertanópolis,PR,-23.0571,-51.0399,15930,43363
4126603,Siqueira Campos,PR,-23.6875,-49.8304,22811,30974
4126652,Sulina,PR,-25.7066,-52.7299,3440,46081
4124608,São Carlos do Ivaí,PR,-23.3158,-52.4761,6587,60122
4124707,São Jerônimo da Serra,PR,-23.7218,-50.7475,10830,29814
4125209,São Jorge d'Oeste,PR,-25.7085,-52.9204,9378,50473
4125308,São Jorge do Ivaí,PR,-23.4336,-52.2929,5168,77654
4125357,São Jorge do Patrocínio,PR,-23.7647,-53.8823,6504,22350
4125407,São José da Boa Vista,PR,-23.9122,-49.6577,6040,38044
4125456,São José das Palmeiras,PR,-24.8369,-54.0572,3957,25025
4125506,São José dos Pinhais,PR,-25.5313,-49.2031,329628,81938
4124806,São João,PR,-25.8214,-52.7252,11886,74930
4124905,São João do Caiuá,PR,-22.8535,-52.3411,5586,27675
4125001,São João do Ivaí,PR,-23.9833,-51.8215,10667,33861
4125100,São João do Triunfo,PR,-25.683,-50.2949,13726,42223
4125555,São Manoel do Paraná,PR,-23.3941,-52.6454,2138,29157
4125605,São Mateus do Sul,PR,-25.8677,-50.384,42366,35804
4125704,São Miguel do Iguaçu,PR,-25.3492,-54.2405,29122,50480
4125753,São Pedro do Iguaçu,PR,-24.9373,-53.8521,5784,42731
4125803,São Pedro do Ivaí,PR,-23.8634,-51.8568,8690,42592
4125902,São Pedro do Paraná,PR,-22.8239,-53.2241,2661,33943
4126009,São Sebastião da Amoreira,PR,-23.4656,-50.7625,8063,37226
4126108,São Tomé,PR,-23.5349,-52.5901,5232,31243
4126678,Tamarana,PR,-23.7204,-51.0991,10707,36572
4126702,Tamboara,PR,-23.2036,-52.4743,4880,25884
4126801,Tapejara,PR,-23.7315,-52.8735,15869,31297
4126900,Tapira,PR,-23.3193,-53.0684,5745,26705
4127007,Teixeira Soares,PR,-25.3701,-50.4571,9547,64565
4127106,Telêmaco Borba,PR,-24.3245,-50.6176,75042,65476
4127205,Terra Boa,PR,-23.7683,-52.447,17568,32412
4127304,Terra Rica,PR,-22.7111,-52.6188,14842,25344
4127403,Terra Roxa,PR,-24.1575,-54.0988,18119,49457
4127502,Tibagi,PR,-24.5153,-50.4176,19961,72144
4127601,Tijucas do Sul,PR,-25.9311,-49.195,17621,32710
4127700,Toledo,PR,-24.7246,-53.7412,150470,49725
4127809,Tomazina,PR,-23.7796,-49.9499,8426,38471
4127858,Três Barras do Paraná,PR,-25.4185,-53.1833,11135,39152
4127882,Tunas do Paraná,PR,-24.9731,-49.0879,6219,23176
4127908,Tuneiras do Oeste,PR,-23.8648,-52.8769,8067,28972
4127957,Tupãssi,PR,-24.5879,-53.5105,8077,53414
4127965,Turvo,PR,-25.0437,-51.5282,14231,42275
4128005,Ubiratã,PR,-24.5393,-52.9865,24749,69253
4128104,Umuarama,PR,-23.7656,-53.3201,117095,35045
4128302,Uniflor,PR,-23.0868,-52.1573,2136,46759
4128203,União da Vitória,PR,-26.2273,-51.0873,55033,35600
4128401,Uraí,PR,-23.2,-50.7939,10406,35349
4128534,Ventania,PR,-24.2458,-50.2376,9681,35906
4128559,Vera Cruz do Oeste,PR,-25.0577,-53.8771,8215,41523
4128609,Verê,PR,-25.8772,-52.9051,7932,63002
4128658,Virmond,PR,-25.3829,-52.1987,3811,49784
4128708,Vitorino,PR,-26.2683,-52.7843,9706,51343
4128500,Wenceslau Braz,PR,-23.8742,-49.8032,19188,37066
4128807,Xambrê,PR,-23.7364,-53.4884,5798,20633
4101150,Ângulo,PR,-23.1946,-51.9154,3235,47665
3300100,Angra dos Reis,RJ,-23.0011,-44.3196,167434,66857
3300159,Aperibé,RJ,-21.6252,-42.1017,11034,22577
3300209,Araruama,RJ,-22.8697,-42.3326,129671,32654
3300225,Areal,RJ,-22.2283,-43.1118,11828,36138
3300233,Armação dos Búzios,RJ,-22.7528,-41.8846,40006,74246
3300258,Arraial do Cabo,RJ,-22.9774,-42.0267,30986,87312
3300407,Barra Mansa,RJ,-22.5481,-44.1752,169894,37961
3300308,Barra do Piraí,RJ,-22.4715,-43.8269,92883,29218
3300456,Belford Roxo,RJ,-22.764,-43.3992,483087,18298
3300506,Bom Jardim,RJ,-22.1545,-42.4251,28102,31574
3300605,Bom Jesus do Itabapoana,RJ,-21.1449,-41.6822,35173,25820
3300704,Cabo Frio,RJ,-22.8894,-42.0286,222161,55633
3300803,Cachoeiras de Macacu,RJ,-22.4658,-42.6523,56943,22926
3300902,Cambuci,RJ,-21.5691,-41.9187,14616,27357
3301009,Campos dos Goytacazes,RJ,-21.7622,-41.3181,483540,76891
3301108,Cantagalo,RJ,-21.9797,-42.3664,19390,43394
3300936,Carapebus,RJ,-22.1821,-41.663,13847,52485
3301157,Cardoso Moreira,RJ,-21.4846,-41.6165,12958,30520
3301207,Carmo,RJ,-21.931,-42.6046,17198,32636
3301306,Casimiro de Abreu,RJ,-22.4812,-42.2066,46110,51012
3300951,Comendador Levy Gasparian,RJ,-22.0404,-43.214,8741,69096
3301405,Conceição de Macabu,RJ,-22.0834,-41.8719,21104,20571
3301504,Cordeiro,RJ,-22.0267,-42.3648,20783,21949
3301603,Duas Barras,RJ,-22.0536,-42.5232,10980,22697
3301702,Duque de Caxias,RJ,-22.7858,-43.3049,808161,65750
3301801,Engenheiro Paulo de Frontin,RJ,-22.5498,-43.6827,12242,33225
3301850,Guapimirim,RJ,-22.5347,-42.9895,51696,26385
3301876,Iguaba Grande,RJ,-22.8495,-42.2299,27920,22614
3301900,Itaboraí,RJ,-22.7565,-42.8639,224267,25152
3302007,Itaguaí,RJ,-22.8636,-43.7798,116841,89889
3302056,Italva,RJ,-21.4296,-41.7014,14073,29756
3302106,Itaocara,RJ,-21.6748,-42.0758,22919,27745
3302205,Itaperuna,RJ,-21.1997,-41.8799,101041,33600
3302254,Itatiaia,RJ,-22.4897,-44.5675,30908,223030
3302270,Japeri,RJ,-22.6435,-43.6602,96289,15892
3302304,Laje do Muriaé,RJ,-21.2091,-42.1271,7336,25104
3302403,Macaé,RJ,-22.3768,-41.7848,246391,72027
3302452,Macuco,RJ,-21.9813,-42.2533,5415,39681
3302502,Magé,RJ,-22.6632,-43.0315,228127,20891
3302601,Mangaratiba,RJ,-22.9594,-44.0409,41220,77920
3302700,Maricá,RJ,-22.9354,-42.8246,197277,434993
3302809,Mendes,RJ,-22.5245,-43.7312,17502,20437
3302858,Mesquita,RJ,-22.8028,-43.4601,167127,15672
3302908,Miguel Pereira,RJ,-22.4572,-43.4803,26582,23794
3303005,Miracema,RJ,-21.4148,-42.1938,26881,24634
3303104,Natividade,RJ,-21.039,-41.9697,15074,21511
3303203,Nilópolis,RJ,-22.8057,-43.4233,146774,20845
3303302,Niterói,RJ,-22.8832,-43.1034,481749,137718
3303401,Nova Friburgo,RJ,-22.2932,-42.5377,189939,33300
3303500,Nova Iguaçu,RJ,-22.7556,-43.4603,785867,22643
3303609,Paracambi,RJ,-22.6078,-43.7108,41375,28106
3303807,Paraty,RJ,-23.2221,-44.7175,45243,43217
3303708,Paraíba do Sul,RJ,-22.1585,-43.304,42063,29789
3303856,Paty do Alferes,RJ,-22.4309,-43.4285,29619,23122
3303906,Petrópolis,RJ,-22.52,-43.1926,278881,56172
3303955,Pinheiral,RJ,-22.5172,-44.0022,24298,59784
3304003,Piraí,RJ,-22.6215,-43.9081,27474,89174
3304102,Porciúncula,RJ,-20.9632,-42.0465,17288,24060
3304110,Porto Real,RJ,-22.4175,-44.2952,20373,208400
3304128,Quatis,RJ,-22.4045,-44.2597,13682,22293
3304144,Queimados,RJ,-22.7102,-43.5518,140523,31039
3304151,Quissamã,RJ,-22.1031,-41.4693,22393,267802
3304201,Resende,RJ,-22.4705,-44.4509,129612,82973
3304300,Rio Bonito,RJ,-22.7181,-42.6276,56276,32543
3304409,Rio Claro,RJ,-22.72,-44.1419,17401,25054
3304508,Rio das Flores,RJ,-22.1692,-43.5856,8954,32877
3304524,Rio das Ostras,RJ,-22.5174,-41.9475,156491,57185
3304557,Rio de Janeiro,RJ,-22.9129,-43.2003,6211223,57900
3304607,Santa Maria Madalena,RJ,-21.9547,-42.0098,10232,22926
3304706,Santo Antônio de Pádua,RJ,-21.541,-42.1832,41325,31086
3305406,Sapucaia,RJ,-21.9949,-42.9142,17729,56437
3305505,Saquarema,RJ,-22.9292,-42.5099,89559,470954
3305554,Seropédica,RJ,-22.7526,-43.7155,80596,59271
3305604,Silva Jardim,RJ,-22.6574,-42.3961,21352,28223
3305703,Sumidouro,RJ,-22.0485,-42.6761,15206,39475
3304805,São Fidélis,RJ,-21.6551,-41.756,38961,21693
3304755,São Francisco de Itabapoana,RJ,-21.4702,-41.1091,45059,26288
3304904,São Gonçalo,RJ,-22.8268,-43.0634,896744,22665
3305133,São José de Ubá,RJ,-21.3661,-41.9511,7070,27844
3305158,São José do Vale do Rio Preto,RJ,-22.1525,-42.9327,22080,33711
3305000,São João da Barra,RJ,-21.638,-41.0446,36573,270332
3305109,São João de Meriti,RJ,-22.8058,-43.3729,440962,20328
3305208,São Pedro da Aldeia,RJ,-22.8429,-42.1026,104029,26374
3305307,São Sebastião do Alto,RJ,-21.9578,-42.1328,7750,31133
3305752,Tanguá,RJ,-22.7423,-42.7202,31086,22342
3305802,Teresópolis,RJ,-22.4165,-42.9752,165123,35876
3305901,Trajano de Moraes,RJ,-22.0638,-42.0643,10302,23492
3306008,Três Rios,RJ,-22.1165,-43.2185,78346,81027
3306107,Valença,RJ,-22.2445,-43.7129,68088,45861
3306156,Varre-Sai,RJ,-20.9276,-41.8701,10207,25879
3306206,Vassouras,RJ,-22.4059,-43.6686,33976,38888
3306305,Volta Redonda,RJ,-22.5202,-44.0996,261563,75206
2400109,Acari,RN,-6.4282,-36.6347,10597,13399
2400307,Afonso Bezerra,RN,-5.49229,-36.5075,10839,12756
2400505,Alexandria,RN,-6.40533,-38.0142,13640,11055
2400604,Almino Afonso,RN,-6.1475,-37.7636,4687,10681
2400703,Alto do Rodrigues,RN,-5.28186,-36.75,12484,49369
2400802,Angicos,RN,-5.65792,-36.6094,11632,15489
2400901,Antônio Martins,RN,-6.21367,-37.8834,6577,9963
2401008,Apodi,RN,-5.65349,-37.7946,36093,19660
2401107,Areia Branca,RN,-4.95254,-37.1252,24093,38848
2401206,Arês,RN,-6.18831,-35.1608,13251,29177
2401305,Augusto Severo (Campo Grande),RN,-5.86206,-37.3135,9730,10828
2400208,Açu,RN,-5.58362,-36.914,56496,25976
2401453,Baraúna,RN,-5.06977,-37.6129,26913,27734
2401503,Barcelona,RN,-5.94284,-35.9247,3986,11506
2401404,Baía Formosa,RN,-6.37161,-35.0033,8825,36831
2401602,Bento Fernandes,RN,-5.69906,-35.813,4807,18396
2401651,Bodó,RN,-5.98027,-36.4167,2306,124273
2401701,Bom Jesus,RN,-5.98648,-35.5792,9952,10986
2401800,Brejinho,RN,-6.18566,-35.3591,12202,11430
2402006,Caicó,RN,-6.45441,-37.1067,61146,22812
2401859,Caiçara do Norte,RN,-5.07091,-36.0717,6293,17826
2401909,Caiçara do Rio do Vento,RN,-5.76541,-35.9938,3268,18499
2402105,Campo Redondo,RN,-6.23829,-36.1888,10215,10471
2402204,Canguaretama,RN,-6.37193,-35.1281,29668,20415
2402303,Caraúbas,RN,-5.78387,-37.5586,19727,18941
2402501,Carnaubais,RN,-5.34181,-36.8335,9714,21716
2402402,Carnaúba dos Dantas,RN,-6.55015,-36.5868,7992,14811
2402600,Ceará-Mirim,RN,-5.64323,-35.4247,79115,12668
2402709,Cerro Corá,RN,-6.03503,-36.3503,11000,12765
2402808,Coronel Ezequiel,RN,-6.3748,-36.2223,5117,10261
2402907,Coronel João Pessoa,RN,-6.24974,-38.4441,4237,11368
2403004,Cruzeta,RN,-6.40894,-36.7782,8005,15383
2403103,Currais Novos,RN,-6.25484,-36.5146,41313,19467
2403202,Doutor Severiano,RN,-6.08082,-38.3794,7044,11152
2403301,Encanto,RN,-6.10691,-38.3033,6016,10354
2403400,Equador,RN,-6.93835,-36.717,5360,15294
2403509,Espírito Santo,RN,-6.33563,-35.3052,10620,9189
2403608,Extremoz,RN,-5.70143,-35.3048,61635,9255
2403707,Felipe Guerra,RN,-5.59274,-37.6875,5944,29244
2403756,Fernando Pedroza,RN,-5.69096,-36.5282,2938,13298
2403806,Florânia,RN,-6.12264,-36.8226,10196,11818
2403905,Francisco Dantas,RN,-6.07234,-38.1212,2700,12133
2404002,Frutuoso Gomes,RN,-6.15669,-37.8375,4122,10895
2404101,Galinhos,RN,-5.0909,-36.2754,2104,77289
2404200,Goianinha,RN,-6.26486,-35.1943,26741,20439
2404309,Governador Dix-Sept Rosado,RN,-5.44887,-37.5183,11938,32355
2404408,Grossos,RN,-4.98068,-37.1621,9924,15952
2404507,Guamaré,RN,-5.10619,-36.3222,15295,133516
2404606,Ielmo Marinho,RN,-5.82447,-35.55,11615,12115
2404705,Ipanguaçu,RN,-5.48984,-36.8501,14131,13905
2404804,Ipueira,RN,-6.80596,-37.2045,2035,17164
2404853,Itajá,RN,-5.63894,-36.8712,7292,13637
2404903,Itaú,RN,-5.8363,-37.9912,5320,13869
2405108,Jandaíra,RN,-5.35211,-36.1278,6562,15457
2405207,Janduís,RN,-6.01474,-37.4048,4746,17804
2405306,Januário Cicco (Boa Saúde),RN,-6.16566,-35.6219,9051,9380
2405405,Japi,RN,-6.46544,-35.9346,5117,10074
2405504,Jardim de Angicos,RN,-5.64999,-35.9713,2437,26422
2405603,Jardim de Piranhas,RN,-6.37665,-37.3496,13977,15262
2405702,Jardim do Seridó,RN,-6.58047,-36.7736,11655,17846
2405009,Jaçanã,RN,-6.41856,-36.2031,7834,11027
2406007,José da Penha,RN,-6.31095,-38.2823,5803,11617
2405801,João Câmara,RN,-5.54094,-35.8122,33290,38145
2405900,João Dias,RN,-6.27215,-37.7885,2076,13483
2406106,Jucurutu,RN,-6.0306,-37.009,17793,17751
2406155,Jundiá,RN,-6.26866,-35.3495,3739,11272
2406502,Lagoa Nova,RN,-6.09339,-36.4703,15573,17276
2406601,Lagoa Salgada,RN,-6.12295,-35.4724,8319,11337
2406205,Lagoa d'Anta,RN,-6.39493,-35.5949,6654,10646
2406304,Lagoa de Pedras,RN,-6.15082,-35.4299,7338,11090
2406403,Lagoa de Velhos,RN,-6.0119,-35.8729,2567,14897
2406700,Lajes,RN,-5.69322,-36.247,9866,16818
2406809,Lajes Pintadas,RN,-6.14943,-36.1171,4787,10778
2406908,Lucrécia,RN,-6.10525,-37.8134,3490,14759
2407005,Luís Gomes,RN,-6.40588,-38.3899,9070,9683
2407203,Macau,RN,-5.10795,-36.6318,27369,40598
2407104,Macaíba,RN,-5.85229,-35.3552,82249,22227
2407252,Major Sales,RN,-6.39949,-38.324,3924,12233
2407302,Marcelino Vieira,RN,-6.2846,-38.1642,7896,10498
2407401,Martins,RN,-6.08279,-37.908,8179,13228
2407500,Maxaranguape,RN,-5.52181,-35.2631,10255,13154
2407609,Messias Targino,RN,-6.07194,-37.5158,4274,12992
2407708,Montanhas,RN,-6.48522,-35.2842,11444,11384
2407807,Monte Alegre,RN,-6.07063,-35.3253,23031,11786
2407906,Monte das Gameleiras,RN,-6.43698,-35.7831,2276,14221
2408003,Mossoró,RN,-5.18374,-37.3474,264577,30508
2408102,Natal,RN,-5.79357,-35.1986,751300,32192
2408300,Nova Cruz,RN,-6.47511,-35.4286,34269,16356
2408201,Nísia Floresta,RN,-6.09329,-35.1991,31942,14862
2408409,Olho-d'Água do Borges,RN,-5.9486,-37.7047,3905,12172
2408508,Ouro Branco,RN,-6.6958,-36.9428,4913,12559
2408607,Paraná,RN,-6.47565,-38.3057,3934,11167
2408805,Parazinho,RN,-5.22276,-35.8398,4801,126273
2408706,Paraú,RN,-5.76893,-37.1032,3579,15439
2408904,Parelhas,RN,-6.68491,-36.6566,21499,17160
2403251,Parnamirim,RN,-5.91116,-35.271,252716,27087
2409100,Passa e Fica,RN,-6.43018,-35.6442,10896,13980
2409209,Passagem,RN,-6.27268,-35.37,3115,14808
2409308,Patu,RN,-6.10656,-37.6356,11007,14619
2409407,Pau dos Ferros,RN,-6.10498,-38.2077,30479,23273
2409506,Pedra Grande,RN,-5.14988,-35.876,3618,81062
2409605,Pedra Preta,RN,-5.57352,-36.1084,2441,14800
2409704,Pedro Avelino,RN,-5.5161,-36.3867,6242,12815
2409803,Pedro Velho,RN,-6.4356,-35.2195,13824,12559
2409902,Pendências,RN,-5.2564,-36.7095,12278,61695
2410009,Pilões,RN,-6.26364,-38.0461,2965,14108
2410207,Portalegre,RN,-6.02064,-37.9865,7601,10385
2410256,Porto do Mangue,RN,-5.05441,-36.7887,5228,28590
2410108,Poço Branco,RN,-5.62233,-35.6635,12390,10642
2410405,Pureza,RN,-5.46393,-35.5554,9362,18097
2410504,Rafael Fernandes,RN,-6.18987,-38.2211,5432,9807
2410603,Rafael Godeiro,RN,-6.07244,-37.716,2934,14809
2410702,Riacho da Cruz,RN,-5.92654,-37.949,2701,13886
2410801,Riacho de Santana,RN,-6.25139,-38.3116,4127,10543
2410900,Riachuelo,RN,-5.82156,-35.8215,7389,26006
2408953,Rio do Fogo,RN,-5.2765,-35.3794,10351,17930
2411007,Rodolfo Fernandes,RN,-5.78393,-38.0579,4242,13954
2411106,Ruy Barbosa,RN,-5.88745,-35.933,3206,39542
2411205,Santa Cruz,RN,-6.22475,-36.0193,37313,16590
2409332,Santa Maria,RN,-5.83802,-35.6914,4847,16099
2411403,Santana do Matos,RN,-5.94605,-36.6578,12456,11805
2411429,Santana do Seridó,RN,-6.76643,-36.7312,2696,13484
2411502,Santo Antônio,RN,-6.31195,-35.4739,22177,13642
2413102,Senador Elói de Souza,RN,-6.03334,-35.6978,5965,10138
2413201,Senador Georgino Avelino,RN,-6.1576,-35.1299,4065,28656
2410306,Serra Caiada,RN,-6.10478,-35.7113,10125,10796
2413409,Serra Negra do Norte,RN,-6.66031,-37.3996,7597,15647
2413300,Serra de São Bento,RN,-6.41762,-35.7033,5703,10067
2413359,Serra do Mel,RN,-5.17725,-37.0242,13091,65596
2413508,Serrinha,RN,-6.28181,-35.5,6436,11171
2413557,Serrinha dos Pintos,RN,-6.11087,-37.9548,4659,10686
2413607,Severiano Melo,RN,-5.77666,-37.957,5487,11500
2411601,São Bento do Norte,RN,-5.09259,-35.9587,3304,166235
2411700,São Bento do Trairí,RN,-6.33798,-36.0863,3792,12031
2411809,São Fernando,RN,-6.37975,-37.1864,3492,18212
2411908,São Francisco do Oeste,RN,-5.97472,-38.1519,4161,13085
2412005,São Gonçalo do Amarante,RN,-5.79068,-35.3257,115838,16451
2412203,São José de Mipibu,RN,-6.0773,-35.2417,47286,22014
2412302,São José do Campestre,RN,-6.31087,-35.7067,11121,11248
2412401,São José do Seridó,RN,-6.44002,-36.8746,4558,18397
2412104,São João do Sabugi,RN,-6.71387,-37.2027,5956,14202
2412500,São Miguel,RN,-6.20283,-38.4947,23537,13585
2412559,São Miguel do Gostoso,RN,-5.12302,-35.6354,10221,48199
2412609,São Paulo do Potengi,RN,-5.8994,-35.7642,16786,13794
2412708,São Pedro,RN,-5.90559,-35.6317,5776,9660
2412807,São Rafael,RN,-5.79791,-36.8778,7711,11500
2412906,São Tomé,RN,-5.96404,-36.0798,9972,11209
2413003,São Vicente,RN,-6.21893,-36.6827,6310,12190
2413706,Sítio Novo,RN,-6.11132,-35.909,4654,11556
2413805,Taboleiro Grande,RN,-5.91948,-38.0367,2338,13889
2413904,Taipu,RN,-5.63058,-35.5918,11422,13588
2414001,Tangará,RN,-6.19649,-35.7989,13281,15193
2414100,Tenente Ananias,RN,-6.45823,-38.182,10262,11069
2414159,Tenente Laurentino Cruz,RN,-6.1378,-36.7135,5891,18212
2411056,Tibau,RN,-4.83729,-37.2554,5382,21372
2414209,Tibau do Sul,RN,-6.19176,-35.0866,16929,24563
2414308,Timbaúba dos Batistas,RN,-6.45768,-37.2745,2348,18576
2414407,Touros,RN,-5.20182,-35.4621,33035,24666
2414456,Triunfo Potiguar,RN,-5.85408,-37.1786,3376,13575
2414506,Umarizal,RN,-5.98238,-37.818,10078,15003
2414605,Upanema,RN,-5.63761,-37.2635,13577,15773
2414753,Venha-Ver,RN,-6.32016,-38.4896,3014,14334
2414803,Vera Cruz,RN,-6.04399,-35.428,10735,12433
2415008,Vila Flor,RN,-6.31287,-35.067,3174,13990
2414902,Viçosa,RN,-5.98253,-37.9462,1822,12754
2414704,Várzea,RN,-6.34641,-35.3732,5233,10807
2400406,Água Nova,RN,-6.20351,-38.2941,2946,11728
1100015,Alta Floresta D'Oeste,RO,-11.9283,-61.9953,21494,34171
1100379,Alto Alegre dos Parecis,RO,-12.132,-61.835,11479,42135
1100403,Alto Paraíso,RO,-9.71429,-63.3188,16320,31295
1100346,Alvorada D'Oeste,RO,-11.3463,-62.2847,13117,26883
1100023,Ariquemes,RO,-9.90571,-63.0325,96833,33163
1100452,Buritis,RO,-10.1943,-63.8324,27992,34530
1100031,Cabixi,RO,-13.4945,-60.552,5351,44555
1100601,Cacaulândia,RO,-10.349,-62.9043,4150,66347
1100049,Cacoal,RO,-11.4343,-61.4562,86887,32140
1100700,Campo Novo de Rondônia,RO,-10.5712,-63.6266,8844,41738
1100809,Candeias do Jamari,RO,-8.7907,-63.7005,22310,29385
1100908,Castanheiras,RO,-11.4253,-61.9482,3233,30816
1100056,Cerejeiras,RO,-13.187,-60.8168,15890,46763
1100924,Chupinguaia,RO,-12.5611,-60.8877,9324,50278
1100064,Colorado do Oeste,RO,-13.1174,-60.5454,15663,27124
1100072,Corumbiara,RO,-12.9551,-60.8947,7519,52765
1100080,Costa Marques,RO,-12.4367,-64.228,12627,25079
1100940,Cujubim,RO,-9.36065,-62.5846,14863,32817
1100098,Espigão D'Oeste,RO,-11.5266,-61.0252,29414,26293
1101005,Governador Jorge Teixeira,RO,-10.61,-62.7371,8001,29913
1100106,Guajará-Mirim,RO,-10.7889,-65.3296,39387,26767
1101104,Itapuã do Oeste,RO,-9.19687,-63.1809,8548,24559
1100114,Jaru,RO,-10.4318,-62.4788,50591,34882
1100122,Ji-Paraná,RO,-10.8777,-61.9322,124333,34024
1100130,Machadinho D'Oeste,RO,-9.44363,-61.9818,30707,28994
1101203,Ministro Andreazza,RO,-11.196,-61.5174,6466,46068
1101302,Mirante da Serra,RO,-11.029,-62.6696,9235,28438
1101401,Monte Negro,RO,-10.2458,-63.29,11548,33753
1100148,Nova Brasilândia D'Oeste,RO,-11.7247,-62.3127,15679,35069
1100338,Nova Mamoré,RO,-10.4077,-65.3346,25444,29189
1101435,Nova União,RO,-10.9068,-62.5564,6200,25374
1100502,Novo Horizonte do Oeste,RO,-11.6961,-61.9951,7667,30194
1100155,Ouro Preto do Oeste,RO,-10.7167,-62.2565,35044,28137
1101450,Parecis,RO,-12.1754,-61.6032,4125,37680
1100189,Pimenta Bueno,RO,-11.672,-61.198,35079,46826
1101468,Pimenteiras do Oeste,RO,-13.4823,-61.0471,2156,114197
1100205,Porto Velho,RO,-8.76077,-63.8999,460434,43559
1100254,Presidente Médici,RO,-11.169,-61.8986,19327,28986
1101476,Primavera de Rondônia,RO,-11.8295,-61.3153,3076,34795
1100262,Rio Crespo,RO,-9.69965,-62.9011,3471,53134
1100288,Rolim de Moura,RO,-11.7271,-61.7714,56406,27750
1100296,Santa Luzia D'Oeste,RO,-11.9074,-61.7777,7419,28790
1101500,Seringueiras,RO,-11.8055,-63.0182,11171,29808
1101484,São Felipe D'Oeste,RO,-11.9023,-61.5026,5258,24853
1101492,São Francisco do Guaporé,RO,-12.052,-63.568,16286,29973
1100320,São Miguel do Guaporé,RO,-11.6953,-62.7192,21635,41846
1101559,Teixeirópolis,RO,-10.9056,-62.242,4256,28502
1101609,Theobroma,RO,-10.2483,-62.3538,8113,31731
1101708,Urupá,RO,-11.1261,-62.3639,10725,25502
1101757,Vale do Anari,RO,-9.86215,-62.1876,7788,28370
1101807,Vale do Paraíso,RO,-10.4465,-62.1352,6479,28654
1100304,Vilhena,RO,-12.7502,-60.1488,95832,43988
1400050,Alto Alegre,RR,2.98858,-61.3072,21096,18274
1400027,Amajari,RR,3.64571,-61.3692,13927,17292
1400100,Boa Vista,RR,2.82384,-60.6753,413486,32633
1400159,Bonfim,RR,3.36161,-59.8333,13923,37521
1400175,Cantá,RR,2.60994,-60.6058,18682,18899
1400209,Caracaraí,RR,1.82766,-61.1304,20957,21630
1400233,Caroebe,RR,0.884203,-59.6959,10656,22221
1400282,Iracema,RR,2.18305,-61.0415,10023,20800
1400308,Mucajaí,RR,2.43998,-60.9096,18095,21766
1400407,Normandia,RR,3.8853,-59.6204,13986,14504
1400456,Pacaraima,RR,4.4799,-61.1477,19305,17047
1400472,Rorainópolis,RR,0.939956,-60.4389,32647,22433
1400506,São João da Baliza,RR,0.951659,-59.9133,8858,37002
1400605,São Luiz,RR,1.01019,-60.0419,7315,24466
1400704,Uiramutã,RR,4.60314,-60.1815,13751,10468
4300034,Aceguá,RS,-31.8665,-54.1615,4170,109886
4300109,Agudo,RS,-29.6447,-53.2515,16041,41636
4300208,Ajuricaba,RS,-28.2342,-53.7757,6720,77539
4300307,Alecrim,RS,-27.6579,-54.7649,6123,26470
4300406,Alegrete,RS,-29.7902,-55.7949,72409,42535
4300455,Alegria,RS,-27.8345,-54.0557,3651,42899
4300471,Almirante Tamandaré do Sul,RS,-28.1149,-52.9142,1969,140382
4300505,Alpestre,RS,-27.2502,-53.0341,7117,27594
4300554,Alto Alegre,RS,-28.7769,-52.9893,1800,58968
4300570,Alto Feliz,RS,-29.3919,-51.3123,3072,52588
4300604,Alvorada,RS,-29.9914,-51.0809,187315,17630
4300638,Amaral Ferrador,RS,-30.8756,-52.2509,5310,27803
4300646,Ametista do Sul,RS,-27.3607,-53.183,7650,23238
4300661,André da Rocha,RS,-28.6283,-51.5797,1135,170123
4300703,Anta Gorda,RS,-28.9698,-52.0102,5957,54103
4300802,Antônio Prado,RS,-28.8565,-51.2883,13045,61136
4300851,Arambaré,RS,-30.9092,-51.5046,4112,69331
4300877,Araricá,RS,-29.6168,-50.9291,8525,27734
4300901,Aratiba,RS,-27.3978,-52.2975,6483,146070
4301305,Arroio Grande,RS,-32.2327,-53.0862,17558,64444
4301008,Arroio do Meio,RS,-29.4014,-51.9557,21958,69977
4301073,Arroio do Padre,RS,-31.4389,-52.4246,2599,29544
4301057,Arroio do Sal,RS,-29.5439,-49.8895,11057,25828
4301206,Arroio do Tigre,RS,-29.3348,-53.0966,12058,35601
4301107,Arroio dos Ratos,RS,-30.0875,-51.7275,14601,24474
4301404,Arvorezinha,RS,-28.8737,-52.1781,10322,32576
4301503,Augusto Pestana,RS,-28.5172,-53.9883,7149,70525
4301602,Bagé,RS,-31.3297,-54.0999,117938,31783
4301636,Balneário Pinhal,RS,-30.2419,-50.2337,14955,20869
4301958,Barra Funda,RS,-27.9205,-53.0391,2498,66065
4301859,Barra do Guarita,RS,-27.1927,-53.7109,3161,17973
4301875,Barra do Quaraí,RS,-30.2029,-57.5497,4241,91059
4301909,Barra do Ribeiro,RS,-30.2939,-51.3014,12225,41507
4301925,Barra do Rio Azul,RS,-27.4069,-52.4084,1696,47611
4301800,Barracão,RS,-27.6739,-51.4585,4831,65635
4302006,Barros Cassal,RS,-29.0947,-52.5836,9296,26303
4301651,Barão,RS,-29.3725,-51.4949,6461,47686
4301701,Barão de Cotegipe,RS,-27.6208,-52.3798,7144,47827
4301750,Barão do Triunfo,RS,-30.3891,-51.7384,5889,24167
4302055,Benjamin Constant do Sul,RS,-27.5086,-52.5995,2082,23686
4302105,Bento Gonçalves,RS,-29.1662,-51.5165,123151,60889
4302154,Boa Vista das Missões,RS,-27.6671,-53.3102,1933,123395
4302204,Boa Vista do Buricá,RS,-27.6693,-54.1082,6966,46926
4302220,Boa Vista do Cadeado,RS,-28.5791,-53.8108,2229,210297
4302238,Boa Vista do Incra,RS,-28.8185,-53.391,2271,169165
4302253,Boa Vista do Sul,RS,-29.3544,-51.6687,2779,43227
4302303,Bom Jesus,RS,-28.6697,-50.4295,11202,54778
4302352,Bom Princípio,RS,-29.4856,-51.3548,13142,68985
4302378,Bom Progresso,RS,-27.5399,-53.8716,2096,41164
4302402,Bom Retiro do Sul,RS,-29.6071,-51.9456,12294,32785
4302451,Boqueirão do Leão,RS,-29.3046,-52.4284,6247,24075
4302501,Bossoroca,RS,-28.7291,-54.9035,5890,83294
4302584,Bozano,RS,-28.3659,-53.772,2151,105723
4302600,Braga,RS,-27.6173,-53.7405,3268,40070
4302659,Brochier,RS,-29.5501,-51.5945,4966,23701
4302709,Butiá,RS,-30.1179,-51.9601,19084,28472
4302907,Cacequi,RS,-29.8883,-54.822,11157,55847
4303004,Cachoeira do Sul,RS,-30.033,-52.8928,80070,44245
4303103,Cachoeirinha,RS,-29.9472,-51.1016,136258,47399
4303202,Cacique Doble,RS,-27.767,-51.6597,4603,36766
4303301,Caibaté,RS,-28.2905,-54.6454,4704,56317
4303400,Caiçara,RS,-27.2791,-53.4257,4836,30836
4303509,Camaquã,RS,-30.8489,-51.8043,62200,43789
4303558,Camargo,RS,-28.588,-52.2003,2981,174600
4303608,Cambará do Sul,RS,-29.0474,-50.1465,6361,38135
4303673,Campestre da Serra,RS,-28.7926,-51.0941,3242,63141
4303707,Campina das Missões,RS,-27.9888,-54.8416,5882,40661
4303806,Campinas do Sul,RS,-27.7174,-52.6248,5284,75587
4303905,Campo Bom,RS,-29.6747,-51.0606,62886,57248
4304002,Campo Novo,RS,-27.6792,-53.8052,4975,65475
4304101,Campos Borges,RS,-28.8871,-53.0008,3613,41526
4304200,Candelária,RS,-29.6684,-52.7895,28906,37300
4304358,Candiota,RS,-31.5516,-53.6773,10710,256210
4304408,Canela,RS,-29.356,-50.8119,48946,32592
4304507,Canguçu,RS,-31.396,-52.6783,49680,33414
4304606,Canoas,RS,-29.9128,-51.1857,347657,63268
4304614,Canudos do Vale,RS,-29.3271,-52.2374,1656,41056
4304689,Capela de Santana,RS,-29.6961,-51.328,11159,26758
4304697,Capitão,RS,-29.2674,-51.9853,2921,32653
4304671,Capivari do Sul,RS,-30.1383,-50.5152,3991,96927
4304622,Capão Bonito do Sul,RS,-28.1254,-51.3961,1733,197376
4304630,Capão da Canoa,RS,-29.7642,-50.0282,63594,30915
4304655,Capão do Cipó,RS,-28.9312,-54.5558,3119,206786
4304663,Capão do Leão,RS,-31.7565,-52.4889,26487,31339
4304705,Carazinho,RS,-28.2958,-52.7933,61804,62243
4304713,Caraá,RS,-29.7869,-50.4316,7394,22405
4304804,Carlos Barbosa,RS,-29.2969,-51.5028,30420,116028
4304853,Carlos Gomes,RS,-27.7167,-51.9121,1368,51496
4304903,Casca,RS,-28.5605,-51.9815,9465,75850
4304952,Caseiros,RS,-28.2582,-51.6861,3000,66399
4305009,Catuípe,RS,-28.2554,-54.0132,8674,73566
4305108,Caxias do Sul,RS,-29.1629,-51.1792,463501,68368
4302808,Caçapava do Sul,RS,-30.5144,-53.4827,32515,34528
4305116,Centenário,RS,-27.7615,-51.9984,2721,44388
4305124,Cerrito,RS,-31.8419,-52.8004,5808,27777
4305132,Cerro Branco,RS,-29.657,-52.9406,3802,23714
4305157,Cerro Grande,RS,-27.6106,-53.1672,2379,31182
4305173,Cerro Grande do Sul,RS,-30.5905,-51.7418,9178,22138
4305207,Cerro Largo,RS,-28.1463,-54.7428,13705,58138
4305306,Chapada,RS,-28.0559,-53.0665,9540,77760
4305355,Charqueadas,RS,-29.9625,-51.6289,35012,49611
4305371,Charrua,RS,-27.9493,-52.015,2768,53957
4305405,Chiapetta,RS,-27.923,-53.9419,3913,99370
4305447,Chuvisca,RS,-30.7504,-51.9737,4597,28223
4305439,Chuí,RS,-33.6866,-53.4594,6262,59135
4305454,Cidreira,RS,-30.1604,-50.2337,17071,21209
4305504,Ciríaco,RS,-28.3419,-51.8741,4149,63717
4305587,Colinas,RS,-29.3948,-51.8556,2423,35993
4305603,Colorado,RS,-28.5258,-52.9928,3258,103793
4305702,Condor,RS,-28.2075,-53.4905,6406,97519
4305801,Constantina,RS,-27.732,-52.9938,10385,41632
4305835,Coqueiro Baixo,RS,-29.1802,-52.0942,1290,40437
4305850,Coqueiros do Sul,RS,-28.1194,-52.7842,2211,86000
4305871,Coronel Barros,RS,-28.3921,-54.0686,2822,80130
4305900,Coronel Bicaco,RS,-27.7197,-53.7022,6144,83847
4305934,Coronel Pilar,RS,-29.2695,-51.6847,1607,30529
4305959,Cotiporã,RS,-28.9891,-51.6971,3846,43663
4305975,Coxilha,RS,-28.128,-52.3023,2667,158405
4306007,Crissiumal,RS,-27.4999,-54.0994,12886,39499
4306056,Cristal,RS,-31.0046,-52.0436,7299,42322
4306072,Cristal do Sul,RS,-27.452,-53.2422,2692,35194
4306106,Cruz Alta,RS,-28.645,-53.6048,58913,78241
4306130,Cruzaltense,RS,-27.6672,-52.6522,1635,88541
4306205,Cruzeiro do Sul,RS,-29.5148,-51.9928,11600,45949
4304309,Cândido Godói,RS,-27.9515,-54.7517,6294,56949
4306304,David Canabarro,RS,-28.3849,-51.8482,4321,53081
4306320,Derrubadas,RS,-27.2642,-53.8645,2751,53947
4306353,Dezesseis de Novembro,RS,-28.219,-55.0617,2507,22806
4306379,Dilermando de Aguiar,RS,-29.7054,-54.2122,2806,95475
4306403,Dois Irmãos,RS,-29.5836,-51.0898,30709,71267
4306429,Dois Irmãos das Missões,RS,-27.6621,-53.5304,2090,95309
4306452,Dois Lajeados,RS,-28.983,-51.8396,3097,55732
4306502,Dom Feliciano,RS,-30.7004,-52.1026,13051,27343
4306601,Dom Pedrito,RS,-30.9756,-54.6694,36981,59786
4306551,Dom Pedro de Alcântara,RS,-29.3639,-49.853,2562,25579
4306700,Dona Francisca,RS,-29.6195,-53.3617,3079,34620
4306734,Doutor Maurício Cardoso,RS,-27.5103,-54.3577,4470,58344
4306759,Doutor Ricardo,RS,-29.084,-51.9972,1888,41785
4306767,Eldorado do Sul,RS,-30.0847,-51.6187,39559,53598
4306809,Encantado,RS,-29.2351,-51.8703,22962,50882
4306908,Encruzilhada do Sul,RS,-30.543,-52.5204,23819,45382
4306924,Engenho Velho,RS,-27.706,-52.9145,1296,56492
4306957,Entre Rios do Sul,RS,-27.5298,-52.7347,2685,77288
4306932,Entre-Ijuís,RS,-28.3686,-54.2686,9158,75079
4306973,Erebango,RS,-27.8544,-52.3005,3054,59096
4307005,Erechim,RS,-27.6364,-52.2697,105705,65112
4307054,Ernestina,RS,-28.4977,-52.5836,3034,87524
4307203,Erval Grande,RS,-27.3926,-52.574,4930,30605
4307302,Erval Seco,RS,-27.5443,-53.5005,6787,52154
4307401,Esmeralda,RS,-28.0518,-51.1933,3195,122961
4307450,Esperança do Sul,RS,-27.3603,-53.9891,3226,36184
4307500,Espumoso,RS,-28.7286,-52.8461,15173,73361
4307559,Estação,RS,-27.9135,-52.2635,5582,62828
4307708,Esteio,RS,-29.852,-51.1841,76137,49252
4307807,Estrela,RS,-29.5002,-51.9495,32183,67472
4307815,Estrela Velha,RS,-29.1713,-53.1639,3070,64305
4307609,Estância Velha,RS,-29.6535,-51.1843,47924,39135
4307831,Eugênio de Castro,RS,-28.5315,-54.1506,2633,153986
4307864,Fagundes Varela,RS,-28.8794,-51.7014,2566,77131
4307906,Farroupilha,RS,-29.2227,-51.3419,70286,62579
4308003,Faxinal do Soturno,RS,-29.5788,-53.4484,6702,40302
4308052,Faxinalzinho,RS,-27.4238,-52.6789,2520,40939
4308078,Fazenda Vilanova,RS,-29.5885,-51.8217,4291,32818
4308102,Feliz,RS,-29.4527,-51.3032,13764,42819
4308201,Flores da Cunha,RS,-29.0261,-51.1875,30892,82162
4308250,Floriano Peixoto,RS,-27.8614,-52.0838,1668,61786
4308300,Fontoura Xavier,RS,-28.9817,-52.3445,9550,23819
4308409,Formigueiro,RS,-30.0035,-53.4959,6413,47217
4308433,Forquetinha,RS,-29.3828,-52.0981,2393,24630
4308458,Fortaleza dos Valos,RS,-28.7986,-53.2249,4477,126150
4308508,Frederico Westphalen,RS,-27.3586,-53.3958,32627,43847
4308607,Garibaldi,RS,-29.259,-51.5352,34335,87315
4308656,Garruchos,RS,-28.1944,-55.6383,2688,74765
4308706,Gaurama,RS,-27.5856,-52.0915,5665,49916
4308805,General Câmara,RS,-29.9032,-51.7612,7612,36308
4308854,Gentil,RS,-28.4316,-52.0337,1744,109317
4308904,Getúlio Vargas,RS,-27.8911,-52.2294,16602,47805
4309001,Giruá,RS,-28.0297,-54.3517,16013,75123
4309050,Glorinha,RS,-29.8798,-50.7734,7658,60314
4309100,Gramado,RS,-29.3734,-50.8762,40134,66229
4309159,Gramado Xavier,RS,-29.2706,-52.5795,3304,33137
4309126,Gramado dos Loureiros,RS,-27.4429,-52.9149,2014,46961
4309209,Gravataí,RS,-29.9413,-50.9869,265074,38712
4309258,Guabiju,RS,-28.5421,-51.6948,1417,93711
4309407,Guaporé,RS,-28.8399,-51.8895,25268,45475
4309506,Guarani das Missões,RS,-28.1491,-54.5629,7415,48904
4309308,Guaíba,RS,-30.1086,-51.3233,92924,89157
4309555,Harmonia,RS,-29.5456,-51.4185,5378,45648
4307104,Herval,RS,-32.024,-53.3944,6191,40964
4309571,Herveiras,RS,-29.4552,-52.6553,2565,27736
4309605,Horizontina,RS,-27.6282,-54.3053,18851,138359
4309654,Hulha Negra,RS,-31.4067,-53.8667,5976,52625
4309704,Humaitá,RS,-27.5691,-53.9695,4681,48974
4309753,Ibarama,RS,-29.4203,-53.1295,3732,30072
4309803,Ibiaçá,RS,-28.0566,-51.8599,4527,81134
4309902,Ibiraiaras,RS,-28.3741,-51.6377,6776,58987
4309951,Ibirapuitã,RS,-28.6247,-52.5158,3723,57352
4310009,Ibirubá,RS,-28.6302,-53.0961,21583,79788
4310108,Igrejinha,RS,-29.5693,-50.7919,32808,57574
4310207,Ijuí,RS,-28.388,-53.92,84780,61222
4310306,Ilópolis,RS,-28.9282,-52.1258,4157,33815
4310330,Imbé,RS,-29.9753,-50.1281,26824,23368
4310363,Imigrante,RS,-29.3508,-51.7748,3080,168568
4310405,Independência,RS,-27.8354,-54.1886,6427,76889
4310413,Inhacorá,RS,-27.8752,-54.015,2014,54894
4310462,Ipiranga do Sul,RS,-27.9404,-52.4271,1720,103273
4310439,Ipê,RS,-28.8171,-51.2859,5399,55303
4310504,Iraí,RS,-27.1951,-53.2543,7482,34014
4310538,Itaara,RS,-29.6013,-53.7725,5572,51446
4310553,Itacurubi,RS,-28.7913,-55.2447,2995,82233
4310579,Itapuca,RS,-28.7768,-52.1693,1937,48650
4310603,Itaqui,RS,-29.1311,-56.5515,35768,61142
4310652,Itati,RS,-29.4974,-50.1016,2638,32881
4310702,Itatiba do Sul,RS,-27.3846,-52.4538,3208,25470
4310751,Ivorá,RS,-29.5232,-53.5842,1929,37279
4310801,Ivoti,RS,-29.5995,-51.1533,22983,51359
4310850,Jaboticaba,RS,-27.6347,-53.2762,3779,36182
4310876,Jacuizinho,RS,-29.0401,-53.0657,2040,109817
4310900,Jacutinga,RS,-27.7291,-52.5372,3338,69593
4311106,Jaguari,RS,-29.4936,-54.703,10579,35733
4311007,Jaguarão,RS,-32.5604,-53.377,26603,39822
4311122,Jaquirana,RS,-28.8811,-50.3637,3690,25486
4311130,Jari,RS,-29.2922,-54.2237,3349,140044
4311155,Jóia,RS,-28.6435,-54.1141,7184,135775
4311205,Júlio de Castilhos,RS,-29.2299,-53.6772,18226,105628
4311239,Lagoa Bonita do Sul,RS,-29.4939,-53.017,2251,30616
4311304,Lagoa Vermelha,RS,-28.2093,-51.5248,27659,54717
4311270,Lagoa dos Três Cantos,RS,-28.5676,-52.8618,1738,90414
4311254,Lagoão,RS,-29.2348,-52.7997,5341,28963
4311403,Lajeado,RS,-29.4591,-51.9644,93646,59759
4311429,Lajeado do Bugre,RS,-27.6913,-53.1818,2601,28787
4311502,Lavras do Sul,RS,-30.8071,-53.8931,7157,69530
4311601,Liberato Salzano,RS,-27.601,-53.0753,4781,36068
4311627,Lindolfo Collor,RS,-29.5859,-51.2141,6248,58555
4311643,Linha Nova,RS,-29.4679,-51.2003,1683,38966
4311700,Machadinho,RS,-27.5667,-51.6668,5735,47572
4311734,Mampituba,RS,-29.2136,-49.9311,3131,22425
4311759,Manoel Viana,RS,-29.5859,-55.4841,6801,80425
4311775,Maquiné,RS,-29.6798,-50.2079,7418,25679
4311791,Maratá,RS,-29.5457,-51.5573,2470,32719
4311809,Marau,RS,-28.4498,-52.1986,45124,67814
4311908,Marcelino Ramos,RS,-27.4676,-51.9095,4320,38848
4311981,Mariana Pimentel,RS,-30.353,-51.5803,3916,26684
4312005,Mariano Moro,RS,-27.3568,-52.1467,1858,39229
4312054,Marques de Souza,RS,-29.3311,-52.0973,3969,31276
4312104,Mata,RS,-29.5649,-54.4641,4698,35974
4312138,Mato Castelhano,RS,-28.28,-52.1932,2553,65905
4312153,Mato Leitão,RS,-29.5285,-52.1278,4859,37155
4312179,Mato Queimado,RS,-28.252,-54.6159,1795,49274
4312203,Maximiliano de Almeida,RS,-27.6325,-51.802,4191,38445
4311718,Maçambará,RS,-29.1445,-56.0674,4425,131535
4312252,Minas do Leão,RS,-30.1346,-52.0423,7505,37199
4312302,Miraguaí,RS,-27.497,-53.6891,4427,43006
4312351,Montauri,RS,-28.6462,-52.0767,1499,65469
4312377,Monte Alegre dos Campos,RS,-28.6805,-50.7834,3180,34506
4312385,Monte Belo do Sul,RS,-29.1607,-51.6333,2557,36932
4312401,Montenegro,RS,-29.6824,-51.4679,64322,89430
4312427,Mormaço,RS,-28.6968,-52.6999,2756,55636
4312443,Morrinhos do Sul,RS,-29.3578,-49.9328,3071,26528
4312450,Morro Redondo,RS,-31.5887,-52.6261,6046,21906
4312476,Morro Reuter,RS,-29.5379,-51.0811,6029,45475
4312500,Mostardas,RS,-31.1054,-50.9167,12090,53211
4312617,Muitos Capões,RS,-28.3132,-51.1836,2879,389749
4312625,Muliterno,RS,-28.3253,-51.7697,1721,53450
4312609,Muçum,RS,-29.163,-51.8714,4601,65606
4312674,Nicolau Vergueiro,RS,-28.5298,-52.4676,1932,75700
4312708,Nonoai,RS,-27.3689,-52.7756,13719,38305
4312757,Nova Alvorada,RS,-28.6822,-52.1631,3163,74794
4312807,Nova Araçá,RS,-28.6537,-51.7458,4954,66053
4312906,Nova Bassano,RS,-28.7291,-51.7072,9649,83139
4312955,Nova Boa Vista,RS,-27.9926,-52.9784,2042,71177
4313003,Nova Bréscia,RS,-29.2182,-52.0319,3044,46368
4313011,Nova Candelária,RS,-27.6137,-54.1074,3061,74953
4313037,Nova Esperança do Sul,RS,-29.4066,-54.8293,4865,35430
4313060,Nova Hartz,RS,-29.5808,-50.9051,20088,40108
4313102,Nova Palma,RS,-29.471,-53.4689,5586,68509
4313201,Nova Petrópolis,RS,-29.3741,-51.1136,23300,41746
4313300,Nova Prata,RS,-28.7799,-51.6113,25692,67338
4313086,Nova Pádua,RS,-29.0275,-51.3098,2343,42770
4313334,Nova Ramada,RS,-28.0667,-53.6992,2163,140859
4313359,Nova Roma do Sul,RS,-28.9882,-51.4095,3466,48847
4313375,Nova Santa Rita,RS,-29.8525,-51.2837,29024,85706
4313490,Novo Barreiro,RS,-27.9077,-53.1103,4272,31648
4313391,Novo Cabrais,RS,-29.7338,-52.9489,3568,37324
4313409,Novo Hamburgo,RS,-29.6875,-51.1328,227646,44094
4313425,Novo Machado,RS,-27.5765,-54.5036,3198,58272
4313441,Novo Tiradentes,RS,-27.5649,-53.1837,2146,34822
4313466,Novo Xingu,RS,-27.749,-53.0639,1646,45586
4312658,Não-Me-Toque,RS,-28.4548,-52.8182,17898,123340
4313508,Osório,RS,-29.8881,-50.2667,47396,38380
4313607,Paim Filho,RS,-27.7075,-51.763,3629,46196
4313656,Palmares do Sul,RS,-30.2535,-50.5103,12844,57272
4313706,Palmeira das Missões,RS,-27.9007,-53.3134,33216,66686
4313805,Palmitinho,RS,-27.3596,-53.558,7839,34653
4313904,Panambi,RS,-28.2833,-53.5023,43515,72797
4313953,Pantano Grande,RS,-30.1902,-52.3729,10212,52261
4314001,Paraí,RS,-28.5964,-51.7896,7194,59000
4314027,Paraíso do Sul,RS,-29.6717,-53.144,6519,31813
4314035,Pareci Novo,RS,-29.6365,-51.3974,4319,31589
4314050,Parobé,RS,-29.6243,-50.8312,52058,26707
4314068,Passa Sete,RS,-29.4577,-52.9599,3983,33388
4314100,Passo Fundo,RS,-28.2576,-52.4091,206215,60873
4314076,Passo do Sobrado,RS,-29.748,-52.2748,6025,38115
4314134,Paulo Bento,RS,-27.7051,-52.4169,2144,91357
4314159,Paverama,RS,-29.5486,-51.7339,7978,30391
4314175,Pedras Altas,RS,-31.7365,-53.5814,2061,187380
4314209,Pedro Osório,RS,-31.8642,-52.8184,7484,36164
4314308,Pejuçara,RS,-28.4283,-53.6579,3745,123955
4314407,Pelotas,RS,-31.7649,-52.3371,325685,33094
4314423,Picada Café,RS,-29.4464,-51.1367,5351,72221
4314456,Pinhal,RS,-27.508,-53.2082,2959,41684
4314472,Pinhal Grande,RS,-29.345,-53.3206,3805,244897
4314464,Pinhal da Serra,RS,-27.8751,-51.1673,2248,135554
4314498,Pinheirinho do Vale,RS,-27.2109,-53.608,4540,28976
4314506,Pinheiro Machado,RS,-31.5794,-53.3798,11214,35467
4314548,Pinto Bandeira,RS,-29.0975,-51.4503,2723,27281
4314555,Pirapó,RS,-28.0439,-55.2001,2260,41890
4314605,Piratini,RS,-31.4473,-53.0973,17504,50290
4314704,Planalto,RS,-27.3297,-53.0575,10406,24266
4314787,Ponte Preta,RS,-27.6587,-52.4848,1575,60983
4314779,Pontão,RS,-28.0585,-52.6791,3296,122366
4314902,Porto Alegre,RS,-30.0318,-51.2065,1332845,61195
4315008,Porto Lucena,RS,-27.8569,-55.01,4360,31115
4315057,Porto Mauá,RS,-27.5796,-54.6657,2142,41713
4315073,Porto Vera Cruz,RS,-27.7405,-54.8994,1560,28982
4315107,Porto Xavier,RS,-27.9082,-55.1379,9938,21224
4314803,Portão,RS,-29.7015,-51.2429,34071,48792
4315131,Pouso Novo,RS,-29.1738,-52.2136,1739,35319
4314753,Poço das Antas,RS,-29.4481,-51.6719,2171,60690
4315149,Presidente Lucena,RS,-29.5175,-51.1798,3077,69487
4315156,Progresso,RS,-29.2441,-52.3197,5340,31183
4315172,Protásio Alves,RS,-28.7572,-51.4757,2025,46056
4315206,Putinga,RS,-29.0045,-52.1569,3747,35613
4315305,Quaraí,RS,-30.384,-56.4483,23500,26628
4315313,Quatro Irmãos,RS,-27.8257,-52.4424,1552,119822
4315321,Quevedos,RS,-29.3504,-54.0789,2507,119387
4315354,Quinze de Novembro,RS,-28.7466,-53.1011,3910,65248
4315404,Redentora,RS,-27.664,-53.6407,9738,23917
4315453,Relvado,RS,-29.1164,-52.0778,1796,46040
4315503,Restinga Sêca,RS,-29.8188,-53.3807,14939,45078
4315602,Rio Grande,RS,-32.0349,-52.1071,191900,69214
4315701,Rio Pardo,RS,-29.988,-52.3711,34654,40126
4315552,Rio dos Índios,RS,-27.2973,-52.8417,2835,48143
4315750,Riozinho,RS,-29.639,-50.4488,4473,34842
4315800,Roca Sales,RS,-29.2884,-51.8658,10418,55297
4315909,Rodeio Bonito,RS,-27.4742,-53.1706,6654,41972
4315958,Rolador,RS,-28.2566,-54.8186,2291,70674
4316006,Rolante,RS,-29.6462,-50.5819,21253,34424
4316105,Ronda Alta,RS,-27.7758,-52.8056,9777,48231
4316204,Rondinha,RS,-27.8315,-52.9081,4991,53872
4316303,Roque Gonzales,RS,-28.1297,-55.0266,6576,66458
4316402,Rosário do Sul,RS,-30.2515,-54.9221,36630,37728
4316428,Sagrada Família,RS,-27.7085,-53.1351,2480,33313
4316436,Saldanha Marinho,RS,-28.3941,-53.097,2575,98737
4316451,Salto do Jacuí,RS,-29.0951,-53.2133,10203,118931
4316477,Salvador das Missões,RS,-28.1233,-54.8373,2877,62033
4316501,Salvador do Sul,RS,-29.4386,-51.5077,6879,49086
4316600,Sananduva,RS,-27.947,-51.8079,16399,51456
4317103,Sant'Ana do Livramento,RS,-30.8773,-55.5392,84421,33451
4316709,Santa Bárbara do Sul,RS,-28.3653,-53.251,8122,164495
4316733,Santa Cecília do Sul,RS,-28.1609,-51.9279,1674,85950
4316758,Santa Clara do Sul,RS,-29.4747,-52.0843,6887,49239
4316808,Santa Cruz do Sul,RS,-29.722,-52.4343,133230,73671
4316972,Santa Margarida do Sul,RS,-30.3393,-54.0817,2596,139066
4316907,Santa Maria,RS,-29.6868,-53.8149,271735,35189
4316956,Santa Maria do Herval,RS,-29.4902,-50.9919,6340,44071
4317202,Santa Rosa,RS,-27.8702,-54.4796,76963,48492
4317251,Santa Tereza,RS,-29.1655,-51.7351,1505,33124
4317301,Santa Vitória do Palmar,RS,-33.525,-53.3717,30983,56664
4317004,Santana da Boa Vista,RS,-30.8697,-53.11,7024,51951
4317400,Santiago,RS,-29.1897,-54.8666,48938,41306
4317608,Santo Antônio da Patrulha,RS,-29.8268,-50.5175,42947,39130
4317707,Santo Antônio das Missões,RS,-28.514,-55.2251,10300,65432
4317558,Santo Antônio do Palma,RS,-28.4956,-52.0267,2091,57292
4317756,Santo Antônio do Planalto,RS,-28.403,-52.6992,2089,90699
4317806,Santo Augusto,RS,-27.8526,-53.7776,13902,61030
4317905,Santo Cristo,RS,-27.8263,-54.662,15320,51180
4317954,Santo Expedito do Sul,RS,-27.9074,-51.6434,2349,54897
4317509,Santo Ângelo,RS,-28.3001,-54.2668,76917,41347
4319901,Sapiranga,RS,-29.6349,-51.0064,75648,47795
4320008,Sapucaia do Sul,RS,-29.8276,-51.145,132107,31823
4320107,Sarandi,RS,-27.942,-52.9231,22851,56853
4320206,Seberi,RS,-27.4829,-53.4026,11950,51652
4320230,Sede Nova,RS,-27.6367,-53.9493,2704,58260
4320263,Segredo,RS,-29.3523,-52.9767,6009,27141
4320305,Selbach,RS,-28.6294,-52.9498,5107,73463
4320321,Senador Salgado Filho,RS,-28.025,-54.5507,2673,55765
4320354,Sentinela do Sul,RS,-30.6107,-51.5862,5306,25682
4320404,Serafina Corrêa,RS,-28.7126,-51.9352,16961,46124
4320503,Sertão,RS,-27.9798,-52.2588,5541,96463
4320552,Sertão Santana,RS,-30.4562,-51.6017,5863,53687
4320578,Sete de Setembro,RS,-28.1362,-54.4637,1830,57733
4320602,Severiano de Almeida,RS,-27.4362,-52.1217,3406,43868
4320651,Silveira Martins,RS,-29.6467,-53.591,2028,42717
4320677,Sinimbu,RS,-29.5357,-52.5304,8578,24887
4320701,Sobradinho,RS,-29.4194,-53.0326,14226,30834
4320800,Soledade,RS,-28.8306,-52.5131,29991,46854
4318002,São Borja,RS,-28.6578,-56.0036,59676,43079
4318051,São Domingos do Sul,RS,-28.5312,-51.886,2754,44821
4318101,São Francisco de Assis,RS,-29.5547,-55.1253,17618,45642
4318200,São Francisco de Paula,RS,-29.4404,-50.5828,21893,46888
4318309,São Gabriel,RS,-30.3337,-54.3217,58487,46561
4318408,São Jerônimo,RS,-29.9716,-51.7251,21028,31720
4318440,São Jorge,RS,-28.4984,-51.7064,2912,45787
4318457,São José das Missões,RS,-27.7789,-53.1226,2362,39522
4318465,São José do Herval,RS,-29.052,-52.295,1902,31079
4318481,São José do Hortêncio,RS,-29.528,-51.245,4447,26505
4318499,São José do Inhacorá,RS,-27.7251,-54.1275,2406,76390
4318507,São José do Norte,RS,-32.0151,-52.0331,25443,31156
4318606,São José do Ouro,RS,-27.7707,-51.5966,6834,67752
4318614,São José do Sul,RS,-29.5448,-51.4821,2380,39504
4318622,São José dos Ausentes,RS,-28.7476,-50.0677,4172,37304
4318424,São João da Urtiga,RS,-27.8195,-51.8257,4461,41280
4318432,São João do Polêsine,RS,-29.6194,-53.4439,2649,39569
4318705,São Leopoldo,RS,-29.7545,-51.1498,217409,49931
4318804,São Lourenço do Sul,RS,-31.3564,-51.9715,41989,40512
4318903,São Luiz Gonzaga,RS,-28.412,-54.9559,34752,54782
4319000,São Marcos,RS,-28.9677,-51.0696,21084,54325
4319109,São Martinho,RS,-27.7112,-53.9699,5481,64592
4319125,São Martinho da Serra,RS,-29.5397,-53.859,2860,117517
4319158,São Miguel das Missões,RS,-28.556,-54.5559,7056,123006
4319208,São Nicolau,RS,-28.1834,-55.2654,5118,44558
4319307,São Paulo das Missões,RS,-28.0195,-54.9404,5846,34305
4319356,São Pedro da Serra,RS,-29.4193,-51.5134,3548,31913
4319364,São Pedro das Missões,RS,-27.7706,-53.2513,1757,64985
4319372,São Pedro do Butiá,RS,-28.1243,-54.8926,3070,52660
4319406,São Pedro do Sul,RS,-29.6202,-54.1855,15577,34169
4319505,São Sebastião do Caí,RS,-29.5885,-51.3749,24428,36821
4319604,São Sepé,RS,-30.1643,-53.5603,21219,62742
4319703,São Valentim,RS,-27.5583,-52.5237,3264,41526
4319711,São Valentim do Sul,RS,-29.0451,-51.7684,2207,43306
4319737,São Valério do Sul,RS,-27.7906,-53.9368,2543,35560
4319752,São Vendelino,RS,-29.3729,-51.3675,2251,42536
4319802,São Vicente do Sul,RS,-29.6882,-54.6826,8097,90225
4320453,Sério,RS,-29.3904,-52.2685,1941,30691
4320859,Tabaí,RS,-29.643,-51.6823,4461,31851
4320909,Tapejara,RS,-28.0652,-52.0097,24557,66969
4321006,Tapera,RS,-28.6277,-52.8613,10592,60449
4321105,Tapes,RS,-30.6683,-51.3991,14695,41097
4321204,Taquara,RS,-29.6505,-50.7753,53242,29467
4321303,Taquari,RS,-29.7943,-51.8653,25198,43419
4321329,Taquaruçu do Sul,RS,-27.4005,-53.4702,3119,60551
4321352,Tavares,RS,-31.2843,-51.088,5212,23840
4321402,Tenente Portela,RS,-27.3711,-53.7585,14497,39954
4321436,Terra de Areia,RS,-29.5782,-50.0644,10334,28192
4321451,Teutônia,RS,-29.4482,-51.8044,32797,48054
4321469,Tio Hugo,RS,-28.5712,-52.5955,3267,53500
4321477,Tiradentes do Sul,RS,-27.4022,-54.0814,5129,38261
4321493,Toropi,RS,-29.4782,-54.2244,2554,39677
4321501,Torres,RS,-29.3334,-49.7333,41751,33104
4321600,Tramandaí,RS,-29.9841,-50.1322,54387,22699
4321626,Travesseiro,RS,-29.2977,-52.0532,2152,36286
4321956,Trindade do Sul,RS,-27.5239,-52.8956,7556,46502
4322004,Triunfo,RS,-29.9291,-51.7075,27498,472122
4321634,Três Arroios,RS,-27.5003,-52.1448,2591,54495
4321667,Três Cachoeiras,RS,-29.4487,-49.9275,10962,28149
4321709,Três Coroas,RS,-29.5137,-50.7739,24425,32964
4321832,Três Forquilhas,RS,-29.5384,-50.0708,2760,23268
4321857,Três Palmeiras,RS,-27.6139,-52.8437,4716,37856
4321907,Três Passos,RS,-27.4555,-53.9296,25436,40613
4321808,Três de Maio,RS,-27.78,-54.2357,24916,54330
4322103,Tucunduva,RS,-27.6573,-54.4439,5542,46794
4322152,Tunas,RS,-29.1039,-52.9538,3681,32829
4322186,Tupanci do Sul,RS,-27.9241,-51.5383,1374,68943
4322202,Tupanciretã,RS,-29.0858,-53.8445,20005,102575
4322251,Tupandi,RS,-29.4772,-51.4174,5029,106103
4322301,Tuparendi,RS,-27.7598,-54.4814,8363,45861
4322327,Turuçu,RS,-31.4173,-52.1706,3419,47887
4322343,Ubiretama,RS,-28.0404,-54.686,1994,55533
4322376,Unistalda,RS,-29.04,-55.1517,1995,74720
4322350,União da Serra,RS,-28.7833,-52.0238,1170,77926
4322400,Uruguaiana,RS,-29.7614,-57.0853,117210,31713
4322509,Vacaria,RS,-28.5079,-50.9418,64197,50558
4322541,Vale Real,RS,-29.3919,-51.2559,6058,32733
4322525,Vale Verde,RS,-29.7864,-52.1857,3150,41414
4322533,Vale do Sol,RS,-29.5967,-52.6839,9897,27555
4322558,Vanini,RS,-28.4758,-51.8447,2004,47293
4322608,Venâncio Aires,RS,-29.6143,-52.1932,68763,54274
4322707,Vera Cruz,RS,-29.7184,-52.5152,26710,30952
4322806,Veranópolis,RS,-28.9312,-51.5516,24021,72383
4322855,Vespasiano Corrêa,RS,-29.0655,-51.8625,1818,65699
4322905,Viadutos,RS,-27.5716,-52.0211,4769,42898
4323002,Viamão,RS,-30.0819,-51.0194,224112,19343
4323101,Vicente Dutra,RS,-27.1607,-53.4022,4665,27120
4323200,Victor Graeff,RS,-28.5632,-52.7495,2780,106429
4323309,Vila Flores,RS,-28.8598,-51.5504,3646,81611
4323358,Vila Lângaro,RS,-28.1062,-52.1438,2079,81257
4323408,Vila Maria,RS,-28.5359,-52.1486,4413,88241
4323457,Vila Nova do Sul,RS,-30.3461,-53.876,3863,50723
4323507,Vista Alegre,RS,-27.3686,-53.4919,2660,51528
4323606,Vista Alegre do Prata,RS,-28.8052,-51.7947,1590,53603
4323705,Vista Gaúcha,RS,-27.2902,-53.6974,2783,37195
4323754,Vitória das Missões,RS,-28.3516,-54.504,3260,48935
4323770,Westfália,RS,-29.4263,-51.7645,3098,85487
4323804,Xangri-lá,RS,-29.8065,-50.0519,16463,44534
4300059,Água Santa,RS,-28.1672,-52.031,3912,139932
4301552,Áurea,RS,-27.6936,-52.0505,3396,48127
4200051,Abdon Batista,SC,-27.6126,-51.0233,2598,28919
4200101,Abelardo Luz,SC,-26.5716,-52.3229,17392,45188
4200200,Agrolândia,SC,-27.4087,-49.822,10990,36046
4200309,Agronômica,SC,-27.2662,-49.708,6055,38463
4200705,Alfredo Wagner,SC,-27.7001,-49.3273,10481,32103
4200754,Alto Bela Vista,SC,-27.4333,-51.9044,1856,42562
4200804,Anchieta,SC,-26.5382,-53.3319,5943,34293
4200903,Angelina,SC,-27.5704,-48.9879,5358,32580
4201000,Anita Garibaldi,SC,-27.6897,-51.1271,8285,27943
4201109,Anitápolis,SC,-27.9012,-49.1316,3593,23537
4201208,Antônio Carlos,SC,-27.5191,-48.766,11224,70967
4201257,Apiúna,SC,-27.0375,-49.3885,9811,45098
4201273,Arabutã,SC,-27.1587,-52.1423,4378,64964
4201307,Araquari,SC,-26.3754,-48.7188,45283,165360
4201406,Araranguá,SC,-28.9356,-49.4918,71922,33165
4201505,Armazém,SC,-28.2448,-49.0215,8834,30802
4201604,Arroio Trinta,SC,-26.9257,-51.3407,3556,35420
4201653,Arvoredo,SC,-27.0748,-52.4543,2510,81224
4201703,Ascurra,SC,-26.9548,-49.3783,8319,29450
4201802,Atalanta,SC,-27.4219,-49.7789,3227,39040
4201901,Aurora,SC,-27.3098,-49.6295,6780,60017
4201950,Balneário Arroio do Silva,SC,-28.9806,-49.4237,15820,14027
4202057,Balneário Barra do Sul,SC,-26.4597,-48.6123,14912,17076
4202008,Balneário Camboriú,SC,-26.9926,-48.6352,139155,52881
4202073,Balneário Gaivota,SC,-29.1527,-49.5841,15669,13849
4212809,Balneário Piçarras,SC,-26.7639,-48.6717,27127,55810
4220000,Balneário Rincão,SC,-28.8314,-49.2352,15981,18444
4202081,Bandeirante,SC,-26.7705,-53.6413,3144,32510
4202099,Barra Bonita,SC,-26.654,-53.44,1668,31344
4202107,Barra Velha,SC,-26.637,-48.6933,45369,52292
4202131,Bela Vista do Toldo,SC,-26.2746,-50.4664,5872,33523
4202156,Belmonte,SC,-26.843,-53.5758,2658,21690
4202206,Benedito Novo,SC,-26.781,-49.3593,10520,44692
4202305,Biguaçu,SC,-27.496,-48.6598,76773,34781
4202404,Blumenau,SC,-26.9155,-49.0709,361261,56966
4202438,Bocaina do Sul,SC,-27.7455,-49.9423,3515,38662
4202503,Bom Jardim da Serra,SC,-28.3377,-49.6373,4026,92314
4202537,Bom Jesus,SC,-26.7326,-52.3919,2777,57277
4202578,Bom Jesus do Oeste,SC,-26.6927,-53.0967,2187,33700
4202602,Bom Retiro,SC,-27.799,-49.487,8418,50174
4202453,Bombinhas,SC,-27.1382,-48.5146,25058,35023
4202701,Botuverá,SC,-27.2007,-49.0689,5363,80299
4202800,Braço do Norte,SC,-28.2681,-49.1701,33773,51669
4202859,Braço do Trombudo,SC,-27.3586,-49.8821,4026,62134
4202875,Brunópolis,SC,-27.3058,-50.8684,2489,55427
4202909,Brusque,SC,-27.0977,-48.9107,141385,61708
4203105,Caibi,SC,-27.0741,-53.2458,6304,50250
4203154,Calmon,SC,-26.5942,-51.095,3443,28374
4203204,Camboriú,SC,-27.0241,-48.6503,103074,21758
4203303,Campo Alegre,SC,-26.195,-49.2676,12501,55972
4203402,Campo Belo do Sul,SC,-27.8975,-50.7595,7257,45890
4203501,Campo Erê,SC,-26.3931,-53.0856,9623,45498
4203600,Campos Novos,SC,-27.4002,-51.2276,36932,70680
4203709,Canelinha,SC,-27.2616,-48.7658,12821,23061
4203808,Canoinhas,SC,-26.1766,-50.395,55016,40046
4203907,Capinzal,SC,-27.3473,-51.6057,23314,45927
4203956,Capivari de Baixo,SC,-28.4498,-48.9631,23975,56250
4203253,Capão Alto,SC,-27.9389,-50.5098,2625,89531
4204004,Catanduvas,SC,-27.069,-51.6602,10566,50244
4204103,Caxambu do Sul,SC,-27.1624,-52.8807,4614,35576
4203006,Caçador,SC,-26.7757,-51.012,73720,63801
4204152,Celso Ramos,SC,-27.6327,-51.335,2805,23495
4204178,Cerro Negro,SC,-27.7942,-50.8673,3317,42634
4204194,Chapadão do Lageado,SC,-27.5905,-49.5539,2950,33197
4204202,Chapecó,SC,-27.1004,-52.6152,254785,53750
4204251,Cocal do Sul,SC,-28.5986,-49.3335,17240,51537
4204301,Concórdia,SC,-27.2335,-52.026,81646,55849
4204350,Cordilheira Alta,SC,-26.9844,-52.6056,4781,90896
4204400,Coronel Freitas,SC,-26.9057,-52.7011,10388,36733
4204459,Coronel Martins,SC,-26.511,-52.6694,2065,27786
4204558,Correia Pinto,SC,-27.5877,-50.3614,15727,37602
4204509,Corupá,SC,-26.4246,-49.246,15267,52244
4204608,Criciúma,SC,-28.6723,-49.3729,214493,46926
4204707,Cunha Porã,SC,-26.895,-53.1662,10953,84686
4204756,Cunhataí,SC,-26.9709,-53.0895,1968,33854
4204806,Curitibanos,SC,-27.2824,-50.5816,40045,46831
4204905,Descanso,SC,-26.827,-53.5034,8530,35053
4205001,Dionísio Cerqueira,SC,-26.2648,-53.6351,15008,42397
4205100,Dona Emma,SC,-26.981,-49.7261,4221,39264
4205159,Doutor Pedrinho,SC,-26.7174,-49.4795,3637,48313
4205175,Entre Rios,SC,-26.7225,-52.5585,3402,17815
4205191,Ermo,SC,-28.9869,-49.643,2269,77810
4205209,Erval Velho,SC,-27.2743,-51.443,4885,37492
4205308,Faxinal dos Guedes,SC,-26.8451,-52.2596,11192,67760
4205357,Flor do Sertão,SC,-26.7811,-53.3505,1783,36050
4205407,Florianópolis,SC,-27.5945,-48.5477,537211,43856
4205431,Formosa do Sul,SC,-26.6453,-52.7946,2682,29320
4205456,Forquilhinha,SC,-28.7454,-49.4785,31431,38960
4205506,Fraiburgo,SC,-27.0233,-50.92,33481,38041
4205555,Frei Rogério,SC,-27.175,-50.8076,2411,42347
4205605,Galvão,SC,-26.4549,-52.6875,3210,31141
4205704,Garopaba,SC,-28.0275,-48.6192,29959,25814
4205803,Garuva,SC,-26.0292,-48.852,18545,109638
4205902,Gaspar,SC,-26.9336,-48.9534,72570,57288
4206009,Governador Celso Ramos,SC,-27.3172,-48.5576,16915,26590
4206207,Gravatal,SC,-28.3208,-49.0427,12435,31146
4206108,Grão Pará,SC,-28.1809,-49.2252,6277,52440
4206306,Guabiruba,SC,-27.0808,-48.9804,24543,51458
4206405,Guaraciaba,SC,-26.6042,-53.5243,10796,42112
4206504,Guaramirim,SC,-26.4688,-49.0026,46711,53829
4206603,Guarujá do Sul,SC,-26.3858,-53.5296,4829,41948
4206652,Guatambú,SC,-27.1341,-52.7887,8425,42136
4206702,Herval d'Oeste,SC,-27.1903,-51.4917,21724,28725
4206751,Ibiam,SC,-27.1847,-51.2352,2008,37653
4206801,Ibicaré,SC,-27.0881,-51.3681,3269,44484
4206900,Ibirama,SC,-27.0547,-49.5193,19862,30169
4207106,Ilhota,SC,-26.9023,-48.8251,17046,71299
4207205,Imaruí,SC,-28.3339,-48.817,11881,21281
4207304,Imbituba,SC,-28.2284,-48.6659,52579,47604
4207403,Imbuia,SC,-27.4908,-49.4218,5982,43579
4207502,Indaial,SC,-26.8992,-49.2354,71549,51377
4207577,Iomerê,SC,-27.0019,-51.2442,2877,79173
4207601,Ipira,SC,-27.4038,-51.7758,4578,23402
4207650,Iporã do Oeste,SC,-26.9854,-53.5355,9335,40847
4207684,Ipuaçu,SC,-26.635,-52.4556,7730,41558
4207700,Ipumirim,SC,-27.0772,-52.1289,7816,59587
4207759,Iraceminha,SC,-26.8215,-53.2767,3986,33569
4207809,Irani,SC,-27.0287,-51.9012,10195,27728
4207858,Irati,SC,-26.6539,-52.8955,2069,27365
4207908,Irineópolis,SC,-26.242,-50.7957,10285,44626
4208104,Itaiópolis,SC,-26.339,-49.9092,22051,47511
4208203,Itajaí,SC,-26.9101,-48.6705,264054,180862
4208302,Itapema,SC,-27.0861,-48.616,75940,38049
4208401,Itapiranga,SC,-27.1659,-53.7166,16638,64000
4208450,Itapoá,SC,-26.1158,-48.6182,30750,54925
4208500,Ituporanga,SC,-27.4101,-49.5963,26525,52770
4208005,Itá,SC,-27.2907,-52.3212,7067,57271
4207007,Içara,SC,-28.7132,-49.3087,59035,59655
4208609,Jaborá,SC,-27.1782,-51.7279,4310,42077
4208708,Jacinto Machado,SC,-28.9961,-49.7623,10624,49867
4208807,Jaguaruna,SC,-28.6146,-49.0296,20375,41817
4208906,Jaraguá do Sul,SC,-26.4851,-49.0713,182660,65989
4208955,Jardinópolis,SC,-26.7191,-52.8625,1776,37906
4209003,Joaçaba,SC,-27.1721,-51.5108,30146,78990
4209102,Joinville,SC,-26.3045,-48.8487,616317,73136
4209151,José Boiteux,SC,-26.9566,-49.6286,5985,21801
4209177,Jupiá,SC,-26.395,-52.7298,2555,34536
4209201,Lacerdópolis,SC,-27.2579,-51.5577,2248,61282
4209300,Lages,SC,-27.815,-50.3259,164981,39868
4209409,Laguna,SC,-28.4843,-48.7772,42785,25568
4209458,Lajeado Grande,SC,-26.8576,-52.5648,1702,34747
4209508,Laurentino,SC,-27.2173,-49.7331,7932,56077
4209607,Lauro Muller,SC,-28.3859,-49.4035,14381,29123
4209706,Lebon Régis,SC,-26.928,-50.6921,11472,36332
4209805,Leoberto Leal,SC,-27.5081,-49.2789,3330,35971
4209854,Lindóia do Sul,SC,-27.0545,-52.069,4549,33396
4209904,Lontras,SC,-27.1684,-49.535,12873,36217
4210001,Luiz Alves,SC,-26.7151,-48.9322,11684,67851
4210035,Luzerna,SC,-27.1304,-51.4682,5794,50569
4210050,Macieira,SC,-26.8552,-51.3705,1778,33266
4210100,Mafra,SC,-26.1159,-49.8086,55286,45043
4210209,Major Gercino,SC,-27.4192,-48.9488,3214,19335
4210308,Major Vieira,SC,-26.3709,-50.3266,7425,40447
4210407,Maracajá,SC,-28.8463,-49.4605,7815,34943
4210506,Maravilha,SC,-26.7665,-53.1737,28251,63509
4210555,Marema,SC,-26.8024,-52.6264,2184,44557
4210605,Massaranduba,SC,-26.6109,-49.0054,17162,43810
4210704,Matos Costa,SC,-26.4709,-51.1501,2761,22669
4210803,Meleiro,SC,-28.8244,-49.6378,7006,48585
4210852,Mirim Doce,SC,-27.197,-50.0786,2511,35621
4210902,Modelo,SC,-26.7729,-53.04,4080,41742
4211009,Mondaí,SC,-27.1008,-53.4032,10066,108205
4211058,Monte Carlo,SC,-27.2239,-50.9808,9117,25603
4211108,Monte Castelo,SC,-26.461,-50.2327,7736,30692
4211256,Morro Grande,SC,-28.8006,-49.7214,3010,48216
4211207,Morro da Fumaça,SC,-28.6511,-49.2169,18537,49770
4211306,Navegantes,SC,-26.8943,-48.6546,86401,71099
4211405,Nova Erechim,SC,-26.8982,-52.9066,5155,48182
4211454,Nova Itaberaba,SC,-26.9428,-52.8141,4536,41763
4211504,Nova Trento,SC,-27.278,-48.9298,13727,50379
4211603,Nova Veneza,SC,-28.6338,-49.5055,13664,78645
4211652,Novo Horizonte,SC,-26.4442,-52.8281,2643,45344
4211702,Orleans,SC,-28.3487,-49.2986,23661,50211
4211751,Otacílio Costa,SC,-27.4789,-50.1231,17312,57654
4211801,Ouro,SC,-27.3379,-51.6194,7032,35926
4211850,Ouro Verde,SC,-26.692,-52.3108,2181,62937
4211876,Paial,SC,-27.2541,-52.4975,1927,30262
4211892,Painel,SC,-27.9234,-50.0972,2215,38348
4211900,Palhoça,SC,-27.6455,-48.6697,222598,36883
4212007,Palma Sola,SC,-26.3471,-53.2771,7605,43693
4212056,Palmeira,SC,-27.583,-50.1577,2561,73369
4212106,Palmitos,SC,-27.0702,-53.1586,15626,58480
4212205,Papanduva,SC,-26.3777,-50.1419,19150,44586
4212239,Paraíso,SC,-26.62,-53.6716,4267,33584
4212254,Passo de Torres,SC,-29.3099,-49.722,12897,18405
4212270,Passos Maia,SC,-26.7829,-52.0568,4034,43427
4212304,Paulo Lopes,SC,-27.9607,-48.6864,9063,27593
4212403,Pedras Grandes,SC,-28.4339,-49.1949,4245,57463
4212502,Penha,SC,-26.7754,-48.6465,33663,30810
4212601,Peritiba,SC,-27.3754,-51.9018,2992,40427
4212650,Pescaria Brava,SC,-28.3966,-48.8864,10190,11724
4212700,Petrolândia,SC,-27.5346,-49.6937,6716,33288
4212908,Pinhalzinho,SC,-26.8495,-52.9913,21972,68916
4213005,Pinheiro Preto,SC,-27.0483,-51.2243,3473,65443
4213104,Piratuba,SC,-27.4242,-51.7668,5769,138873
4213153,Planalto Alegre,SC,-27.0704,-52.867,2946,48179
4213203,Pomerode,SC,-26.7384,-49.1785,34289,81847
4213302,Ponte Alta,SC,-27.4835,-50.3764,4437,39616
4213351,Ponte Alta do Norte,SC,-27.1591,-50.4659,3210,51913
4213401,Ponte Serrada,SC,-26.8733,-52.0112,10649,27334
4213500,Porto Belo,SC,-27.1586,-48.5469,27688,53169
4213609,Porto União,SC,-26.2451,-51.0759,32970,34875
4213708,Pouso Redondo,SC,-27.2567,-49.9301,17123,41995
4213807,Praia Grande,SC,-29.1918,-49.9525,8270,26999
4213906,Presidente Castello Branco,SC,-27.2218,-51.8089,1689,44951
4214003,Presidente Getúlio,SC,-27.0474,-49.6246,20010,49232
4214102,Presidente Nereu,SC,-27.2768,-49.3889,2301,27268
4214151,Princesa,SC,-26.4441,-53.5994,2964,45854
4214201,Quilombo,SC,-26.7264,-52.724,11022,41974
4214300,Rancho Queimado,SC,-27.6727,-49.0191,3279,50549
4214904,Rio Fortuna,SC,-28.1244,-49.1068,4847,62469
4215000,Rio Negrinho,SC,-26.2591,-49.5177,39261,41126
4215059,Rio Rufino,SC,-27.8592,-49.7754,2397,29231
4214409,Rio das Antas,SC,-26.8946,-51.0674,6253,46072
4214508,Rio do Campo,SC,-26.9452,-50.136,6452,33004
4214607,Rio do Oeste,SC,-27.1952,-49.7989,7747,35644
4214805,Rio do Sul,SC,-27.2156,-49.643,72587,50840
4214706,Rio dos Cedros,SC,-26.7398,-49.2718,10865,43719
4215075,Riqueza,SC,-27.0653,-53.3265,4768,30970
4215109,Rodeio,SC,-26.9243,-49.3649,12757,30578
4215208,Romelândia,SC,-26.6809,-53.3172,4823,23084
4215307,Salete,SC,-26.9798,-49.9988,7489,42486
4215356,Saltinho,SC,-26.6049,-53.0578,3632,25779
4215406,Salto Veloso,SC,-26.903,-51.4043,4390,60803
4215455,Sangão,SC,-28.6326,-49.1322,12882,36228
4215505,Santa Cecília,SC,-26.9592,-50.4252,15546,42587
4215554,Santa Helena,SC,-26.937,-53.6214,2425,42727
4215604,Santa Rosa de Lima,SC,-28.0331,-49.133,2088,34880
4215653,Santa Rosa do Sul,SC,-29.1313,-49.7109,9792,20332
4215679,Santa Terezinha,SC,-26.7813,-50.009,8066,33348
4215687,Santa Terezinha do Progresso,SC,-26.624,-53.1997,2576,25279
4215695,Santiago do Sul,SC,-26.6388,-52.6799,1651,29365
4215703,Santo Amaro da Imperatriz,SC,-27.6852,-48.7813,27272,46073
4217303,Saudades,SC,-26.9317,-53.0021,10265,51356
4217402,Schroeder,SC,-26.4116,-49.074,20061,37859
4217501,Seara,SC,-27.1564,-52.299,18620,63300
4217550,Serra Alta,SC,-26.7229,-53.0409,3303,35737
4217600,Siderópolis,SC,-28.5955,-49.4314,13714,49552
4217709,Sombrio,SC,-29.108,-49.6328,29991,30355
4217758,Sul Brasil,SC,-26.7351,-52.964,2832,29447
4215802,São Bento do Sul,SC,-26.2495,-49.3831,83277,56408
4215752,São Bernardino,SC,-26.4739,-52.9687,2684,32848
4215901,São Bonifácio,SC,-27.9009,-48.9326,2946,38164
4216008,São Carlos,SC,-27.0798,-53.0037,10282,50654
4216057,São Cristovão do Sul,SC,-27.2666,-50.4388,6084,36130
4216107,São Domingos,SC,-26.5548,-52.5313,9226,48776
4216206,São Francisco do Sul,SC,-26.2579,-48.6344,52674,161685
4216503,São Joaquim,SC,-28.2887,-49.9457,25939,43694
4216602,São José,SC,-27.6136,-48.6366,270299,51203
4216701,São José do Cedro,SC,-26.4561,-53.4955,14167,40107
4216800,São José do Cerrito,SC,-27.6602,-50.5733,8708,36613
4216305,São João Batista,SC,-27.2772,-48.8474,32687,31505
4216354,São João do Itaperiú,SC,-26.6213,-48.7683,4463,75768
4216255,São João do Oeste,SC,-27.0984,-53.5977,6295,56113
4216404,São João do Sul,SC,-29.2154,-49.8094,8668,32640
4216909,São Lourenço do Oeste,SC,-26.3557,-52.8498,24791,56049
4217006,São Ludgero,SC,-28.3144,-49.1806,13509,68789
4217105,São Martinho,SC,-28.1609,-48.9867,3405,32090
4217154,São Miguel da Boa Vista,SC,-26.687,-53.2511,1781,28243
4217204,São Miguel do Oeste,SC,-26.7242,-53.5163,44330,49052
4217253,São Pedro de Alcântara,SC,-27.5665,-48.8048,5776,17510
4217808,Taió,SC,-27.121,-49.9942,18310,46132
4217907,Tangará,SC,-27.0996,-51.2473,8143,73790
4217956,Tigrinhos,SC,-26.6876,-53.1545,2329,28147
4218004,Tijucas,SC,-27.2354,-48.6322,51592,47258
4218103,Timbé do Sul,SC,-28.8287,-49.842,5386,28757
4218202,Timbó,SC,-26.8246,-49.269,46099,54985
4218251,Timbó Grande,SC,-26.6127,-50.6607,7342,41310
4218350,Treviso,SC,-28.5097,-49.4634,3782,61411
4218509,Treze Tílias,SC,-27.0026,-51.4084,8787,94404
4218400,Treze de Maio,SC,-28.5537,-49.1565,7362,27130
4218608,Trombudo Central,SC,-27.3033,-49.793,7274,60210
4218301,Três Barras,SC,-26.1056,-50.3197,19746,77122
4218707,Tubarão,SC,-28.4713,-49.0144,110088,43761
4218756,Tunápolis,SC,-26.9681,-53.6417,4916,37086
4218806,Turvo,SC,-28.9272,-49.6831,13043,56576
4218855,União do Oeste,SC,-26.762,-52.8541,2774,30689
4218905,Urubici,SC,-28.0157,-49.5925,10834,32889
4218954,Urupema,SC,-27.9557,-49.8729,2656,33305
4219002,Urussanga,SC,-28.518,-49.3238,20919,51995
4219150,Vargem,SC,-27.4867,-50.9724,2627,44212
4219176,Vargem Bonita,SC,-27.0055,-51.7402,4576,117990
4219101,Vargeão,SC,-26.8621,-52.1549,3634,55314
4219200,Vidal Ramos,SC,-27.3886,-49.3593,6189,57335
4219309,Videira,SC,-27.0086,-51.1543,55466,62310
4219358,Vitor Meireles,SC,-26.8782,-49.8328,5370,26497
4219408,Witmarsum,SC,-26.9275,-49.7947,4255,41177
4219507,Xanxerê,SC,-26.8747,-52.4036,51607,51155
4219606,Xavantina,SC,-27.0667,-52.343,3653,58002
4219705,Xaxim,SC,-26.9596,-52.5374,31918,46116
4219853,Zortéa,SC,-27.4521,-51.552,3930,26376
4200408,Água Doce,SC,-26.9985,-51.5528,6508,100045
4200556,Águas Frias,SC,-26.8794,-52.8568,2839,57441
4200606,Águas Mornas,SC,-27.6963,-48.8243,6743,29600
4200507,Águas de Chapecó,SC,-27.0754,-52.9808,6036,22814
2800100,Amparo de São Francisco,SE,-10.1348,-36.935,2170,17496
2800209,Aquidabã,SE,-10.278,-37.0148,20131,14300
2800308,Aracaju,SE,-10.9091,-37.0677,602757,30536
2800407,Arauá,SE,-11.2614,-37.6201,10318,13580
2800506,Areia Branca,SE,-10.758,-37.3251,18081,13952
2800605,Barra dos Coqueiros,SE,-10.8996,-37.0323,41511,62191
2800670,Boquim,SE,-11.1397,-37.6195,24636,13520
2800704,Brejo Grande,SE,-10.4297,-36.4611,7841,12229
2801009,Campo do Brito,SE,-10.7392,-37.4954,18149,13096
2801108,Canhoba,SE,-10.1365,-36.9806,3791,22273
2801207,Canindé de São Francisco,SE,-9.64882,-37.7923,26834,107894
2801306,Capela,SE,-10.5069,-37.0628,31645,12175
2801405,Carira,SE,-10.3524,-37.7002,19939,19049
2801504,Carmópolis,SE,-10.6449,-36.9887,13853,30506
2801603,Cedro de São João,SE,-10.2534,-36.8856,5391,11926
2801702,Cristinápolis,SE,-11.4668,-37.7585,17100,14665
2801900,Cumbe,SE,-10.352,-37.1846,3824,18172
2802007,Divina Pastora,SE,-10.6782,-37.1506,4340,43461
2802106,Estância,SE,-11.2659,-37.4484,65078,32677
2802205,Feira Nova,SE,-10.2616,-37.3147,5975,19233
2802304,Frei Paulo,SE,-10.5513,-37.5279,14530,22350
2802403,Gararu,SE,-9.9722,-37.0869,11096,16178
2802502,General Maynard,SE,-10.6835,-36.9838,3037,14334
2802601,Gracho Cardoso,SE,-10.2252,-37.2006,5834,17309
2802700,Ilha das Flores,SE,-10.4425,-36.5479,8321,12236
2802809,Indiaroba,SE,-11.5157,-37.515,16549,13878
2802908,Itabaiana,SE,-10.6826,-37.4273,103440,21397
2803005,Itabaianinha,SE,-11.2693,-37.7875,40678,13172
2803104,Itabi,SE,-10.1248,-37.1056,4745,17097
2803203,Itaporanga d'Ajuda,SE,-10.99,-37.3078,34411,25580
2803302,Japaratuba,SE,-10.5849,-36.9418,16209,32571
2803401,Japoatã,SE,-10.3477,-36.8045,13407,15712
2803500,Lagarto,SE,-10.9136,-37.6689,101579,17704
2803609,Laranjeiras,SE,-10.7981,-37.1731,23975,48467
2803708,Macambira,SE,-10.6619,-37.5413,6838,13094
2803807,Malhada dos Bois,SE,-10.3418,-36.9252,3579,14742
2803906,Malhador,SE,-10.6649,-37.3004,11533,15019
2804003,Maruim,SE,-10.7308,-37.0856,15719,28527
2804102,Moita Bonita,SE,-10.5769,-37.3512,11050,18685
2804201,Monte Alegre de Sergipe,SE,-10.0256,-37.5616,14336,15273
2804300,Muribeca,SE,-10.4271,-36.9588,7822,12357
2804409,Neópolis,SE,-10.3215,-36.585,16426,20149
2804458,Nossa Senhora Aparecida,SE,-10.3944,-37.4517,9232,11904
2804508,Nossa Senhora da Glória,SE,-10.2158,-37.4211,41212,19188
2804607,Nossa Senhora das Dores,SE,-10.4854,-37.1963,24996,16632
2804706,Nossa Senhora de Lourdes,SE,-10.0772,-37.0615,6268,14545
2804805,Nossa Senhora do Socorro,SE,-10.8468,-37.1231,192330,16808
2804904,Pacatuba,SE,-10.4538,-36.6531,12502,18928
2805000,Pedra Mole,SE,-10.6134,-37.6922,2778,17283
2805109,Pedrinhas,SE,-11.1902,-37.6775,7396,13377
2805208,Pinhão,SE,-10.5677,-37.7242,5677,16131
2805307,Pirambu,SE,-10.7215,-36.8544,7913,17430
2805604,Porto da Folha,SE,-9.91626,-37.2842,26576,13793
2805406,Poço Redondo,SE,-9.80616,-37.6833,33439,12448
2805505,Poço Verde,SE,-10.7151,-38.1813,21794,14789
2805703,Propriá,SE,-10.2138,-36.8442,26618,20824
2805901,Riachuelo,SE,-10.735,-37.1966,8748,25423
2805802,Riachão do Dantas,SE,-11.0729,-37.731,18313,17960
2806008,Ribeirópolis,SE,-10.5357,-37.438,17033,19929
2806107,Rosário do Catete,SE,-10.6904,-37.0357,9295,50453
2806206,Salgado,SE,-11.0288,-37.4804,20279,10726
2806305,Santa Luzia do Itanhy,SE,-11.3536,-37.4586,13616,14152
2806503,Santa Rosa de Lima,SE,-10.6434,-37.1931,3937,13991
2806404,Santana do São Francisco,SE,-10.2922,-36.6105,7346,14535
2806602,Santo Amaro das Brotas,SE,-10.7892,-37.0564,11092,15116
2807105,Simão Dias,SE,-10.7387,-37.8097,42578,18564
2807204,Siriri,SE,-10.5965,-37.1131,7834,22560
2806701,São Cristóvão,SE,-11.0084,-37.2044,95612,10791
2806800,São Domingos,SE,-10.7916,-37.5685,10327,13095
2806909,São Francisco,SE,-10.3442,-36.8869,3243,17278
2807006,São Miguel do Aleixo,SE,-10.3847,-37.3836,3434,14514
2807303,Telha,SE,-10.2064,-36.8818,3274,13476
2807402,Tobias Barreto,SE,-11.1798,-37.9995,50905,12883
2807501,Tomar do Geru,SE,-11.3694,-37.8433,12012,12235
2807600,Umbaúba,SE,-11.3809,-37.6623,23917,16790
3500105,Adamantina,SP,-21.682,-51.0737,34687,39521
3500204,Adolfo,SP,-21.2325,-49.6451,4351,26543
3500303,Aguaí,SP,-22.0572,-46.9735,32072,40993
3500709,Agudos,SP,-22.4694,-48.9863,37680,70027
3500758,Alambari,SP,-23.5503,-47.898,6141,21070
3500808,Alfredo Marcondes,SP,-21.9527,-51.414,4445,27076
3500907,Altair,SP,-20.5242,-49.0571,3451,32534
3501004,Altinópolis,SP,-21.0214,-47.3712,16818,49554
3501103,Alto Alegre,SP,-21.5811,-50.168,3841,29572
3501152,Alumínio,SP,-23.5306,-47.2546,17301,230178
3501509,Alvinlândia,SP,-22.4435,-49.7623,2885,20244
3501608,Americana,SP,-22.7374,-47.3331,237240,64143
3501905,Amparo,SP,-22.7088,-46.772,68008,75758
3501707,Américo Brasiliense,SP,-21.7288,-48.1147,33019,37265
3501806,Américo de Campos,SP,-20.2985,-49.7359,5870,21602
3502002,Analândia,SP,-22.1289,-47.6619,4589,45394
3502101,Andradina,SP,-20.8948,-51.3786,59783,47594
3502200,Angatuba,SP,-23.4917,-48.4139,24022,61367
3502309,Anhembi,SP,-22.793,-48.1336,5674,29883
3502408,Anhumas,SP,-22.2934,-51.3895,4023,26254
3502507,Aparecida,SP,-22.8495,-45.2325,32569,31965
3502606,Aparecida d'Oeste,SP,-20.4487,-50.8835,4086,37088
3502705,Apiaí,SP,-24.5108,-48.8443,24585,36515
3503000,Aramina,SP,-20.0882,-47.7873,5420,27726
3503109,Arandu,SP,-23.1386,-49.0487,6885,28296
3503158,Arapeí,SP,-22.6717,-44.4441,2330,19557
3503208,Araraquara,SP,-21.7845,-48.178,242228,49347
3503307,Araras,SP,-22.3572,-47.3842,130866,53051
3502754,Araçariguama,SP,-23.4366,-47.0608,21522,223702
3502804,Araçatuba,SP,-21.2076,-50.4401,200124,45062
3502903,Araçoiaba da Serra,SP,-23.5029,-47.6166,32443,37169
3503356,Arco-Íris,SP,-21.7728,-50.466,2044,30380
3503406,Arealva,SP,-22.031,-48.9135,8130,27931
3503505,Areias,SP,-22.5786,-44.6992,3577,16246
3503604,Areiópolis,SP,-22.6672,-48.6681,10130,16097
3503703,Ariranha,SP,-21.1872,-48.7904,7602,149554
3503802,Artur Nogueira,SP,-22.5727,-47.1727,51456,33460
3503901,Arujá,SP,-23.3965,-46.32,86678,95680
3503950,Aspásia,SP,-20.16,-50.728,1842,21469
3504008,Assis,SP,-22.66,-50.4183,101409,40258
3504107,Atibaia,SP,-23.1171,-46.5563,158647,52702
3504206,Auriflama,SP,-20.6836,-50.5572,13692,26186
3504404,Avanhandava,SP,-21.4584,-49.9509,11263,17703
3504503,Avaré,SP,-23.1067,-48.9251,92805,35331
3504305,Avaí,SP,-22.1514,-49.3356,4483,83893
3504602,Bady Bassitt,SP,-20.9197,-49.4385,27260,20244
3504701,Balbinos,SP,-21.8963,-49.3619,3887,16825
3504909,Bananal,SP,-22.6819,-44.3281,9969,21669
3505104,Barbosa,SP,-21.2657,-49.9518,5640,19348
3505203,Bariri,SP,-22.073,-48.7438,31595,51382
3505302,Barra Bonita,SP,-22.4909,-48.5583,34346,44129
3505351,Barra do Chapéu,SP,-24.4722,-49.0238,5179,25823
3505401,Barra do Turvo,SP,-24.759,-48.5013,6876,18299
3505500,Barretos,SP,-20.5531,-48.5698,122485,48198
3505609,Barrinha,SP,-21.1864,-48.1636,32092,19470
3505708,Barueri,SP,-23.5057,-46.879,316473,183357
3505005,Barão de Antonina,SP,-23.6284,-49.5634,3531,21228
3505807,Bastos,SP,-21.921,-50.7357,21503,49631
3505906,Batatais,SP,-20.8929,-47.5921,58402,41382
3506003,Bauru,SP,-22.3246,-49.0871,379146,44103
3506102,Bebedouro,SP,-20.9491,-48.4791,76373,53428
3506201,Bento de Abreu,SP,-21.2686,-50.814,2606,80760
3506300,Bernardino de Campos,SP,-23.0164,-49.4679,11607,32562
3506359,Bertioga,SP,-23.8486,-46.1396,64188,32213
3506409,Bilac,SP,-21.404,-50.4746,7319,39975
3506508,Birigui,SP,-21.291,-50.3432,118979,33177
3506607,Biritiba-Mirim,SP,-23.5698,-46.0407,29683,32713
3506706,Boa Esperança do Sul,SP,-21.9918,-48.3906,12978,29338
3506805,Bocaina,SP,-22.1365,-48.523,11259,25043
3506904,Bofete,SP,-23.1055,-48.2582,10460,20309
3507001,Boituva,SP,-23.2855,-47.6786,61081,55553
3507100,Bom Jesus dos Perdões,SP,-23.1356,-46.4675,22006,66484
3507159,Bom Sucesso de Itararé,SP,-24.3155,-49.1451,3555,17963
3507308,Boracéia,SP,-22.1926,-48.7808,4715,110107
3507407,Borborema,SP,-21.6214,-49.0741,14226,36425
3507456,Borebi,SP,-22.5728,-48.9707,2713,27255
3507209,Borá,SP,-22.2696,-50.5409,907,81803
3507506,Botucatu,SP,-22.8837,-48.4437,145155,41193
3507605,Bragança Paulista,SP,-22.9527,-46.5419,176811,44988
3507704,Braúna,SP,-21.499,-50.3175,5356,22533
3507753,Brejo Alegre,SP,-21.1651,-50.1861,2565,29503
3507803,Brodowski,SP,-20.9845,-47.6572,25201,35508
3507902,Brotas,SP,-22.2795,-48.1251,23898,47033
3508009,Buri,SP,-23.7977,-48.5958,20250,33784
3508108,Buritama,SP,-21.0661,-50.1475,17210,36465
3508207,Buritizal,SP,-20.1911,-47.7096,4356,56127
3504800,Bálsamo,SP,-20.7348,-49.5865,9596,29037
3508405,Cabreúva,SP,-23.3053,-47.1362,47011,126807
3508306,Cabrália Paulista,SP,-22.4576,-49.3393,4299,23932
3508603,Cachoeira Paulista,SP,-22.6665,-45.0154,31564,21342
3508702,Caconde,SP,-21.528,-46.6437,17101,33588
3508801,Cafelândia,SP,-21.8031,-49.6092,16654,40984
3508900,Caiabu,SP,-22.0127,-51.2394,3712,18805
3509007,Caieiras,SP,-23.3607,-46.7397,95032,51129
3509106,Caiuá,SP,-21.8322,-51.9969,5466,17610
3509205,Cajamar,SP,-23.355,-46.8781,92689,245047
3509254,Cajati,SP,-24.7324,-48.1223,28515,61554
3509304,Cajobi,SP,-20.8773,-48.8063,9133,18714
3509403,Cajuru,SP,-21.2749,-47.303,23830,31966
3509452,Campina do Monte Alegre,SP,-23.5895,-48.4758,5954,25376
3509502,Campinas,SP,-22.9053,-47.0659,1139047,64042
3509601,Campo Limpo Paulista,SP,-23.2078,-46.7889,77632,32602
3509809,Campos Novos Paulista,SP,-22.602,-49.9987,4888,39833
3509700,Campos do Jordão,SP,-22.7296,-45.5833,46974,30864
3509908,Cananéia,SP,-25.0144,-47.9341,12289,21516
3509957,Canas,SP,-22.7003,-45.0521,4931,26376
3510153,Canitar,SP,-23.004,-49.7839,6283,26153
3510302,Capela do Alto,SP,-23.4685,-47.7388,22866,17159
3510401,Capivari,SP,-22.9951,-47.5071,50068,59735
3510203,Capão Bonito,SP,-24.0113,-48.3482,46337,27388
3510500,Caraguatatuba,SP,-23.6125,-45.4125,134873,33604
3510609,Carapicuíba,SP,-23.5235,-46.8407,386984,17713
3510708,Cardoso,SP,-20.08,-49.9183,11345,28305
3510807,Casa Branca,SP,-21.7708,-47.0852,28083,41988
3511003,Castilho,SP,-20.8689,-51.4884,19977,69494
3511102,Catanduva,SP,-21.1314,-48.977,115791,45067
3511201,Catiguá,SP,-21.0519,-49.0616,7003,21834
3508504,Caçapava,SP,-23.0992,-45.7076,96202,54204
3511300,Cedral,SP,-20.9009,-49.2664,12618,42249
3511409,Cerqueira César,SP,-23.038,-49.1655,21469,44572
3511508,Cerquilho,SP,-23.1665,-47.7459,44695,52442
3511607,Cesário Lange,SP,-23.226,-47.9545,19048,38879
3511706,Charqueada,SP,-22.5096,-47.7755,15535,33159
3557204,Chavantes,SP,-23.0366,-49.7096,12211,21812
3511904,Clementina,SP,-21.5604,-50.4525,6982,26699
3512001,Colina,SP,-20.7114,-48.5387,18486,83397
3512100,Colômbia,SP,-20.1768,-48.6865,6629,56301
3512209,Conchal,SP,-22.3375,-47.1729,28101,30578
3512308,Conchas,SP,-23.0154,-48.0134,15232,28427
3512407,Cordeirópolis,SP,-22.4778,-47.4519,24514,167571
3512506,Coroados,SP,-21.3521,-50.2859,5400,40514
3512605,Coronel Macedo,SP,-23.6261,-49.31,4280,32981
3512704,Corumbataí,SP,-22.2213,-47.6215,4195,82247
3512902,Cosmorama,SP,-20.4755,-49.7827,8719,58127
3512803,Cosmópolis,SP,-22.6419,-47.1926,59773,35294
3513009,Cotia,SP,-23.6022,-46.919,274413,58722
3513108,Cravinhos,SP,-21.338,-47.7324,33281,52677
3513207,Cristais Paulista,SP,-20.4036,-47.4209,9272,37378
3513405,Cruzeiro,SP,-22.5728,-44.969,74961,42454
3513306,Cruzália,SP,-22.7373,-50.7909,2108,65306
3513504,Cubatão,SP,-23.8911,-46.424,112476,195121
3513603,Cunha,SP,-23.0731,-44.9576,22110,14761
3510906,Cássia dos Coqueiros,SP,-21.2801,-47.1643,2799,104720
3510005,Cândido Mota,SP,-22.7471,-50.3873,29449,51559
3510104,Cândido Rodrigues,SP,-21.3275,-48.6327,2889,37074
3513702,Descalvado,SP,-21.9002,-47.6181,31756,65536
3513801,Diadema,SP,-23.6813,-46.6205,393237,47006
3513850,Dirce Reis,SP,-20.4642,-50.6073,1620,43103
3513900,Divinolândia,SP,-21.6637,-46.7361,11158,44045
3514007,Dobrada,SP,-21.5155,-48.3935,8759,15861
3514106,Dois Córregos,SP,-22.3673,-48.3819,24510,34080
3514205,Dolcinópolis,SP,-20.124,-50.5149,2207,26709
3514304,Dourado,SP,-22.1044,-48.3178,8096,99098
3514403,Dracena,SP,-21.4843,-51.535,45474,31776
3514502,Duartina,SP,-22.4146,-49.4084,12328,20492
3514601,Dumont,SP,-21.2324,-47.9756,9471,36145
3514700,Echaporã,SP,-22.4326,-50.2038,6205,24566
3514809,Eldorado,SP,-24.5281,-48.1141,13069,25201
3514908,Elias Fausto,SP,-23.0428,-47.3682,17699,56763
3514924,Elisiário,SP,-21.1678,-49.1146,3138,24236
3514957,Embaúba,SP,-20.9796,-48.8325,2323,24623
3515004,Embu das Artes,SP,-23.6437,-46.8579,250691,57101
3515103,Embu-Guaçu,SP,-23.8297,-46.8136,66970,21743
3515129,Emilianópolis,SP,-21.8314,-51.4832,3014,26269
3515152,Engenheiro Coelho,SP,-22.4836,-47.211,19566,33786
3515186,Espírito Santo do Pinhal,SP,-22.1909,-46.7477,39816,51884
3515194,Espírito Santo do Turvo,SP,-22.6925,-49.4341,4157,22076
3557303,Estiva Gerbi,SP,-22.2713,-46.9481,11295,34478
3515202,Estrela d'Oeste,SP,-20.2875,-50.4049,9417,79989
3515301,Estrela do Norte,SP,-22.4859,-51.6632,2703,23102
3515350,Euclides da Cunha Paulista,SP,-22.5545,-52.5928,7924,17226
3515400,Fartura,SP,-23.3916,-49.5124,16641,28467
3515608,Fernando Prestes,SP,-21.2661,-48.6874,5942,34600
3515509,Fernandópolis,SP,-20.2806,-50.2471,71186,34680
3515657,Fernão,SP,-22.3607,-49.5187,1656,48885
3515707,Ferraz de Vasconcelos,SP,-23.5411,-46.371,179198,26455
3515806,Flora Rica,SP,-21.6727,-51.3821,1487,28350
3515905,Floreal,SP,-20.6752,-50.1513,2733,29962
3516101,Florínia,SP,-22.868,-50.6814,3851,44650
3516002,Flórida Paulista,SP,-21.6127,-51.1724,12958,20438
3516200,Franca,SP,-20.5352,-47.4039,352536,31986
3516309,Francisco Morato,SP,-23.2792,-46.7448,165139,11339
3516408,Franco da Rocha,SP,-23.3229,-46.729,144849,29671
3516507,Gabriel Monteiro,SP,-21.5294,-50.5573,2763,33914
3516705,Garça,SP,-22.2125,-49.6546,42110,40970
3516804,Gastão Vidigal,SP,-20.7948,-50.1912,3252,26392
3516853,Gavião Peixoto,SP,-21.8367,-48.4957,4702,251847
3516903,General Salgado,SP,-20.6485,-50.364,10312,26678
3517000,Getulina,SP,-21.7961,-49.9312,10232,21109
3517109,Glicério,SP,-21.3812,-50.2123,4138,30284
3517307,Guaimbê,SP,-21.9091,-49.8986,5512,80363
3517208,Guaiçara,SP,-21.6195,-49.8013,11239,20664
3517604,Guapiara,SP,-24.1892,-48.5295,17071,25723
3517505,Guapiaçu,SP,-20.7959,-49.2172,21711,41289
3517901,Guaraci,SP,-20.4977,-48.9391,10350,36276
3518008,Guarani d'Oeste,SP,-20.0746,-50.3411,1968,18821
3518107,Guarantã,SP,-21.8942,-49.5914,6427,30546
3518206,Guararapes,SP,-21.2544,-50.6453,31043,38646
3518305,Guararema,SP,-23.4112,-46.0369,31236,49518
3518404,Guaratinguetá,SP,-22.8075,-45.1938,118044,66737
3517802,Guaraçaí,SP,-21.0292,-51.2119,7441,43888
3518503,Guareí,SP,-23.3714,-48.1837,15013,20894
3518602,Guariba,SP,-21.3594,-48.2316,37498,30272
3518701,Guarujá,SP,-23.9888,-46.258,287634,36485
3518800,Guarulhos,SP,-23.4538,-46.5333,1291771,59899
3517703,Guará,SP,-20.4302,-47.8236,18606,33226
3518859,Guatapará,SP,-21.4944,-48.0356,7320,33520
3517406,Guaíra,SP,-20.3196,-48.312,39279,68862
3518909,Guzolândia,SP,-20.6467,-50.6645,4246,22041
3516606,Gália,SP,-22.2918,-49.5504,6380,27072
3519006,Herculândia,SP,-22.0038,-50.3907,9125,39009
3519055,Holambra,SP,-22.6405,-47.0487,15094,96952
3519071,Hortolândia,SP,-22.8529,-47.2143,236641,77661
3519105,Iacanga,SP,-21.8896,-49.031,10437,63046
3519204,Iacri,SP,-21.8572,-50.6932,6131,51671
3519253,Iaras,SP,-22.8682,-49.1634,8010,21089
3519303,Ibaté,SP,-21.9584,-47.9882,32178,36026
3519501,Ibirarema,SP,-22.8185,-50.0739,6385,38311
3519402,Ibirá,SP,-21.083,-49.2448,11690,27214
3519600,Ibitinga,SP,-21.7562,-48.8319,60033,32736
3519709,Ibiúna,SP,-23.6596,-47.223,75605,31355
3519808,Icém,SP,-20.3391,-49.1915,7819,26767
3519907,Iepê,SP,-22.6602,-51.0779,7619,57010
3520103,Igarapava,SP,-20.0407,-47.7466,26212,49582
3520202,Igaratá,SP,-23.2037,-46.157,10605,22646
3520004,Igaraçu do Tietê,SP,-22.509,-48.5597,23106,16497
3520301,Iguape,SP,-24.699,-47.5537,29115,54564
3520426,Ilha Comprida,SP,-24.7307,-47.5383,13419,101614
3520442,Ilha Solteira,SP,-20.4326,-51.3426,25549,27636
3520400,Ilhabela,SP,-23.7785,-45.3552,34934,399514
3520509,Indaiatuba,SP,-23.0816,-47.2101,255748,89217
3520608,Indiana,SP,-22.1738,-51.2555,5090,17086
3520707,Indiaporã,SP,-19.979,-50.2909,4035,27535
3520806,Inúbia Paulista,SP,-21.7695,-50.9633,3615,37809
3520905,Ipaussu,SP,-23.0575,-49.6279,13712,36399
3521002,Iperó,SP,-23.3513,-47.6927,36459,26597
3521101,Ipeúna,SP,-22.4355,-47.7151,6831,138766
3521150,Ipiguá,SP,-20.6557,-49.3842,6761,18379
3521200,Iporanga,SP,-24.5847,-48.5971,4046,15684
3521309,Ipuã,SP,-20.4438,-48.0129,14454,30629
3521408,Iracemápolis,SP,-22.5832,-47.523,21967,96869
3521606,Irapuru,SP,-21.5684,-51.3472,7085,15469
3521507,Irapuã,SP,-21.2768,-49.4164,6867,27119
3521705,Itaberá,SP,-23.8638,-49.14,17983,56504
3521903,Itajobi,SP,-21.3123,-49.0629,16989,55049
3522000,Itaju,SP,-21.9857,-48.8116,3618,64195
3522109,Itanhaém,SP,-24.1736,-46.788,112476,21065
3522208,Itapecerica da Serra,SP,-23.7161,-46.8572,158522,30969
3522307,Itapetininga,SP,-23.5886,-48.0483,157790,40305
3522406,Itapeva,SP,-23.9788,-48.8764,89728,42228
3522505,Itapevi,SP,-23.5488,-46.9327,232297,55339
3522604,Itapira,SP,-22.4357,-46.8224,72022,66040
3522653,Itapirapuã Paulista,SP,-24.572,-49.1661,4306,12213
3522802,Itaporanga,SP,-23.7043,-49.4819,14085,21691
3523008,Itapura,SP,-20.6419,-51.5063,3979,26295
3522901,Itapuí,SP,-22.2324,-48.7197,13659,73485
3523107,Itaquaquecetuba,SP,-23.4835,-46.3457,369275,25779
3523206,Itararé,SP,-24.1085,-49.3352,44438,26608
3523305,Itariri,SP,-24.2834,-47.1736,15528,28270
3523404,Itatiba,SP,-23.0035,-46.8464,121590,67814
3523503,Itatinga,SP,-23.1047,-48.6157,19070,20800
3521804,Itaí,SP,-23.4213,-49.092,25180,36731
3522158,Itaóca,SP,-24.6393,-48.8413,3422,15589
3523602,Itirapina,SP,-22.2562,-47.8166,16148,78845
3523701,Itirapuã,SP,-20.6416,-47.2194,5779,28004
3523800,Itobi,SP,-21.7309,-46.9743,8046,24654
3523909,Itu,SP,-23.2544,-47.2927,168240,62653
3524006,Itupeva,SP,-23.1526,-47.0593,70616,119283
3524105,Ituverava,SP,-20.3355,-47.7902,37571,50762
3522703,Itápolis,SP,-21.5942,-48.8149,39493,41294
3524204,Jaborandi,SP,-20.6884,-48.4112,6221,24639
3524303,Jaboticabal,SP,-21.252,-48.3252,71821,50141
3524402,Jacareí,SP,-23.2983,-45.9658,240275,66925
3524501,Jaci,SP,-20.8805,-49.5797,7613,88902
3524600,Jacupiranga,SP,-24.6963,-48.0064,16097,32993
3524709,Jaguariúna,SP,-22.7037,-46.9851,59347,235586
3524808,Jales,SP,-20.2672,-50.5494,48776,40637
3524907,Jambeiro,SP,-23.2522,-45.6942,6397,55167
3525003,Jandira,SP,-23.5275,-46.9023,118045,41580
3525102,Jardinópolis,SP,-21.0176,-47.7606,45282,34909
3525201,Jarinu,SP,-23.1039,-46.728,37535,79856
3525300,Jaú,SP,-22.2936,-48.5592,133497,41817
3525409,Jeriquara,SP,-20.3116,-47.5918,3863,43732
3525508,Joanópolis,SP,-22.927,-46.2741,12815,20410
3525706,José Bonifácio,SP,-21.0551,-49.6892,36633,37719
3525607,João Ramalho,SP,-22.2473,-50.7694,4371,34014
3525854,Jumirim,SP,-23.0884,-47.7868,3056,70026
3525904,Jundiaí,SP,-23.1852,-46.8974,443221,130118
3526001,Junqueirópolis,SP,-21.5103,-51.4342,20448,39509
3526209,Juquitiba,SP,-23.9244,-47.0653,27404,20946
3526100,Juquiá,SP,-24.3101,-47.6426,17154,21363
3525805,Júlio Mesquita,SP,-22.0112,-49.7873,4254,13832
3526308,Lagoinha,SP,-23.0846,-45.1944,5083,14552
3526407,Laranjal Paulista,SP,-23.0506,-47.8375,26261,53734
3526605,Lavrinhas,SP,-22.57,-44.9024,7171,18591
3526506,Lavínia,SP,-21.1639,-51.0412,9689,19083
3526704,Leme,SP,-22.1809,-47.3841,98161,41787
3526803,Lençóis Paulista,SP,-22.6027,-48.8037,66505,74043
3526902,Limeira,SP,-22.566,-47.397,291869,55027
3527009,Lindóia,SP,-22.5226,-46.65,7014,35098
3527108,Lins,SP,-21.6718,-49.7526,74779,90452
3527207,Lorena,SP,-22.7334,-45.1197,84855,45686
3527256,Lourdes,SP,-20.966,-50.2263,1950,22302
3527306,Louveira,SP,-23.0856,-46.9484,51847,379523
3527504,Lucianópolis,SP,-22.4294,-49.522,2372,29707
3527405,Lucélia,SP,-21.7182,-51.0215,20061,29125
3527702,Luiziânia,SP,-21.6737,-50.3294,4701,19955
3527801,Lupércio,SP,-22.4146,-49.818,3981,24702
3527900,Lutécia,SP,-22.3384,-50.394,2661,38021
3527603,Luís Antônio,SP,-21.55,-47.7801,12265,126915
3528007,Macatuba,SP,-22.5002,-48.7102,16829,38254
3528106,Macaubal,SP,-20.8022,-49.9687,7481,26327
3528205,Macedônia,SP,-20.1444,-50.1973,3963,22945
3528304,Magda,SP,-20.6445,-50.2305,3165,32900
3528403,Mairinque,SP,-23.5398,-47.185,50027,53873
3528502,Mairiporã,SP,-23.3171,-46.5897,93853,24380
3528601,Manduri,SP,-23.0056,-49.3202,9871,29572
3528700,Marabá Paulista,SP,-22.1068,-51.9617,4573,34334
3528809,Maracaí,SP,-22.6149,-50.6713,12673,40827
3528858,Marapoama,SP,-21.2587,-49.13,3292,36359
3529104,Marinópolis,SP,-20.4389,-50.8254,1860,21541
3528908,Mariápolis,SP,-21.7959,-51.1824,3513,21771
3529203,Martinópolis,SP,-22.1462,-51.1709,24881,30342
3529005,Marília,SP,-22.2171,-49.9501,237627,41056
3529302,Matão,SP,-21.6025,-48.364,79033,67776
3529401,Mauá,SP,-23.6677,-46.4613,418261,49673
3529500,Mendonça,SP,-21.1757,-49.5791,6159,60852
3529609,Meridiano,SP,-20.3579,-50.1811,4572,86142
3529658,Mesópolis,SP,-19.9684,-50.6326,1952,41811
3529708,Miguelópolis,SP,-20.1796,-48.031,19441,52268
3529807,Mineiros do Tietê,SP,-22.412,-48.451,11230,20148
3530003,Mira Estrela,SP,-19.9789,-50.139,3126,22509
3529906,Miracatu,SP,-24.2766,-47.4625,18553,24630
3530102,Mirandópolis,SP,-21.1313,-51.1035,27983,26400
3530201,Mirante do Paranapanema,SP,-22.2904,-51.9084,15917,38130
3530300,Mirassol,SP,-20.8169,-49.5206,63337,42003
3530409,Mirassolândia,SP,-20.6179,-49.4617,4669,45683
3530508,Mococa,SP,-21.4647,-47.0024,67681,44971
3530706,Mogi Guaçu,SP,-22.3675,-46.9428,153658,44680
3530805,Mogi Mirim,SP,-22.4332,-46.9532,92558,68212
3530607,Mogi das Cruzes,SP,-23.5208,-46.1854,451505,43420
3530904,Mombuca,SP,-22.9285,-47.559,3722,33454
3531100,Mongaguá,SP,-24.0809,-46.6265,61951,20252
3531209,Monte Alegre do Sul,SP,-22.6817,-46.681,8627,29236
3531308,Monte Alto,SP,-21.2655,-48.4971,47574,51188
3531407,Monte Aprazível,SP,-20.768,-49.7184,22280,34408
3531506,Monte Azul Paulista,SP,-20.9065,-48.6387,18151,35214
3531605,Monte Castelo,SP,-21.2981,-51.5679,4222,30338
3531803,Monte Mor,SP,-22.945,-47.3122,64662,66774
3531704,Monteiro Lobato,SP,-22.9544,-45.8407,4138,20065
3531001,Monções,SP,-20.8509,-50.0975,1937,30078
3531902,Morro Agudo,SP,-20.7288,-48.0581,27933,43888
3532009,Morungaba,SP,-22.8811,-46.7896,13720,46161
3532058,Motuca,SP,-21.5103,-48.1538,4034,29920
3532108,Murutinga do Sul,SP,-20.9908,-51.2774,3737,23556
3532157,Nantes,SP,-22.6156,-51.24,2660,53497
3532207,Narandiba,SP,-22.4057,-51.5274,5713,111863
3532306,Natividade da Serra,SP,-23.3707,-45.4468,6999,13343
3532405,Nazaré Paulista,SP,-23.1747,-46.3983,18217,25546
3532504,Neves Paulista,SP,-20.843,-49.6358,9699,28482
3532603,Nhandeara,SP,-20.6945,-50.0436,9852,37330
3532702,Nipoã,SP,-20.9114,-49.7833,4750,20188
3532801,Nova Aliança,SP,-21.0156,-49.4986,6693,48698
3532827,Nova Campina,SP,-24.1224,-48.9022,8497,26018
3532843,Nova Canaã Paulista,SP,-20.3836,-50.9483,2032,22788
3532868,Nova Castilho,SP,-20.7615,-50.3477,1062,57123
3532900,Nova Europa,SP,-21.7765,-48.5705,9311,40539
3533007,Nova Granada,SP,-20.5321,-49.3123,19419,26409
3533106,Nova Guataporanga,SP,-21.332,-51.6447,2156,17057
3533205,Nova Independência,SP,-21.1026,-51.4905,4609,46248
3533304,Nova Luzitânia,SP,-20.856,-50.2617,2837,21225
3533403,Nova Odessa,SP,-22.7832,-47.2941,62019,64827
3533254,Novais,SP,-20.9893,-48.9141,4412,17829
3533502,Novo Horizonte,SP,-21.4651,-49.2234,38324,41383
3533601,Nuporanga,SP,-20.7296,-47.7429,7391,117453
3533700,Ocauçu,SP,-22.438,-49.922,4331,32640
3533908,Olímpia,SP,-20.7366,-48.9106,55074,46322
3534005,Onda Verde,SP,-20.6042,-49.2929,4771,43101
3534104,Oriente,SP,-22.1549,-50.0971,6085,21325
3534203,Orindiúva,SP,-20.1861,-49.3464,6024,106381
3534302,Orlândia,SP,-20.7169,-47.8852,38319,67314
3534401,Osasco,SP,-23.5324,-46.7916,728615,118185
3534500,Oscar Bressane,SP,-22.3149,-50.2811,2470,45701
3534609,Osvaldo Cruz,SP,-21.7968,-50.8793,31272,34775
3534708,Ourinhos,SP,-22.9797,-49.8697,103970,38103
3534807,Ouro Verde,SP,-21.4872,-51.7024,7779,17353
3534757,Ouroeste,SP,-20.0061,-50.3768,10294,53307
3534906,Pacaembu,SP,-21.5627,-51.2654,14877,14633
3535002,Palestina,SP,-20.39,-49.4309,11476,36635
3535101,Palmares Paulista,SP,-21.0854,-48.8037,9650,14137
3535200,Palmeira d'Oeste,SP,-20.4148,-50.7632,8903,24155
3535309,Palmital,SP,-22.7858,-50.218,19594,45964
3535408,Panorama,SP,-21.354,-51.8562,14964,21239
3535507,Paraguaçu Paulista,SP,-22.4114,-50.5732,41120,43817
3535606,Paraibuna,SP,-23.3872,-45.6639,17667,19947
3535804,Paranapanema,SP,-23.3862,-48.7214,19395,48731
3535903,Paranapuã,SP,-20.1048,-50.5886,4031,33010
3536000,Parapuã,SP,-21.7792,-50.7949,10580,70112
3535705,Paraíso,SP,-21.0159,-48.7761,6099,45141
3536109,Pardinho,SP,-23.0841,-48.3679,7153,51485
3536208,Pariquera-Açu,SP,-24.7147,-47.8742,19233,30470
3536257,Parisi,SP,-20.3034,-50.0163,2892,18541
3536307,Patrocínio Paulista,SP,-20.6384,-47.2801,14512,93771
3536406,Paulicéia,SP,-21.3153,-51.8321,7955,25160
3536570,Paulistânia,SP,-22.5768,-49.4008,2090,23271
3536604,Paulo de Faria,SP,-20.0296,-49.4,7400,36443
3536505,Paulínia,SP,-22.7542,-47.1488,110537,473954
3536703,Pederneiras,SP,-22.3511,-48.7781,44827,68402
3536802,Pedra Bela,SP,-22.7902,-46.4455,6557,18008
3536901,Pedranópolis,SP,-20.2474,-50.1129,2787,28664
3537008,Pedregulho,SP,-20.2535,-47.4775,15525,111521
3537107,Pedreira,SP,-22.7413,-46.8948,43112,34840
3537156,Pedrinhas Paulista,SP,-22.8174,-50.7933,2804,63000
3537206,Pedro de Toledo,SP,-24.2764,-47.2354,11281,15833
3537305,Penápolis,SP,-21.4148,-50.0769,61679,33763
3537404,Pereira Barreto,SP,-20.6368,-51.1123,24095,45133
3537503,Pereiras,SP,-23.0804,-47.972,8737,36393
3537602,Peruíbe,SP,-24.312,-47.0012,68352,28766
3537701,Piacatu,SP,-21.5921,-50.6003,5519,21566
3537800,Piedade,SP,-23.7139,-47.4256,52970,30151
3537909,Pilar do Sul,SP,-23.8077,-47.7222,27619,46207
3538006,Pindamonhangaba,SP,-22.9246,-45.4613,165428,83072
3538105,Pindorama,SP,-21.1853,-48.9086,14542,34301
3538204,Pinhalzinho,SP,-22.7811,-46.5897,15224,20668
3538303,Piquerobi,SP,-21.8747,-51.7282,3264,20555
3538501,Piquete,SP,-22.6069,-45.1869,12490,15841
3538600,Piracaia,SP,-23.0525,-46.3594,26029,25421
3538709,Piracicaba,SP,-22.7338,-47.6476,423323,81630
3538808,Piraju,SP,-23.1981,-49.3803,29436,31465
3538907,Pirajuí,SP,-21.999,-49.4608,22431,24076
3539004,Pirangi,SP,-21.0886,-48.6607,10885,33514
3539103,Pirapora do Bom Jesus,SP,-23.3965,-46.9991,18370,45001
3539202,Pirapozinho,SP,-22.2711,-51.4976,25348,36602
3539301,Pirassununga,SP,-21.996,-47.4257,73545,45038
3539400,Piratininga,SP,-22.4142,-49.1339,15108,18432
3539509,Pitangueiras,SP,-21.0132,-48.221,33674,41265
3539608,Planalto,SP,-21.0342,-49.933,4389,44147
3539707,Platina,SP,-22.6371,-50.2104,3025,39676
3539905,Poloni,SP,-20.7829,-49.8258,5592,27615
3540002,Pompéia,SP,-22.107,-50.176,20196,96646
3540101,Pongaí,SP,-21.7396,-49.3604,3395,27805
3540200,Pontal,SP,-21.0216,-48.0423,37607,38899
3540259,Pontalinda,SP,-20.4396,-50.5258,4127,23753
3540309,Pontes Gestal,SP,-20.1727,-49.7064,2387,53064
3540408,Populina,SP,-19.9453,-50.538,4127,28413
3540507,Porangaba,SP,-23.1761,-48.1195,10451,22365
3540606,Porto Feliz,SP,-23.2093,-47.5251,56497,66458
3540705,Porto Ferreira,SP,-21.8498,-47.487,52649,47406
3540754,Potim,SP,-22.8343,-45.2552,20392,15126
3540804,Potirendaba,SP,-21.0428,-49.3815,18496,33530
3539806,Poá,SP,-23.5333,-46.3473,103765,36326
3540853,Pracinha,SP,-21.8496,-51.0868,2578,15892
3540903,Pradópolis,SP,-21.3626,-48.0679,17078,64207
3541000,Praia Grande,SP,-24.0084,-46.4121,349935,24941
3541059,Pratânia,SP,-22.8112,-48.6636,5126,24652
3541109,Presidente Alves,SP,-22.0999,-49.4381,3804,20329
3541208,Presidente Bernardes,SP,-22.0082,-51.5565,14490,22906
3541307,Presidente Epitácio,SP,-21.7651,-52.1111,39505,33553
3541406,Presidente Prudente,SP,-22.1207,-51.3925,225668,40955
3541505,Presidente Venceslau,SP,-21.8732,-51.8447,35201,23384
3541604,Promissão,SP,-21.5356,-49.8599,35131,60214
3541653,Quadra,SP,-23.2993,-48.0547,3405,42444
3541703,Quatá,SP,-22.2456,-50.6966,13163,62384
3541802,Queiroz,SP,-21.7969,-50.2415,3265,209719
3541901,Queluz,SP,-22.5312,-44.7781,9159,42420
3542008,Quintana,SP,-22.0692,-50.307,7038,39256
3542107,Rafard,SP,-23.0105,-47.5318,8965,49401
3542206,Rancharia,SP,-22.2269,-50.893,28588,48336
3542305,Redenção da Serra,SP,-23.2638,-45.5422,4494,14870
3542404,Regente Feijó,SP,-22.2181,-51.3055,20145,48832
3542503,Reginópolis,SP,-21.8914,-49.2268,7662,24129
3542602,Registro,SP,-24.4979,-47.8449,59947,39325
3542701,Restinga,SP,-20.6056,-47.4833,6404,33066
3542800,Ribeira,SP,-24.6517,-49.0044,3132,19822
3542909,Ribeirão Bonito,SP,-22.0685,-48.182,10989,33832
3543006,Ribeirão Branco,SP,-24.2206,-48.7635,18627,31970
3543105,Ribeirão Corrente,SP,-20.4579,-47.5904,4608,69240
3543253,Ribeirão Grande,SP,-24.1011,-48.3679,7450,15704
3543303,Ribeirão Pires,SP,-23.7067,-46.4058,115559,33671
3543402,Ribeirão Preto,SP,-21.1699,-47.8099,698642,57190
3543204,Ribeirão do Sul,SP,-22.789,-49.933,4677,47972
3543238,Ribeirão dos Índios,SP,-21.8382,-51.6103,2025,23210
3543600,Rifaina,SP,-20.0803,-47.4291,4049,47211
3543709,Rincão,SP,-21.5894,-48.0728,9098,24845
3543808,Rinópolis,SP,-21.7284,-50.7239,9259,37696
3543907,Rio Claro,SP,-22.3984,-47.5546,201418,65760
3544103,Rio Grande da Serra,SP,-23.7437,-46.3971,44170,21751
3544004,Rio das Pedras,SP,-22.8417,-47.6047,31328,57063
3544202,Riolândia,SP,-19.9868,-49.6836,10309,26090
3543501,Riversul,SP,-23.829,-49.429,5599,16574
3544251,Rosana,SP,-22.5782,-53.0603,17440,111340
3544301,Roseira,SP,-22.8938,-45.307,10832,34600
3544509,Rubinéia,SP,-20.1759,-51.007,3833,26835
3544400,Rubiácea,SP,-21.3006,-50.7296,2700,29241
3544608,Sabino,SP,-21.4593,-49.5755,5112,34326
3544707,Sagres,SP,-21.8823,-50.9594,2474,22138
3544806,Sales,SP,-21.3427,-49.4897,6437,26329
3544905,Sales Oliveira,SP,-20.7696,-47.8369,11411,36564
3545001,Salesópolis,SP,-23.5288,-45.8465,15202,16560
3545100,Salmourão,SP,-21.6267,-50.8614,4808,20153
3545159,Saltinho,SP,-22.8442,-47.6754,8161,46302
3545209,Salto,SP,-23.1996,-47.2931,134319,69264
3545407,Salto Grande,SP,-22.8894,-49.9831,9050,30270
3545308,Salto de Pirapora,SP,-23.6474,-47.5743,43748,50779
3545506,Sandovalina,SP,-22.4551,-51.7648,3645,87465
3545605,Santa Adélia,SP,-21.2427,-48.8063,14018,27290
3545704,Santa Albertina,SP,-20.0311,-50.7297,6393,33598
3546009,Santa Branca,SP,-23.3933,-45.8875,13975,22384
3545803,Santa Bárbara d'Oeste,SP,-22.7553,-47.4143,183347,42681
3546108,Santa Clara d'Oeste,SP,-20.09,-50.9491,2598,37253
3546207,Santa Cruz da Conceição,SP,-22.1405,-47.4512,4277,37795
3546256,Santa Cruz da Esperança,SP,-21.2951,-47.4304,2116,29989
3546306,Santa Cruz das Palmeiras,SP,-21.8235,-47.248,28864,22726
3546405,Santa Cruz do Rio Pardo,SP,-22.8988,-49.6354,46442,60008
3546504,Santa Ernestina,SP,-21.4618,-48.3953,6118,17060
3546603,Santa Fé do Sul,SP,-20.2083,-50.932,34794,38653
3546702,Santa Gertrudes,SP,-22.4572,-47.5272,23611,165000
3546801,Santa Isabel,SP,-23.3172,-46.2237,53174,31194
3546900,Santa Lúcia,SP,-21.685,-48.0885,7149,18342
3547007,Santa Maria da Serra,SP,-22.5661,-48.1593,5243,29186
3547106,Santa Mercedes,SP,-21.3495,-51.7564,2956,23365
3547403,Santa Rita d'Oeste,SP,-20.1414,-50.8358,2733,24930
3547502,Santa Rita do Passa Quatro,SP,-21.7083,-47.478,24833,33256
3547601,Santa Rosa de Viterbo,SP,-21.4776,-47.3622,23411,35601
3547650,Santa Salete,SP,-20.2429,-50.6887,1645,25596
3547205,Santana da Ponte Pensa,SP,-20.2523,-50.8014,1670,23900
3547304,Santana de Parnaíba,SP,-23.4439,-46.9178,154105,74916
3547700,Santo Anastácio,SP,-21.9747,-51.6527,17963,30941
3547809,Santo André,SP,-23.6737,-46.5432,748919,43557
3547908,Santo Antônio da Alegria,SP,-21.0864,-47.1464,6775,31221
3548005,Santo Antônio de Posse,SP,-22.6029,-46.9192,23244,80482
3548054,Santo Antônio do Aracanguá,SP,-20.9331,-50.498,8379,34572
3548104,Santo Antônio do Jardim,SP,-22.1121,-46.6845,6126,36375
3548203,Santo Antônio do Pinhal,SP,-22.827,-45.663,7133,20809
3548302,Santo Expedito,SP,-21.8467,-51.3929,3000,15758
3548500,Santos,SP,-23.9535,-46.335,418608,57548
3548401,Santópolis do Aguapeí,SP,-21.6376,-50.5044,3899,20686
3551108,Sarapuí,SP,-23.6397,-47.8249,10369,19665
3551207,Sarutaiá,SP,-23.2721,-49.4763,3704,26069
3551306,Sebastianópolis do Sul,SP,-20.6523,-49.925,3130,133386
3551405,Serra Azul,SP,-21.3074,-47.5602,12746,15340
3551603,Serra Negra,SP,-22.6139,-46.7033,29894,28271
3551504,Serrana,SP,-21.2043,-47.5952,43909,30724
3551702,Sertãozinho,SP,-21.1316,-47.9875,126887,56026
3551801,Sete Barras,SP,-24.382,-47.9279,12730,29786
3551900,Severínia,SP,-20.8108,-48.8054,14576,18655
3552007,Silveiras,SP,-22.6638,-44.8522,6186,14963
3552106,Socorro,SP,-22.5903,-46.5251,40122,27920
3552205,Sorocaba,SP,-23.4969,-47.4451,723682,61537
3552304,Sud Mennucci,SP,-20.6872,-50.9238,7355,30834
3552403,Sumaré,SP,-22.8204,-47.2728,279545,57879
3552502,Suzano,SP,-23.5448,-46.3112,307429,48179
3552551,Suzanápolis,SP,-20.4981,-51.0268,3408,100347
3548609,São Bento do Sapucaí,SP,-22.6837,-45.7287,11674,34834
3548708,São Bernardo do Campo,SP,-23.6914,-46.5646,810729,71882
3548807,São Caetano do Sul,SP,-23.6229,-46.5548,165655,93971
3548906,São Carlos,SP,-22.0174,-47.886,254857,55489
3549003,São Francisco,SP,-20.3623,-50.6952,2602,19665
3549409,São Joaquim da Barra,SP,-20.5812,-47.8593,48558,45123
3549508,São José da Bela Vista,SP,-20.5935,-47.6424,7626,30359
3549607,São José do Barreiro,SP,-22.6414,-44.5774,3853,16441
3549706,São José do Rio Pardo,SP,-21.5953,-46.8873,52205,45497
3549805,São José do Rio Preto,SP,-20.8113,-49.3758,480393,43636
3549904,São José dos Campos,SP,-23.1896,-45.8841,697054,64857
3549102,São João da Boa Vista,SP,-21.9707,-46.7944,92547,44682
3549201,São João das Duas Pontes,SP,-20.3879,-50.3792,2580,20392
3549250,São João de Iracema,SP,-20.5111,-50.3561,1846,27886
3549300,São João do Pau d'Alho,SP,-21.2662,-51.6672,2242,26090
3549953,São Lourenço da Serra,SP,-23.8491,-46.9432,16067,17764
3550001,São Luiz do Paraitinga,SP,-23.222,-45.3109,10337,19756
3550100,São Manuel,SP,-22.7321,-48.5723,37289,35944
3550209,São Miguel Arcanjo,SP,-23.8782,-47.9935,32039,29783
3550308,São Paulo,SP,-23.5329,-46.6395,11451999,72387
3550407,São Pedro,SP,-22.5483,-47.9096,38256,23169
3550506,São Pedro do Turvo,SP,-22.7453,-49.7428,7217,32474
3550605,São Roque,SP,-23.5226,-47.1357,79484,43415
3550704,São Sebastião,SP,-23.7951,-45.4143,81595,196196
3550803,São Sebastião da Grama,SP,-21.7041,-46.8208,10441,41039
3550902,São Simão,SP,-21.4732,-47.5518,13442,37296
3551009,São Vicente,SP,-23.9574,-46.3883,329911,18554
3552601,Tabapuã,SP,-20.9602,-49.0307,11323,25359
3552700,Tabatinga,SP,-21.7239,-48.6896,14769,23050
3552809,Taboão da Serra,SP,-23.6019,-46.7526,273542,37622
3552908,Taciba,SP,-22.3866,-51.2882,6260,29778
3553005,Taguaí,SP,-23.4452,-49.4024,12669,27108
3553104,Taiaçu,SP,-21.1431,-48.5112,5677,19360
3553203,Taiúva,SP,-21.1223,-48.4528,6548,21327
3553302,Tambaú,SP,-21.7029,-47.2703,21435,32676
3553401,Tanabi,SP,-20.6228,-49.6563,25265,52387
3553609,Tapiratiba,SP,-21.4713,-46.7448,11816,25490
3553500,Tapiraí,SP,-23.9612,-47.5062,7996,23154
3553658,Taquaral,SP,-21.0737,-48.4126,2619,17893
3553708,Taquaritinga,SP,-21.4049,-48.5103,52260,31765
3553807,Taquarituba,SP,-23.5307,-49.241,24350,40581
3553856,Taquarivaí,SP,-23.9211,-48.6948,6876,53421
3553906,Tarabai,SP,-22.3016,-51.5621,6536,25757
3553955,Tarumã,SP,-22.7429,-50.5786,14882,60277
3554003,Tatuí,SP,-23.3487,-47.8461,123942,40956
3554102,Taubaté,SP,-23.0104,-45.5593,310739,52134
3554201,Tejupá,SP,-23.3425,-49.3722,4127,33466
3554300,Teodoro Sampaio,SP,-22.5299,-52.1682,22173,28279
3554409,Terra Roxa,SP,-20.787,-48.3314,7904,22132
3554508,Tietê,SP,-23.1101,-47.7164,37663,57308
3554607,Timburi,SP,-23.2057,-49.6096,2464,26908
3554656,Torre de Pedra,SP,-23.2462,-48.1955,2046,18454
3554706,Torrinha,SP,-22.4237,-48.1731,9335,30487
3554755,Trabiju,SP,-22.0388,-48.3342,1682,26706
3554805,Tremembé,SP,-22.9571,-45.5475,51173,17522
3554904,Três Fronteiras,SP,-20.2344,-50.8905,6804,17936
3554953,Tuiuti,SP,-22.8193,-46.6937,6778,26821
3555109,Tupi Paulista,SP,-21.3825,-51.575,15854,21468
3555000,Tupã,SP,-21.9335,-50.5191,63928,34622
3555208,Turiúba,SP,-20.9428,-50.1135,1818,31037
3555307,Turmalina,SP,-20.0486,-50.4792,1669,44153
3555356,Ubarana,SP,-21.165,-49.7198,5365,39634
3555406,Ubatuba,SP,-23.4332,-45.0834,92981,29102
3555505,Ubirajara,SP,-22.5272,-49.6613,5132,22305
3555604,Uchoa,SP,-20.9511,-49.1713,10394,38661
3555703,União Paulista,SP,-20.8862,-49.9025,1603,35930
3555901,Uru,SP,-21.7866,-49.2848,1387,33448
3556008,Urupês,SP,-21.2032,-49.2931,13744,35166
3555802,Urânia,SP,-20.2455,-50.6455,8833,32380
3556107,Valentim Gentil,SP,-20.4217,-50.0889,14098,31036
3556206,Valinhos,SP,-22.9698,-46.9974,126373,63061
3556305,Valparaíso,SP,-21.2229,-50.8699,24241,51000
3556354,Vargem,SP,-22.887,-46.4124,10512,14593
3556453,Vargem Grande Paulista,SP,-23.5993,-47.022,50415,57487
3556404,Vargem Grande do Sul,SP,-21.8322,-46.8913,40133,32077
3556602,Vera Cruz,SP,-22.2183,-49.8207,10176,23604
3556701,Vinhedo,SP,-23.0302,-46.9833,76540,164070
3556800,Viradouro,SP,-20.8734,-48.293,17414,25480
3556909,Vista Alegre do Alto,SP,-21.1692,-48.6284,8109,52418
3556958,Vitória Brasil,SP,-20.1956,-50.4875,1794,25183
3557006,Votorantim,SP,-23.5446,-47.4388,127923,30637
3557105,Votuporanga,SP,-20.4237,-49.9781,96634,39971
3556503,Várzea Paulista,SP,-23.2136,-46.8234,115771,34256
3557154,Zacarias,SP,-21.0506,-50.0552,2692,48361
3500402,Águas da Prata,SP,-21.9319,-46.7176,7369,28363
3500501,Águas de Lindóia,SP,-22.4733,-46.6314,17930,32661
3500550,Águas de Santa Bárbara,SP,-22.8812,-49.2421,7177,30277
3500600,Águas de São Pedro,SP,-22.5977,-47.8734,2780,53185
3501202,Álvares Florence,SP,-20.3203,-49.9141,3915,31763
3501301,Álvares Machado,SP,-22.0764,-51.4722,27255,26046
3501400,Álvaro de Carvalho,SP,-22.0841,-49.719,4808,12185
3533809,Óleo,SP,-22.9435,-49.3419,2512,51064
1700251,Abreulândia,TO,-9.62101,-49.1518,2576,43531
1700301,Aguiarnópolis,TO,-6.55409,-47.4702,4497,36798
1700350,Aliança do Tocantins,TO,-11.3056,-48.9361,5147,119792
1700400,Almas,TO,-11.5706,-47.1792,6499,42120
1700707,Alvorada,TO,-12.4785,-49.1249,8802,53864
1701002,Ananás,TO,-6.36437,-48.0735,10325,15474
1701051,Angico,TO,-6.39179,-47.8611,2876,16786
1701101,Aparecida do Rio Negro,TO,-9.94139,-47.9638,4856,52700
1701309,Aragominas,TO,-7.16005,-48.5291,5290,18609
1701903,Araguacema,TO,-8.80755,-49.5569,5927,40534
1702158,Araguanã,TO,-6.58225,-48.6395,4310,23633
1702208,Araguatins,TO,-5.64659,-48.1232,31918,16583
1702000,Araguaçu,TO,-12.9289,-49.8231,8133,42918
1702109,Araguaína,TO,-7.19238,-48.2044,171301,30584
1702307,Arapoema,TO,-7.65463,-49.0637,5550,58473
1702406,Arraias,TO,-12.9287,-46.9359,10287,21708
1702554,Augustinópolis,TO,-5.46863,-47.8863,17484,17451
1702703,Aurora do Tocantins,TO,-12.7105,-46.4076,3342,17596
1702901,Axixá do Tocantins,TO,-5.61275,-47.7701,10262,13749
1703008,Babaçulândia,TO,-7.20923,-47.7613,7880,20145
1703057,Bandeirantes do Tocantins,TO,-7.75612,-48.5836,3407,52437
1703073,Barra do Ouro,TO,-7.69593,-47.6776,4476,25304
1703107,Barrolândia,TO,-9.83404,-48.7252,4846,25179
1703206,Bernardo Sayão,TO,-7.87481,-48.8893,4229,24281
1703305,Bom Jesus do Tocantins,TO,-8.96306,-48.165,4038,34525
1703602,Brasilândia do Tocantins,TO,-8.38918,-48.4822,1974,38315
1703701,Brejinho de Nazaré,TO,-11.0058,-48.5683,4725,57766
1703800,Buriti do Tocantins,TO,-5.31448,-48.2271,10307,15683
1703826,Cachoeirinha,TO,-6.1156,-47.9234,1961,29856
1703842,Campos Lindos,TO,-7.98956,-46.8645,8653,116137
1703867,Cariri do Tocantins,TO,-11.8881,-49.1609,4007,129203
1703883,Carmolândia,TO,-7.03262,-48.3978,2201,31450
1703891,Carrasco Bonito,TO,-5.31415,-48.0314,3318,15238
1703909,Caseara,TO,-9.27612,-49.9521,4847,80358
1704105,Centenário,TO,-8.96103,-47.3304,2131,30294
1705102,Chapada da Natividade,TO,-11.6175,-47.7486,3117,47794
1704600,Chapada de Areia,TO,-10.1419,-49.1403,1501,26532
1705508,Colinas do Tocantins,TO,-8.05764,-48.4757,34233,25184
1716703,Colméia,TO,-8.72463,-48.7638,8941,20445
1705557,Combinado,TO,-12.7917,-46.5388,4756,16090
1705607,Conceição do Tocantins,TO,-12.2209,-47.2951,3887,17450
1706001,Couto Magalhães,TO,-8.28411,-49.2473,5331,38168
1706100,Cristalândia,TO,-10.5985,-49.1942,6371,27828
1706258,Crixás do Tocantins,TO,-11.0994,-48.9152,1470,53500
1706506,Darcinópolis,TO,-6.71591,-47.7597,5827,41519
1707009,Dianópolis,TO,-11.624,-46.8198,17739,36351
1707108,Divinópolis do Tocantins,TO,-9.80018,-49.2169,7024,35483
1707207,Dois Irmãos do Tocantins,TO,-9.25534,-49.0638,6327,34163
1707306,Dueré,TO,-11.3416,-49.2716,4248,48203
1707405,Esperantina,TO,-5.36593,-48.5378,7530,15767
1707652,Figueirópolis,TO,-12.1312,-49.1748,5211,49271
1707702,Filadélfia,TO,-7.33501,-47.4954,7712,16769
1708205,Formoso do Araguaia,TO,-11.7976,-49.5316,18881,74892
1708254,Fortaleza do Tabocão,TO,-9.05611,-48.5206,3455,67409
1707553,Fátima,TO,-10.7603,-48.9076,3467,25699
1708304,Goianorte,TO,-8.77413,-48.9313,4738,40840
1709005,Goiatins,TO,-7.71478,-47.3252,12433,18573
1709302,Guaraí,TO,-8.83543,-48.5114,24775,35536
1709500,Gurupi,TO,-11.7279,-49.068,85125,31112
1709807,Ipueiras,TO,-11.2329,-48.46,1590,30045
1710508,Itacajá,TO,-8.39293,-47.7726,6819,27315
1710706,Itaguatins,TO,-5.77267,-47.4864,5172,15973
1710904,Itapiratins,TO,-8.37982,-48.1072,3577,47951
1711100,Itaporã do Tocantins,TO,-8.57172,-48.6895,2404,29110
1711506,Jaú do Tocantins,TO,-12.6509,-48.589,3334,29354
1711803,Juarina,TO,-8.11951,-49.0643,2243,19793
1711902,Lagoa da Confusão,TO,-10.7906,-49.6199,15288,65309
1711951,Lagoa do Tocantins,TO,-10.368,-47.538,3516,25435
1712009,Lajeado,TO,-9.74996,-48.3565,3357,19185
1712157,Lavandeira,TO,-12.7847,-46.5099,1626,23290
1712405,Lizarda,TO,-9.59002,-46.6738,2999,22118
1712454,Luzinópolis,TO,-6.17794,-47.8582,2717,26198
1712504,Marianópolis do Tocantins,TO,-9.79377,-49.6553,4615,54676
1712702,Mateiros,TO,-10.5464,-46.4168,2748,91834
1712801,Maurilândia do Tocantins,TO,-5.95169,-47.5125,3095,18065
1713205,Miracema do Tocantins,TO,-9.56556,-48.393,18566,34580
1713304,Miranorte,TO,-9.52907,-48.5922,12701,30732
1713700,Monte Santo do Tocantins,TO,-10.0075,-48.9941,2396,31304
1713601,Monte do Carmo,TO,-10.7611,-48.1114,5694,52035
1713957,Muricilândia,TO,-7.14669,-48.6091,3367,20631
1714203,Natividade,TO,-11.7034,-47.7223,8754,28255
1714302,Nazaré,TO,-6.37496,-47.6643,4521,12860
1714880,Nova Olinda,TO,-7.63171,-48.4252,10367,30897
1715002,Nova Rosalândia,TO,-10.5651,-48.9125,3362,30016
1715101,Novo Acordo,TO,-9.97063,-47.6785,3969,21346
1715150,Novo Alegre,TO,-12.9217,-46.5713,1846,19242
1715259,Novo Jardim,TO,-11.826,-46.6325,2230,19135
1715507,Oliveira de Fátima,TO,-10.707,-48.9086,1164,25317
1721000,Palmas,TO,-10.24,-48.3558,302692,34138
1715705,Palmeirante,TO,-7.84786,-47.9242,4798,38630
1713809,Palmeiras do Tocantins,TO,-6.61658,-47.5464,4872,19572
1715754,Palmeirópolis,TO,-13.0447,-48.4026,6975,24390
1716208,Paranã,TO,-12.6167,-47.8734,10542,29918
1716109,Paraíso do Tocantins,TO,-10.175,-48.8823,52360,28909
1716307,Pau D'Arco,TO,-7.53919,-49.367,4043,22550
1716505,Pedro Afonso,TO,-8.97034,-48.1729,14055,60382
1716604,Peixe,TO,-12.0254,-48.5395,9317,78773
1716653,Pequizeiro,TO,-8.5932,-48.9327,4921,21867
1717008,Pindorama do Tocantins,TO,-11.1311,-47.5726,4478,18983
1717206,Piraquê,TO,-6.77302,-48.2958,2282,39413
1717503,Pium,TO,-10.442,-49.1876,7128,50774
1717800,Ponte Alta do Bom Jesus,TO,-12.0853,-46.4825,4220,15677
1717909,Ponte Alta do Tocantins,TO,-10.7481,-47.5276,7586,15973
1718006,Porto Alegre do Tocantins,TO,-11.618,-47.0621,2866,16414
1718204,Porto Nacional,TO,-10.7027,-48.408,64418,56652
1718303,Praia Norte,TO,-5.39281,-47.8111,9044,10298
1718402,Presidente Kennedy,TO,-8.5406,-48.5062,3047,21387
1718451,Pugmil,TO,-10.424,-48.8957,2193,37694
1718501,Recursolândia,TO,-8.7227,-47.2421,3421,26741
1718550,Riachinho,TO,-6.44005,-48.1371,3960,17307
1718758,Rio Sono,TO,-9.35002,-47.888,4841,23021
1718659,Rio da Conceição,TO,-11.3949,-46.8847,1768,16483
1718709,Rio dos Bois,TO,-9.34425,-48.5245,2738,31383
1718808,Sampaio,TO,-5.35423,-47.8782,4215,34606
1718840,Sandolândia,TO,-12.538,-49.9242,3723,31355
1718865,Santa Fé do Araguaia,TO,-7.15803,-48.7165,7216,24380
1718881,Santa Maria do Tocantins,TO,-8.8046,-47.7887,2680,52101
1718899,Santa Rita do Tocantins,TO,-10.8617,-48.9161,2219,81241
1718907,Santa Rosa do Tocantins,TO,-11.4474,-48.1216,4653,66126
1719004,Santa Tereza do Tocantins,TO,-10.2746,-47.8033,2781,17295
1720002,Santa Terezinha do Tocantins,TO,-6.44438,-47.6684,2406,17428
1720655,Silvanópolis,TO,-11.1471,-48.1694,5108,47050
1720853,Sucupira,TO,-11.993,-48.9685,1577,337587
1720101,São Bento do Tocantins,TO,-6.0258,-47.9012,5654,13016
1720150,São Félix do Tocantins,TO,-10.1615,-46.6618,1783,20494
1720200,São Miguel do Tocantins,TO,-5.56305,-47.5743,13241,19320
1720259,São Salvador do Tocantins,TO,-12.7458,-48.2352,2385,20741
1720309,São Sebastião do Tocantins,TO,-5.26131,-48.2021,4100,15074
1720499,São Valério,TO,-11.9743,-48.2353,4422,35444
1720804,Sítio Novo do Tocantins,TO,-5.6012,-47.6381,10830,12268
1720903,Taguatinga,TO,-12.4026,-46.437,14011,22715
1720937,Taipas do Tocantins,TO,-12.1873,-46.9797,2021,17440
1720978,Talismã,TO,-12.7949,-49.0896,2456,59735
1721208,Tocantinópolis,TO,-6.32447,-47.4224,22615,16478
1721109,Tocantínia,TO,-9.5632,-48.3741,7459,25657
1721257,Tupirama,TO,-8.97168,-48.1883,1909,62252
1721307,Tupiratins,TO,-8.39388,-48.1277,1874,20608
1722081,Wanderlândia,TO,-6.85274,-47.9601,10522,17432
1722107,Xambioá,TO,-6.4141,-48.532,10517,44787
